-- phpMyAdmin SQL Dump
-- version 5.2.0
-- https://www.phpmyadmin.net/
--
-- 主機： 127.0.0.1
-- 產生時間： 2023-03-14 22:51:39
-- 伺服器版本： 10.4.27-MariaDB
-- PHP 版本： 8.1.12

SET SQL_MODE = "NO_AUTO_VALUE_ON_ZERO";
START TRANSACTION;
SET time_zone = "+00:00";


/*!40101 SET @OLD_CHARACTER_SET_CLIENT=@@CHARACTER_SET_CLIENT */;
/*!40101 SET @OLD_CHARACTER_SET_RESULTS=@@CHARACTER_SET_RESULTS */;
/*!40101 SET @OLD_COLLATION_CONNECTION=@@COLLATION_CONNECTION */;
/*!40101 SET NAMES utf8mb4 */;

--
-- 資料庫： `jim_team`
--

-- --------------------------------------------------------

--
-- 資料表結構 `admin`
--

CREATE TABLE `admin` (
  `sid` int(11) NOT NULL,
  `account` varchar(255) NOT NULL,
  `password` varchar(255) NOT NULL,
  `name` varchar(255) NOT NULL
) ENGINE=InnoDB DEFAULT CHARSET=utf8 COLLATE=utf8_general_ci;

--
-- 傾印資料表的資料 `admin`
--

INSERT INTO `admin` (`sid`, `account`, `password`, `name`) VALUES
(1, 'admin', '12345', 'JIM x GOD');

-- --------------------------------------------------------

--
-- 資料表結構 `collect`
--

CREATE TABLE `collect` (
  `collectSid` int(11) NOT NULL COMMENT '收藏編號',
  `membersid` int(11) NOT NULL COMMENT '會員編號',
  `gamesSid` int(11) NOT NULL COMMENT '遊戲編號',
  `storeSid` int(11) NOT NULL COMMENT '廠商編號',
  `reated_at` datetime NOT NULL DEFAULT current_timestamp() COMMENT '新增時間',
  `updated_at` datetime NOT NULL COMMENT '更新時間'
) ENGINE=InnoDB DEFAULT CHARSET=utf8mb4 COLLATE=utf8mb4_general_ci;

--
-- 傾印資料表的資料 `collect`
--

INSERT INTO `collect` (`collectSid`, `membersid`, `gamesSid`, `storeSid`, `reated_at`, `updated_at`) VALUES
(1, 10, 6, 4, '2023-03-02 16:25:11', '2023-03-02 16:22:54'),
(2, 16, 5, 1, '2023-03-03 10:19:41', '2023-03-03 10:19:02');

-- --------------------------------------------------------

--
-- 資料表結構 `comment`
--

CREATE TABLE `comment` (
  `sid` int(11) NOT NULL,
  `user_id` int(11) NOT NULL,
  `games_id` int(11) NOT NULL,
  `rate` int(11) NOT NULL,
  `comment` varchar(255) NOT NULL,
  `pics` varchar(255) DEFAULT NULL,
  `create_at` datetime NOT NULL DEFAULT current_timestamp()
) ENGINE=InnoDB DEFAULT CHARSET=utf8mb4 COLLATE=utf8mb4_general_ci;

--
-- 傾印資料表的資料 `comment`
--

INSERT INTO `comment` (`sid`, `user_id`, `games_id`, `rate`, `comment`, `pics`, `create_at`) VALUES
(1, 1, 1, 4, '這個好刺激', 'null', '2023-03-01 15:07:00'),
(2, 2, 2, 4, '工作室有水準', 'null', '2023-03-01 15:07:00'),
(3, 3, 3, 4, '我真的覺得還好', 'null', '2023-03-01 15:07:00'),
(4, 4, 4, 4, '不是吧，這也過不了', 'null', '2023-03-01 15:07:00'),
(5, 5, 5, 4, '故事有創意', 'null', '2023-03-01 15:07:00'),
(6, 6, 6, 4, '道具很用心', 'null', '2023-03-01 15:07:00'),
(7, 7, 7, 4, 'NPC嚇到我了', 'null', '2023-03-01 15:07:00'),
(8, 8, 8, 4, '我就是菜，你管我', 'null', '2023-03-01 15:07:00'),
(9, 9, 9, 4, '呵呵呵呵呵', 'null', '2023-03-01 15:07:00'),
(10, 10, 10, 4, '工作人員態度好差', 'null', '2023-03-01 15:07:00'),
(11, 11, 11, 4, '這個好刺激', 'null', '2023-03-01 15:07:00'),
(12, 12, 12, 4, '工作室有水準', 'null', '2023-03-01 15:07:00'),
(13, 13, 13, 4, '我真的覺得還好', 'null', '2023-03-01 15:07:00'),
(14, 14, 14, 4, '不是吧，這也過不了', 'null', '2023-03-01 15:07:00'),
(15, 15, 15, 4, '故事有創意', 'null', '2023-03-01 15:07:00'),
(16, 16, 16, 4, '道具很用心', 'null', '2023-03-01 15:07:00'),
(17, 17, 17, 4, 'NPC嚇到我了', 'null', '2023-03-01 15:07:00'),
(18, 18, 18, 4, '我就是菜，你管我', 'null', '2023-03-01 15:07:00'),
(19, 19, 19, 4, '呵呵呵呵呵', 'null', '2023-03-01 15:07:00'),
(20, 20, 20, 4, '工作人員態度好差', 'null', '2023-03-01 15:07:00'),
(21, 21, 21, 4, '這個好刺激', 'null', '2023-03-01 15:07:00'),
(22, 22, 22, 4, '工作室有水準', 'null', '2023-03-01 15:07:00'),
(23, 23, 23, 4, '我真的覺得還好', 'null', '2023-03-01 15:07:00'),
(24, 24, 24, 4, '不是吧，這也過不了', 'null', '2023-03-01 15:07:00'),
(25, 25, 25, 4, '故事有創意', 'null', '2023-03-01 15:07:00'),
(26, 26, 26, 4, '道具很用心', 'null', '2023-03-01 15:07:00'),
(27, 27, 27, 4, 'NPC嚇到我了', 'null', '2023-03-01 15:07:00'),
(28, 28, 28, 4, '我就是菜，你管我', 'null', '2023-03-01 15:07:00'),
(29, 29, 29, 4, '呵呵呵呵呵', 'null', '2023-03-01 15:07:00'),
(30, 30, 30, 4, '工作人員態度好差', 'null', '2023-03-01 15:07:00'),
(31, 31, 31, 4, '這個好刺激', 'null', '2023-03-01 15:07:00'),
(32, 32, 32, 4, '工作室有水準', 'null', '2023-03-01 15:07:00'),
(33, 33, 33, 4, '我真的覺得還好', 'null', '2023-03-01 15:07:00'),
(34, 34, 34, 4, '不是吧，這也過不了', 'null', '2023-03-01 15:07:00'),
(35, 35, 35, 4, '故事有創意', 'null', '2023-03-01 15:07:00'),
(36, 36, 36, 4, '道具很用心', 'null', '2023-03-01 15:07:00'),
(37, 37, 37, 4, 'NPC嚇到我了', 'null', '2023-03-01 15:07:00'),
(38, 38, 38, 4, '我就是菜，你管我', 'null', '2023-03-01 15:07:00'),
(39, 39, 39, 4, '呵呵呵呵呵', 'null', '2023-03-01 15:07:00'),
(40, 40, 40, 4, '工作人員態度好差', 'null', '2023-03-01 15:07:00'),
(41, 41, 41, 4, '這個好刺激', 'null', '2023-03-01 15:07:00'),
(42, 42, 42, 4, '工作室有水準', 'null', '2023-03-01 15:07:00'),
(43, 43, 43, 4, '我真的覺得還好', 'null', '2023-03-01 15:07:00'),
(44, 44, 44, 4, '不是吧，這也過不了', 'null', '2023-03-01 15:07:00'),
(45, 45, 45, 4, '故事有創意', 'null', '2023-03-01 15:07:00'),
(46, 46, 46, 4, '道具很用心', 'null', '2023-03-01 15:07:00'),
(47, 47, 47, 4, 'NPC嚇到我了', 'null', '2023-03-01 15:07:00'),
(48, 48, 48, 4, '我就是菜，你管我', 'null', '2023-03-01 15:07:00'),
(49, 49, 49, 4, '呵呵呵呵呵', 'null', '2023-03-01 15:07:00'),
(50, 50, 50, 4, '工作人員態度好差', 'null', '2023-03-01 15:07:00'),
(51, 51, 51, 4, '這個好刺激', 'null', '2023-03-01 15:07:00'),
(52, 52, 52, 4, '工作室有水準', 'null', '2023-03-01 15:07:00'),
(53, 53, 53, 4, '我真的覺得還好', 'null', '2023-03-01 15:07:00'),
(54, 54, 54, 4, '不是吧，這也過不了', 'null', '2023-03-01 15:07:00'),
(55, 55, 55, 4, '故事有創意', 'null', '2023-03-01 15:07:00'),
(56, 56, 56, 4, '道具很用心', 'null', '2023-03-01 15:07:00'),
(57, 57, 57, 4, 'NPC嚇到我了', 'null', '2023-03-01 15:07:00'),
(58, 58, 58, 4, '我就是菜，你管我', 'null', '2023-03-01 15:07:00'),
(59, 59, 59, 4, '呵呵呵呵呵', 'null', '2023-03-01 15:07:00'),
(60, 60, 60, 4, '工作人員態度好差', 'null', '2023-03-01 15:07:00'),
(61, 61, 61, 4, '這個好刺激', 'null', '2023-03-01 15:07:00'),
(62, 62, 62, 4, '工作室有水準', 'null', '2023-03-01 15:07:00'),
(63, 63, 63, 4, '我真的覺得還好', 'null', '2023-03-01 15:07:00'),
(64, 64, 64, 4, '不是吧，這也過不了', 'null', '2023-03-01 15:07:00'),
(65, 65, 65, 4, '故事有創意', 'null', '2023-03-01 15:07:00'),
(66, 66, 66, 4, '道具很用心', 'null', '2023-03-01 15:07:00'),
(67, 67, 67, 4, 'NPC嚇到我了', 'null', '2023-03-01 15:07:00'),
(68, 68, 68, 4, '我就是菜，你管我', 'null', '2023-03-01 15:07:00'),
(69, 69, 69, 4, '呵呵呵呵呵', 'null', '2023-03-01 15:07:00'),
(70, 70, 70, 4, '工作人員態度好差', 'null', '2023-03-01 15:07:00'),
(71, 71, 71, 4, '這個好刺激', 'null', '2023-03-01 15:07:00'),
(72, 72, 72, 4, '工作室有水準', 'null', '2023-03-01 15:07:00'),
(73, 73, 73, 4, '我真的覺得還好', 'null', '2023-03-01 15:07:00'),
(74, 74, 74, 4, '不是吧，這也過不了', 'null', '2023-03-01 15:07:00'),
(75, 75, 75, 4, '故事有創意', 'null', '2023-03-01 15:07:00'),
(76, 76, 76, 4, '道具很用心', 'null', '2023-03-01 15:07:00'),
(77, 77, 77, 4, 'NPC嚇到我了', 'null', '2023-03-01 15:07:00'),
(78, 78, 78, 4, '我就是菜，你管我', 'null', '2023-03-01 15:07:00'),
(79, 79, 79, 4, '呵呵呵呵呵', 'null', '2023-03-01 15:07:00'),
(80, 80, 80, 4, '工作人員態度好差', 'null', '2023-03-01 15:07:00'),
(81, 81, 81, 4, '這個好刺激', 'null', '2023-03-01 15:07:00'),
(82, 82, 82, 4, '工作室有水準', 'null', '2023-03-01 15:07:00'),
(83, 83, 83, 4, '我真的覺得還好', 'null', '2023-03-01 15:07:00'),
(84, 84, 84, 4, '不是吧，這也過不了', 'null', '2023-03-01 15:07:00'),
(85, 85, 85, 4, '故事有創意', 'null', '2023-03-01 15:07:00'),
(86, 86, 86, 4, '道具很用心', 'null', '2023-03-01 15:07:00'),
(87, 87, 87, 4, 'NPC嚇到我了', 'null', '2023-03-01 15:07:00'),
(88, 88, 88, 4, '我就是菜，你管我', 'null', '2023-03-01 15:07:00'),
(89, 89, 89, 4, '呵呵呵呵呵', 'null', '2023-03-01 15:07:00'),
(90, 90, 90, 4, '工作人員態度好差', 'null', '2023-03-01 15:07:00'),
(91, 91, 91, 4, '這個好刺激', 'null', '2023-03-01 15:07:00'),
(92, 92, 92, 4, '工作室有水準', 'null', '2023-03-01 15:07:00'),
(93, 93, 93, 4, '我真的覺得還好', 'null', '2023-03-01 15:07:00'),
(94, 94, 94, 4, '不是吧，這也過不了', 'null', '2023-03-01 15:07:00'),
(95, 95, 95, 4, '故事有創意', 'null', '2023-03-01 15:07:00'),
(96, 96, 96, 4, '道具很用心', 'null', '2023-03-01 15:07:00'),
(97, 97, 97, 4, 'NPC嚇到我了', 'null', '2023-03-01 15:07:00'),
(98, 98, 98, 4, '我就是菜，你管我', 'null', '2023-03-01 15:07:00'),
(99, 99, 99, 4, '呵呵呵呵呵', 'null', '2023-03-01 15:07:00'),
(100, 100, 100, 4, '工作人員態度好差', 'null', '2023-03-01 15:07:00'),
(101, 101, 101, 4, '這個好刺激', 'null', '2023-03-01 15:07:00'),
(102, 102, 102, 4, '工作室有水準', 'null', '2023-03-01 15:07:00'),
(103, 103, 103, 4, '我真的覺得還好', 'null', '2023-03-01 15:07:00'),
(104, 104, 104, 4, '不是吧，這也過不了', 'null', '2023-03-01 15:07:00'),
(105, 105, 105, 4, '故事有創意', 'null', '2023-03-01 15:07:00'),
(106, 106, 106, 4, '道具很用心', 'null', '2023-03-01 15:07:00'),
(107, 107, 107, 4, 'NPC嚇到我了', 'null', '2023-03-01 15:07:00'),
(108, 108, 108, 4, '我就是菜，你管我', 'null', '2023-03-01 15:07:00'),
(109, 109, 109, 4, '呵呵呵呵呵', 'null', '2023-03-01 15:07:00'),
(110, 110, 110, 4, '工作人員態度好差', 'null', '2023-03-01 15:07:00'),
(111, 111, 111, 4, '這個好刺激', 'null', '2023-03-01 15:07:00'),
(112, 112, 112, 4, '工作室有水準', 'null', '2023-03-01 15:07:00'),
(113, 113, 113, 4, '我真的覺得還好', 'null', '2023-03-01 15:07:00'),
(114, 114, 114, 4, '不是吧，這也過不了', 'null', '2023-03-01 15:07:00'),
(115, 115, 115, 4, '故事有創意', 'null', '2023-03-01 15:07:00'),
(116, 116, 116, 4, '道具很用心', 'null', '2023-03-01 15:07:00'),
(117, 117, 117, 4, 'NPC嚇到我了', 'null', '2023-03-01 15:07:00'),
(118, 118, 118, 4, '我就是菜，你管我', 'null', '2023-03-01 15:07:00'),
(119, 119, 119, 4, '呵呵呵呵呵', 'null', '2023-03-01 15:07:00'),
(120, 120, 120, 4, '工作人員態度好差', 'null', '2023-03-01 15:07:00'),
(121, 121, 121, 4, '道具很用心', 'null', '2023-03-01 15:07:00'),
(122, 122, 122, 4, '工作人員態度好差', 'null', '2023-03-01 15:07:00');

-- --------------------------------------------------------

--
-- 資料表結構 `comment_liked`
--

CREATE TABLE `comment_liked` (
  `sid` int(255) NOT NULL,
  `user_id` varchar(255) NOT NULL,
  `comment_id` varchar(255) NOT NULL,
  `liked` int(255) NOT NULL,
  `disliked` int(255) NOT NULL,
  `create_at` datetime NOT NULL DEFAULT current_timestamp()
) ENGINE=InnoDB DEFAULT CHARSET=utf8mb4 COLLATE=utf8mb4_general_ci;

--
-- 傾印資料表的資料 `comment_liked`
--

INSERT INTO `comment_liked` (`sid`, `user_id`, `comment_id`, `liked`, `disliked`, `create_at`) VALUES
(2, '2', '2', 1, 0, '2023-03-01 15:07:00'),
(3, '3', '3', 0, 1, '2023-03-01 15:07:00'),
(4, '4', '4', 1, 0, '2023-03-01 15:07:00'),
(5, '5', '5', 1, 0, '2023-03-01 15:07:00'),
(6, '6', '6', 1, 0, '2023-03-01 15:07:00'),
(7, '7', '7', 1, 0, '2023-03-01 15:07:00'),
(8, '8', '8', 1, 0, '2023-03-01 15:07:00'),
(9, '9', '9', 1, 0, '2023-03-01 15:07:00'),
(10, '10', '10', 1, 0, '2023-03-01 15:07:00'),
(11, '11', '11', 1, 0, '2023-03-01 15:07:00'),
(12, '12', '12', 1, 0, '2023-03-01 15:07:00'),
(13, '13', '13', 1, 0, '2023-03-01 15:07:00'),
(14, '14', '14', 0, 1, '2023-03-01 15:07:00'),
(15, '15', '15', 1, 0, '2023-03-01 15:07:00'),
(16, '16', '16', 1, 0, '2023-03-01 15:07:00'),
(17, '17', '17', 1, 0, '2023-03-01 15:07:00'),
(18, '18', '18', 1, 0, '2023-03-01 15:07:00'),
(19, '19', '19', 1, 0, '2023-03-01 15:07:00'),
(20, '20', '20', 1, 0, '2023-03-01 15:07:00'),
(21, '21', '21', 1, 0, '2023-03-01 15:07:00'),
(22, '22', '22', 1, 0, '2023-03-01 15:07:00'),
(23, '23', '23', 1, 0, '2023-03-01 15:07:00'),
(24, '24', '24', 1, 0, '2023-03-01 15:07:00'),
(25, '25', '25', 1, 0, '2023-03-01 15:07:00'),
(26, '26', '26', 1, 0, '2023-03-01 15:07:00'),
(27, '27', '27', 1, 0, '2023-03-01 15:07:00'),
(28, '28', '28', 1, 0, '2023-03-01 15:07:00'),
(29, '29', '29', 1, 0, '2023-03-01 15:07:00'),
(30, '30', '30', 1, 0, '2023-03-01 15:07:00'),
(31, '31', '31', 1, 0, '2023-03-01 15:07:00'),
(32, '32', '32', 1, 0, '2023-03-01 15:07:00'),
(33, '33', '33', 1, 0, '2023-03-01 15:07:00'),
(34, '34', '34', 1, 0, '2023-03-01 15:07:00'),
(35, '35', '35', 1, 0, '2023-03-01 15:07:00'),
(36, '36', '36', 1, 0, '2023-03-01 15:07:00'),
(37, '37', '37', 1, 0, '2023-03-01 15:07:00'),
(38, '38', '38', 1, 0, '2023-03-01 15:07:00'),
(39, '39', '39', 1, 0, '2023-03-01 15:07:00'),
(40, '40', '40', 1, 0, '2023-03-01 15:07:00'),
(41, '41', '41', 1, 0, '2023-03-01 15:07:00'),
(42, '42', '42', 0, 1, '2023-03-01 15:07:00'),
(43, '43', '43', 1, 0, '2023-03-01 15:07:00'),
(44, '44', '44', 1, 0, '2023-03-01 15:07:00'),
(45, '45', '45', 1, 0, '2023-03-01 15:07:00'),
(46, '46', '46', 1, 0, '2023-03-01 15:07:00'),
(47, '47', '47', 1, 0, '2023-03-01 15:07:00'),
(48, '48', '48', 1, 0, '2023-03-01 15:07:00'),
(49, '49', '49', 1, 0, '2023-03-01 15:07:00'),
(50, '50', '50', 1, 0, '2023-03-01 15:07:00'),
(51, '51', '51', 1, 0, '2023-03-01 15:07:00'),
(52, '52', '52', 1, 0, '2023-03-01 15:07:00'),
(53, '53', '53', 1, 0, '2023-03-01 15:07:00'),
(54, '54', '54', 1, 0, '2023-03-01 15:07:00'),
(55, '55', '55', 1, 0, '2023-03-01 15:07:00'),
(56, '56', '56', 1, 0, '2023-03-01 15:07:00'),
(57, '57', '57', 1, 0, '2023-03-01 15:07:00'),
(58, '58', '58', 1, 0, '2023-03-01 15:07:00'),
(59, '59', '59', 1, 0, '2023-03-01 15:07:00'),
(60, '60', '60', 1, 0, '2023-03-01 15:07:00'),
(61, '61', '61', 1, 0, '2023-03-01 15:07:00'),
(62, '62', '62', 1, 0, '2023-03-01 15:07:00'),
(63, '63', '63', 1, 0, '2023-03-01 15:07:00'),
(64, '64', '64', 1, 0, '2023-03-01 15:07:00'),
(65, '65', '65', 1, 0, '2023-03-01 15:07:00'),
(66, '66', '66', 1, 0, '2023-03-01 15:07:00'),
(67, '67', '67', 1, 0, '2023-03-01 15:07:00'),
(68, '68', '68', 1, 0, '2023-03-01 15:07:00'),
(69, '69', '69', 1, 0, '2023-03-01 15:07:00'),
(70, '70', '70', 1, 0, '2023-03-01 15:07:00'),
(71, '71', '71', 1, 0, '2023-03-01 15:07:00'),
(72, '72', '72', 1, 0, '2023-03-01 15:07:00'),
(73, '73', '73', 1, 0, '2023-03-01 15:07:00'),
(74, '74', '74', 1, 0, '2023-03-01 15:07:00'),
(75, '75', '75', 1, 0, '2023-03-01 15:07:00'),
(76, '76', '76', 0, 1, '2023-03-01 15:07:00'),
(77, '77', '77', 1, 0, '2023-03-01 15:07:00'),
(78, '78', '78', 1, 0, '2023-03-01 15:07:00'),
(79, '79', '79', 1, 0, '2023-03-01 15:07:00'),
(80, '80', '80', 1, 0, '2023-03-01 15:07:00'),
(81, '81', '81', 1, 0, '2023-03-01 15:07:00'),
(82, '82', '82', 1, 0, '2023-03-01 15:07:00'),
(83, '83', '83', 1, 0, '2023-03-01 15:07:00'),
(84, '84', '84', 1, 0, '2023-03-01 15:07:00'),
(85, '85', '85', 1, 0, '2023-03-01 15:07:00'),
(86, '86', '86', 1, 0, '2023-03-01 15:07:00'),
(87, '87', '87', 1, 0, '2023-03-01 15:07:00'),
(88, '88', '88', 1, 0, '2023-03-01 15:07:00'),
(89, '89', '89', 1, 0, '2023-03-01 15:07:00'),
(90, '90', '90', 1, 0, '2023-03-01 15:07:00'),
(91, '91', '91', 1, 0, '2023-03-01 15:07:00'),
(92, '92', '92', 1, 0, '2023-03-01 15:07:00'),
(93, '93', '93', 1, 0, '2023-03-01 15:07:00'),
(94, '94', '94', 1, 0, '2023-03-01 15:07:00'),
(95, '95', '95', 1, 0, '2023-03-01 15:07:00'),
(96, '96', '96', 1, 0, '2023-03-01 15:07:00'),
(97, '97', '97', 1, 0, '2023-03-01 15:07:00'),
(98, '98', '98', 1, 0, '2023-03-01 15:07:00'),
(99, '99', '99', 1, 0, '2023-03-01 15:07:00'),
(100, '100', '100', 1, 0, '2023-03-01 15:07:00'),
(101, '101', '101', 1, 0, '2023-03-01 15:07:00'),
(102, '102', '102', 1, 0, '2023-03-01 15:07:00'),
(103, '103', '103', 1, 0, '2023-03-01 15:07:00'),
(104, '104', '104', 1, 0, '2023-03-01 15:07:00'),
(105, '105', '105', 1, 0, '2023-03-01 15:07:00'),
(106, '106', '106', 1, 0, '2023-03-01 15:07:00'),
(107, '107', '107', 1, 0, '2023-03-01 15:07:00'),
(108, '108', '108', 0, 1, '2023-03-01 15:07:00'),
(109, '109', '109', 1, 0, '2023-03-01 15:07:00'),
(110, '110', '110', 1, 0, '2023-03-01 15:07:00'),
(111, '111', '111', 1, 0, '2023-03-01 15:07:00'),
(112, '112', '112', 1, 0, '2023-03-01 15:07:00'),
(113, '113', '113', 1, 0, '2023-03-01 15:07:00'),
(114, '114', '114', 1, 0, '2023-03-01 15:07:00'),
(115, '115', '115', 1, 0, '2023-03-01 15:07:00'),
(116, '116', '116', 1, 0, '2023-03-01 15:07:00'),
(117, '117', '117', 1, 0, '2023-03-01 15:07:00'),
(118, '118', '118', 1, 0, '2023-03-01 15:07:00'),
(119, '119', '119', 1, 0, '2023-03-01 15:07:00'),
(120, '120', '120', 1, 0, '2023-03-01 15:07:00'),
(121, '121', '121', 1, 0, '2023-03-01 15:07:00'),
(122, '122', '122', 1, 0, '2023-03-01 15:07:00');

-- --------------------------------------------------------

--
-- 資料表結構 `comment_ordered`
--

CREATE TABLE `comment_ordered` (
  `sid` int(11) NOT NULL,
  `user_id` int(11) NOT NULL,
  `game_id` int(11) NOT NULL,
  `order_id` int(11) DEFAULT NULL,
  `rate` int(11) NOT NULL,
  `comment` varchar(255) NOT NULL,
  `pics` varchar(255) DEFAULT NULL,
  `create_at` datetime NOT NULL
) ENGINE=InnoDB DEFAULT CHARSET=utf8mb4 COLLATE=utf8mb4_general_ci;

--
-- 傾印資料表的資料 `comment_ordered`
--

INSERT INTO `comment_ordered` (`sid`, `user_id`, `game_id`, `order_id`, `rate`, `comment`, `pics`, `create_at`) VALUES
(1, 1, 1, 0, 4, '超好笑的', 'null', '2023-03-01 15:07:00'),
(2, 2, 2, 1677779977, 5, '超好笑的', 'null', '2023-03-01 15:07:00'),
(3, 3, 3, 0, 4, '超好笑的', 'null', '2023-03-01 15:07:00'),
(4, 4, 4, 0, 4, '超好笑的', 'null', '2023-03-01 15:07:00'),
(5, 5, 5, 0, 4, '超好笑的', 'null', '2023-03-01 15:07:00'),
(6, 6, 6, 0, 4, '超好笑的', 'null', '2023-03-01 15:07:00'),
(7, 7, 7, 0, 4, '超好笑的', 'null', '2023-03-01 15:07:00'),
(8, 8, 8, 0, 4, '超好笑的', 'null', '2023-03-01 15:07:00'),
(9, 9, 9, 0, 4, '超好笑的', 'null', '2023-03-01 15:07:00'),
(10, 10, 10, 0, 4, '超好笑的', 'null', '2023-03-01 15:07:00'),
(11, 11, 11, 0, 4, '超好笑的', 'null', '2023-03-01 15:07:00'),
(12, 12, 12, 0, 4, '超好笑的', 'null', '2023-03-01 15:07:00'),
(13, 13, 13, 0, 4, '超好笑的', 'null', '2023-03-01 15:07:00'),
(14, 14, 14, 0, 4, '超好笑的', 'null', '2023-03-01 15:07:00'),
(15, 15, 15, 0, 4, '超好笑的', 'null', '2023-03-01 15:07:00'),
(16, 16, 16, 0, 4, '超好笑的', 'null', '2023-03-01 15:07:00'),
(17, 17, 17, 0, 4, '超好笑的', 'null', '2023-03-01 15:07:00'),
(18, 18, 18, 0, 4, '超好笑的', 'null', '2023-03-01 15:07:00'),
(19, 19, 19, 0, 4, '超好笑的', 'null', '2023-03-01 15:07:00'),
(20, 20, 20, 0, 4, '超好笑的', 'null', '2023-03-01 15:07:00'),
(21, 21, 21, 0, 4, '超好笑的', 'null', '2023-03-01 15:07:00'),
(22, 22, 22, 0, 4, '超好笑的', 'null', '2023-03-01 15:07:00'),
(23, 23, 23, 0, 4, '超好笑的', 'null', '2023-03-01 15:07:00'),
(24, 24, 24, 0, 4, '超好笑的', 'null', '2023-03-01 15:07:00'),
(25, 25, 25, 0, 4, '超好笑的', 'null', '2023-03-01 15:07:00'),
(26, 26, 26, 0, 4, '超好笑的', 'null', '2023-03-01 15:07:00'),
(27, 27, 27, 0, 4, '超好笑的', 'null', '2023-03-01 15:07:00'),
(28, 28, 28, 0, 4, '超好笑的', 'null', '2023-03-01 15:07:00'),
(29, 29, 29, 0, 4, '超好笑的', 'null', '2023-03-01 15:07:00'),
(30, 30, 30, 0, 4, '超好笑的', 'null', '2023-03-01 15:07:00'),
(31, 31, 31, 0, 4, '超好笑的', 'null', '2023-03-01 15:07:00'),
(32, 32, 32, 0, 4, '超好笑的', 'null', '2023-03-01 15:07:00'),
(33, 33, 33, 0, 4, '超好笑的', 'null', '2023-03-01 15:07:00'),
(34, 34, 34, 0, 4, '超好笑的', 'null', '2023-03-01 15:07:00'),
(35, 35, 35, 0, 4, '超好笑的', 'null', '2023-03-01 15:07:00'),
(36, 36, 36, 0, 4, '超好笑的', 'null', '2023-03-01 15:07:00'),
(37, 37, 37, 0, 4, '超好笑的', 'null', '2023-03-01 15:07:00'),
(38, 38, 38, 0, 4, '超好笑的', 'null', '2023-03-01 15:07:00'),
(39, 39, 39, 0, 4, '超好笑的', 'null', '2023-03-01 15:07:00'),
(40, 40, 40, 0, 4, '超好笑的', 'null', '2023-03-01 15:07:00'),
(41, 41, 41, 0, 4, '超好笑的', 'null', '2023-03-01 15:07:00'),
(42, 42, 42, 0, 4, '超好笑的', 'null', '2023-03-01 15:07:00'),
(43, 43, 43, 0, 4, '超好笑的', 'null', '2023-03-01 15:07:00'),
(44, 44, 44, 0, 4, '超好笑的', 'null', '2023-03-01 15:07:00'),
(45, 45, 45, 0, 4, '超好笑的', 'null', '2023-03-01 15:07:00'),
(46, 46, 46, 0, 4, '超好笑的', 'null', '2023-03-01 15:07:00'),
(47, 47, 47, 0, 4, '超好笑的', 'null', '2023-03-01 15:07:00'),
(48, 48, 48, 0, 4, '超好笑的', 'null', '2023-03-01 15:07:00'),
(49, 49, 49, 0, 4, '超好笑的', 'null', '2023-03-01 15:07:00'),
(50, 50, 50, 0, 4, '超好笑的', 'null', '2023-03-01 15:07:00'),
(51, 51, 51, 0, 4, '超好笑的', 'null', '2023-03-01 15:07:00'),
(52, 52, 52, 0, 4, '超好笑的', 'null', '2023-03-01 15:07:00'),
(53, 53, 53, 0, 4, '超好笑的', 'null', '2023-03-01 15:07:00'),
(54, 54, 54, 0, 4, '超好笑的', 'null', '2023-03-01 15:07:00'),
(55, 55, 55, 0, 4, '超好笑的', 'null', '2023-03-01 15:07:00'),
(56, 56, 56, 0, 4, '超好笑的', 'null', '2023-03-01 15:07:00'),
(57, 57, 57, 0, 4, '超好笑的', 'null', '2023-03-01 15:07:00'),
(58, 58, 58, 0, 4, '超好笑的', 'null', '2023-03-01 15:07:00'),
(59, 59, 59, 0, 4, '超好笑的', 'null', '2023-03-01 15:07:00'),
(60, 60, 60, 0, 4, '超好笑的', 'null', '2023-03-01 15:07:00'),
(61, 61, 61, 0, 4, '超好笑的', 'null', '2023-03-01 15:07:00'),
(62, 62, 62, 0, 4, '超好笑的', 'null', '2023-03-01 15:07:00'),
(63, 63, 63, 0, 4, '超好笑的', 'null', '2023-03-01 15:07:00'),
(64, 64, 64, 0, 4, '超好笑的', 'null', '2023-03-01 15:07:00'),
(65, 65, 65, 0, 4, '超好笑的', 'null', '2023-03-01 15:07:00'),
(66, 66, 66, 0, 4, '超好笑的', 'null', '2023-03-01 15:07:00'),
(67, 67, 67, 0, 4, '超好笑的', 'null', '2023-03-01 15:07:00'),
(68, 68, 68, 0, 4, '超好笑的', 'null', '2023-03-01 15:07:00'),
(69, 69, 69, 0, 4, '超好笑的', 'null', '2023-03-01 15:07:00'),
(70, 70, 70, 0, 4, '超好笑的', 'null', '2023-03-01 15:07:00'),
(71, 71, 71, 0, 4, '超好笑的', 'null', '2023-03-01 15:07:00'),
(72, 72, 72, 0, 4, '超好笑的', 'null', '2023-03-01 15:07:00'),
(73, 73, 73, 0, 4, '超好笑的', 'null', '2023-03-01 15:07:00'),
(74, 74, 74, 0, 4, '超好笑的', 'null', '2023-03-01 15:07:00'),
(75, 75, 75, 0, 4, '超好笑的', 'null', '2023-03-01 15:07:00'),
(76, 76, 76, 0, 4, '超好笑的', 'null', '2023-03-01 15:07:00'),
(77, 77, 77, 0, 4, '超好笑的', 'null', '2023-03-01 15:07:00'),
(78, 78, 78, 0, 4, '超好笑的', 'null', '2023-03-01 15:07:00'),
(79, 79, 79, 0, 4, '超好笑的', 'null', '2023-03-01 15:07:00'),
(80, 80, 80, 0, 4, '超好笑的', 'null', '2023-03-01 15:07:00'),
(81, 81, 81, 0, 4, '超好笑的', 'null', '2023-03-01 15:07:00'),
(82, 82, 82, 0, 4, '超好笑的', 'null', '2023-03-01 15:07:00'),
(83, 83, 83, 0, 4, '超好笑的', 'null', '2023-03-01 15:07:00'),
(84, 84, 84, 0, 4, '超好笑的', 'null', '2023-03-01 15:07:00'),
(85, 85, 85, 0, 4, '超好笑的', 'null', '2023-03-01 15:07:00'),
(86, 86, 86, 0, 4, '超好笑的', 'null', '2023-03-01 15:07:00'),
(87, 87, 87, 0, 4, '超好笑的', 'null', '2023-03-01 15:07:00'),
(88, 88, 88, 0, 4, '超好笑的', 'null', '2023-03-01 15:07:00'),
(89, 89, 89, 0, 4, '超好笑的', 'null', '2023-03-01 15:07:00'),
(90, 90, 90, 0, 4, '超好笑的', 'null', '2023-03-01 15:07:00'),
(91, 91, 91, 0, 4, '超好笑的', 'null', '2023-03-01 15:07:00'),
(92, 92, 92, 0, 4, '超好笑的', 'null', '2023-03-01 15:07:00'),
(93, 93, 93, 0, 4, '超好笑的', 'null', '2023-03-01 15:07:00'),
(94, 94, 94, 0, 4, '超好笑的', 'null', '2023-03-01 15:07:00'),
(95, 95, 95, 0, 4, '超好笑的', 'null', '2023-03-01 15:07:00'),
(96, 96, 96, 0, 4, '超好笑的', 'null', '2023-03-01 15:07:00'),
(97, 97, 97, 0, 4, '超好笑的', 'null', '2023-03-01 15:07:00'),
(98, 98, 98, 0, 4, '超好笑的', 'null', '2023-03-01 15:07:00'),
(99, 99, 99, 0, 4, '超好笑的', 'null', '2023-03-01 15:07:00'),
(100, 100, 100, 0, 4, '超好笑的', 'null', '2023-03-01 15:07:00'),
(101, 101, 101, 0, 4, '超好笑的', 'null', '2023-03-01 15:07:00'),
(102, 102, 102, 0, 4, '超好笑的', 'null', '2023-03-01 15:07:00'),
(103, 103, 103, 0, 4, '超好笑的', 'null', '2023-03-01 15:07:00'),
(104, 104, 104, 0, 4, '超好笑的', 'null', '2023-03-01 15:07:00'),
(105, 105, 105, 0, 4, '超好笑的', 'null', '2023-03-01 15:07:00'),
(106, 106, 106, 0, 4, '超好笑的', 'null', '2023-03-01 15:07:00'),
(107, 107, 107, 0, 4, '超好笑的', 'null', '2023-03-01 15:07:00'),
(108, 108, 108, 0, 4, '超好笑的', 'null', '2023-03-01 15:07:00'),
(109, 109, 109, 0, 4, '超好笑的', 'null', '2023-03-01 15:07:00'),
(110, 110, 110, 0, 4, '超好笑的', 'null', '2023-03-01 15:07:00'),
(111, 111, 111, 0, 4, '超好笑的', 'null', '2023-03-01 15:07:00'),
(112, 112, 112, 0, 4, '超好笑的', 'null', '2023-03-01 15:07:00'),
(113, 113, 113, 0, 4, '超好笑的', 'null', '2023-03-01 15:07:00'),
(114, 114, 114, 0, 4, '超好笑的', 'null', '2023-03-01 15:07:00'),
(115, 115, 115, 0, 4, '超好笑的', 'null', '2023-03-01 15:07:00'),
(116, 116, 116, 0, 4, '超好笑的', 'null', '2023-03-01 15:07:00'),
(117, 117, 117, 0, 4, '超好笑的', 'null', '2023-03-01 15:07:00'),
(118, 118, 118, 0, 4, '超好笑的', 'null', '2023-03-01 15:07:00'),
(119, 119, 119, 0, 4, '超好笑的', 'null', '2023-03-01 15:07:00'),
(120, 120, 120, 0, 4, '超好笑的', 'null', '2023-03-01 15:07:00'),
(121, 121, 121, 0, 4, '超好笑的', 'null', '2023-03-01 15:07:00'),
(122, 122, 122, 0, 4, '超好笑的', 'null', '2023-03-01 15:07:00');

-- --------------------------------------------------------

--
-- 資料表結構 `comment_replied`
--

CREATE TABLE `comment_replied` (
  `sid` int(11) NOT NULL,
  `user_id` varchar(255) NOT NULL,
  `comment_id` int(255) NOT NULL,
  `replied_comment` varchar(255) NOT NULL,
  `replied_pics` varchar(255) NOT NULL,
  `create_at` datetime NOT NULL DEFAULT current_timestamp() ON UPDATE current_timestamp()
) ENGINE=InnoDB DEFAULT CHARSET=utf8mb4 COLLATE=utf8mb4_general_ci;

--
-- 傾印資料表的資料 `comment_replied`
--

INSERT INTO `comment_replied` (`sid`, `user_id`, `comment_id`, `replied_comment`, `replied_pics`, `create_at`) VALUES
(1, '1', 1, '這個好刺激', 'null', '2023-03-01 15:07:00'),
(2, '2', 2, '工作室有水準', 'null', '2023-03-01 15:07:00'),
(3, '3', 3, '我真的覺得還好', 'null', '2023-03-01 15:07:00'),
(4, '4', 4, '不是吧，這也過不了', 'null', '2023-03-01 15:07:00'),
(5, '5', 5, '故事有創意', 'null', '2023-03-01 15:07:00'),
(6, '6', 6, '道具很用心', 'null', '2023-03-01 15:07:00'),
(7, '7', 7, 'NPC嚇到我了', 'null', '2023-03-01 15:07:00'),
(8, '8', 8, '我就是菜，你管我', 'null', '2023-03-01 15:07:00'),
(9, '9', 9, '呵呵呵呵呵', 'null', '2023-03-01 15:07:00'),
(10, '10', 10, '工作人員態度好差', 'null', '2023-03-01 15:07:00'),
(11, '11', 11, '這個好刺激', 'null', '2023-03-01 15:07:00'),
(12, '12', 12, '工作室有水準', 'null', '2023-03-01 15:07:00'),
(13, '13', 13, '我真的覺得還好', 'null', '2023-03-01 15:07:00'),
(14, '14', 14, '不是吧，這也過不了', 'null', '2023-03-01 15:07:00'),
(15, '15', 15, '故事有創意', 'null', '2023-03-01 15:07:00'),
(16, '16', 16, '道具很用心', 'null', '2023-03-01 15:07:00'),
(17, '17', 17, 'NPC嚇到我了', 'null', '2023-03-01 15:07:00'),
(18, '18', 18, '我就是菜，你管我', 'null', '2023-03-01 15:07:00'),
(19, '19', 19, '呵呵呵呵呵', 'null', '2023-03-01 15:07:00'),
(20, '20', 20, '工作人員態度好差', 'null', '2023-03-01 15:07:00'),
(21, '21', 21, '這個好刺激', 'null', '2023-03-01 15:07:00'),
(22, '22', 22, '工作室有水準', 'null', '2023-03-01 15:07:00'),
(23, '23', 23, '我真的覺得還好', 'null', '2023-03-01 15:07:00'),
(24, '24', 24, '不是吧，這也過不了', 'null', '2023-03-01 15:07:00'),
(25, '25', 25, '故事有創意', 'null', '2023-03-01 15:07:00'),
(26, '26', 26, '道具很用心', 'null', '2023-03-01 15:07:00'),
(27, '27', 27, 'NPC嚇到我了', 'null', '2023-03-01 15:07:00'),
(28, '28', 28, '我就是菜，你管我', 'null', '2023-03-01 15:07:00'),
(29, '29', 29, '呵呵呵呵呵', 'null', '2023-03-01 15:07:00'),
(30, '30', 30, '工作人員態度好差', 'null', '2023-03-01 15:07:00'),
(31, '31', 31, '這個好刺激', 'null', '2023-03-01 15:07:00'),
(32, '32', 32, '工作室有水準', 'null', '2023-03-01 15:07:00'),
(33, '33', 33, '我真的覺得還好', 'null', '2023-03-01 15:07:00'),
(34, '34', 34, '不是吧，這也過不了', 'null', '2023-03-01 15:07:00'),
(35, '35', 35, '故事有創意', 'null', '2023-03-01 15:07:00'),
(36, '36', 36, '道具很用心', 'null', '2023-03-01 15:07:00'),
(37, '37', 37, 'NPC嚇到我了', 'null', '2023-03-01 15:07:00'),
(38, '38', 38, '我就是菜，你管我', 'null', '2023-03-01 15:07:00'),
(39, '39', 39, '呵呵呵呵呵', 'null', '2023-03-01 15:07:00'),
(40, '40', 40, '工作人員態度好差', 'null', '2023-03-01 15:07:00'),
(41, '41', 41, '這個好刺激', 'null', '2023-03-01 15:07:00'),
(42, '42', 42, '工作室有水準', 'null', '2023-03-01 15:07:00'),
(43, '43', 43, '我真的覺得還好', 'null', '2023-03-01 15:07:00'),
(44, '44', 44, '不是吧，這也過不了', 'null', '2023-03-01 15:07:00'),
(45, '45', 45, '故事有創意', 'null', '2023-03-01 15:07:00'),
(46, '46', 46, '道具很用心', 'null', '2023-03-01 15:07:00'),
(47, '47', 47, 'NPC嚇到我了', 'null', '2023-03-01 15:07:00'),
(48, '48', 48, '我就是菜，你管我', 'null', '2023-03-01 15:07:00'),
(49, '49', 49, '呵呵呵呵呵', 'null', '2023-03-01 15:07:00'),
(50, '50', 50, '工作人員態度好差', 'null', '2023-03-01 15:07:00'),
(51, '51', 51, '這個好刺激', 'null', '2023-03-01 15:07:00'),
(52, '52', 52, '工作室有水準', 'null', '2023-03-01 15:07:00'),
(53, '53', 53, '我真的覺得還好', 'null', '2023-03-01 15:07:00'),
(54, '54', 54, '不是吧，這也過不了', 'null', '2023-03-01 15:07:00'),
(55, '55', 55, '故事有創意', 'null', '2023-03-01 15:07:00'),
(56, '56', 56, '道具很用心', 'null', '2023-03-01 15:07:00'),
(57, '57', 57, 'NPC嚇到我了', 'null', '2023-03-01 15:07:00'),
(58, '58', 58, '我就是菜，你管我', 'null', '2023-03-01 15:07:00'),
(59, '59', 59, '呵呵呵呵呵', 'null', '2023-03-01 15:07:00'),
(60, '60', 60, '工作人員態度好差', 'null', '2023-03-01 15:07:00'),
(61, '61', 61, '這個好刺激', 'null', '2023-03-01 15:07:00'),
(62, '62', 62, '工作室有水準', 'null', '2023-03-01 15:07:00'),
(63, '63', 63, '我真的覺得還好', 'null', '2023-03-01 15:07:00'),
(64, '64', 64, '不是吧，這也過不了', 'null', '2023-03-01 15:07:00'),
(65, '65', 65, '故事有創意', 'null', '2023-03-01 15:07:00'),
(66, '66', 66, '道具很用心', 'null', '2023-03-01 15:07:00'),
(67, '67', 67, 'NPC嚇到我了', 'null', '2023-03-01 15:07:00'),
(68, '68', 68, '我就是菜，你管我', 'null', '2023-03-01 15:07:00'),
(69, '69', 69, '呵呵呵呵呵', 'null', '2023-03-01 15:07:00'),
(70, '70', 70, '工作人員態度好差', 'null', '2023-03-01 15:07:00'),
(71, '71', 71, '這個好刺激', 'null', '2023-03-01 15:07:00'),
(72, '72', 72, '工作室有水準', 'null', '2023-03-01 15:07:00'),
(73, '73', 73, '我真的覺得還好', 'null', '2023-03-01 15:07:00'),
(74, '74', 74, '不是吧，這也過不了', 'null', '2023-03-01 15:07:00'),
(75, '75', 75, '故事有創意', 'null', '2023-03-01 15:07:00'),
(76, '76', 76, '道具很用心', 'null', '2023-03-01 15:07:00'),
(77, '77', 77, 'NPC嚇到我了', 'null', '2023-03-01 15:07:00'),
(78, '78', 78, '我就是菜，你管我', 'null', '2023-03-01 15:07:00'),
(79, '79', 79, '呵呵呵呵呵', 'null', '2023-03-01 15:07:00'),
(80, '80', 80, '工作人員態度好差', 'null', '2023-03-01 15:07:00'),
(81, '81', 81, '這個好刺激', 'null', '2023-03-01 15:07:00'),
(82, '82', 82, '工作室有水準', 'null', '2023-03-01 15:07:00'),
(83, '83', 83, '我真的覺得還好', 'null', '2023-03-01 15:07:00'),
(84, '84', 84, '不是吧，這也過不了', 'null', '2023-03-01 15:07:00'),
(85, '85', 85, '故事有創意', 'null', '2023-03-01 15:07:00'),
(86, '86', 86, '道具很用心', 'null', '2023-03-01 15:07:00'),
(87, '87', 87, 'NPC嚇到我了', 'null', '2023-03-01 15:07:00'),
(88, '88', 88, '我就是菜，你管我', 'null', '2023-03-01 15:07:00'),
(89, '89', 89, '呵呵呵呵呵', 'null', '2023-03-01 15:07:00'),
(90, '90', 90, '工作人員態度好差', 'null', '2023-03-01 15:07:00'),
(91, '91', 91, '這個好刺激', 'null', '2023-03-01 15:07:00'),
(92, '92', 92, '工作室有水準', 'null', '2023-03-01 15:07:00'),
(93, '93', 93, '我真的覺得還好', 'null', '2023-03-01 15:07:00'),
(94, '94', 94, '不是吧，這也過不了', 'null', '2023-03-01 15:07:00'),
(95, '95', 95, '故事有創意', 'null', '2023-03-01 15:07:00'),
(96, '96', 96, '道具很用心', 'null', '2023-03-01 15:07:00'),
(97, '97', 97, 'NPC嚇到我了', 'null', '2023-03-01 15:07:00'),
(98, '98', 98, '我就是菜，你管我', 'null', '2023-03-01 15:07:00'),
(99, '99', 99, '呵呵呵呵呵', 'null', '2023-03-01 15:07:00'),
(100, '100', 100, '工作人員態度好差', 'null', '2023-03-01 15:07:00'),
(101, '101', 101, '這個好刺激', 'null', '2023-03-01 15:07:00'),
(102, '102', 102, '工作室有水準', 'null', '2023-03-01 15:07:00'),
(103, '103', 103, '我真的覺得還好', 'null', '2023-03-01 15:07:00'),
(104, '104', 104, '不是吧，這也過不了', 'null', '2023-03-01 15:07:00'),
(105, '105', 105, '故事有創意', 'null', '2023-03-01 15:07:00'),
(106, '106', 106, '道具很用心', 'null', '2023-03-01 15:07:00'),
(107, '107', 107, 'NPC嚇到我了', 'null', '2023-03-01 15:07:00'),
(108, '108', 108, '我就是菜，你管我', 'null', '2023-03-01 15:07:00'),
(109, '109', 109, '呵呵呵呵呵', 'null', '2023-03-01 15:07:00'),
(110, '110', 110, '工作人員態度好差', 'null', '2023-03-01 15:07:00'),
(111, '111', 111, '這個好刺激', 'null', '2023-03-01 15:07:00'),
(112, '112', 112, '工作室有水準', 'null', '2023-03-01 15:07:00'),
(113, '113', 113, '我真的覺得還好', 'null', '2023-03-01 15:07:00'),
(114, '114', 114, '不是吧，這也過不了', 'null', '2023-03-01 15:07:00'),
(115, '115', 115, '故事有創意', 'null', '2023-03-01 15:07:00'),
(116, '116', 116, '道具很用心', 'null', '2023-03-01 15:07:00'),
(117, '117', 117, 'NPC嚇到我了', 'null', '2023-03-01 15:07:00'),
(118, '118', 118, '我就是菜，你管我', 'null', '2023-03-01 15:07:00'),
(119, '119', 119, '呵呵呵呵呵', 'null', '2023-03-01 15:07:00'),
(120, '120', 120, '工作人員態度好差', 'null', '2023-03-01 15:07:00'),
(121, '121', 121, '道具很用心', 'null', '2023-03-01 15:07:00'),
(122, '122', 122, '工作人員態度好差', 'null', '2023-03-01 15:07:00'),
(123, '123', 123, '真的太棒了！！！', 'null', '2023-03-01 15:14:50');

-- --------------------------------------------------------

--
-- 資料表結構 `discount`
--

CREATE TABLE `discount` (
  `discountSid` int(11) NOT NULL,
  `discountRand` int(11) NOT NULL,
  `discountID` int(11) NOT NULL,
  `membersid` int(11) NOT NULL,
  `discountState` varchar(5) NOT NULL,
  `discountRelease` date NOT NULL
) ENGINE=InnoDB DEFAULT CHARSET=utf8mb4 COLLATE=utf8mb4_general_ci;

--
-- 傾印資料表的資料 `discount`
--

INSERT INTO `discount` (`discountSid`, `discountRand`, `discountID`, `membersid`, `discountState`, `discountRelease`) VALUES
(1, 9274, 113, 5, '未使用', '2022-10-01'),
(2, 9239, 0, 0, '已使用', '2022-01-01'),
(3, 4601, 3, 8, '已使用', '2022-10-10'),
(4, 6131, 0, 6, '未使用', '2022-09-09'),
(5, 9539, 6, 5, '未使用', '2022-12-24'),
(26, 8951, 3, 15, '未使用', '2022-12-18'),
(27, 6767, 50, 8, '未使用', '2022-12-18'),
(36, 6981, 1, 2, '未使用', '2022-12-19'),
(41, 8552, 139, 5, '已使用', '2022-12-19'),
(42, 1949, 0, 0, '未使用', '2022-12-19'),
(43, 4449, 114, 5, '已使用', '2022-12-19'),
(45, 7263, 69, 31, '未使用', '2022-12-20'),
(46, 2182, 16, 5, '已使用', '2022-12-20'),
(47, 1914, 4, 19, '未使用', '2022-12-20'),
(48, 8401, 15, 30, '未使用', '2022-12-20'),
(49, 9880, 17, 40, '未使用', '2022-12-20'),
(54, 4938, 5, 1, '未使用', '2022-12-20'),
(59, 6076, 19, 6, '未使用', '2022-12-20'),
(60, 6760, 18, 8, '未使用', '2022-12-20'),
(63, 6960, 11, 25, '未使用', '2022-12-20'),
(64, 8382, 5, 2, '未使用', '2022-12-20'),
(65, 6248, 2, 9, '未使用', '2022-12-20'),
(66, 6181, 3, 247, '未使用', '2022-12-20'),
(67, 4824, 20, 125, '未使用', '2022-12-20'),
(69, 2151, 12, 5, '已使用', '2022-12-20');

-- --------------------------------------------------------

--
-- 資料表結構 `discount_detail`
--

CREATE TABLE `discount_detail` (
  `discountID` int(11) NOT NULL,
  `discountName` varchar(255) NOT NULL,
  `discountPrice` int(11) NOT NULL,
  `discountStartDate` date NOT NULL,
  `discountEndDate` date NOT NULL
) ENGINE=InnoDB DEFAULT CHARSET=utf8mb4 COLLATE=utf8mb4_general_ci;

--
-- 傾印資料表的資料 `discount_detail`
--

INSERT INTO `discount_detail` (`discountID`, `discountName`, `discountPrice`, `discountStartDate`, `discountEndDate`) VALUES
(1, '1月生日禮', 30, '2022-01-01', '2022-01-31'),
(2, '2月生日禮', 30, '2022-02-01', '2022-02-28'),
(3, '3月生日禮', 30, '2022-03-01', '2022-03-31'),
(4, '4月生日禮', 30, '2022-04-01', '2022-04-30'),
(5, '5月生日禮', 30, '2022-05-01', '2022-05-31'),
(6, '6月生日禮', 30, '2022-06-01', '2022-06-30'),
(7, '7月生日禮', 30, '2022-07-01', '2022-07-31'),
(8, '8月生日禮', 30, '2022-08-01', '2022-08-31'),
(9, '9月生日禮', 30, '2022-09-01', '2022-09-30'),
(10, '10月生日禮', 30, '2022-10-01', '2022-10-31'),
(11, '11月生日禮', 30, '2022-11-01', '2022-11-30'),
(12, '12月生日禮', 30, '2022-12-01', '2022-12-31'),
(13, '光棍節快樂', 40, '2022-11-11', '2022-11-12'),
(14, '老闆開心發20', 20, '2022-09-01', '2022-09-05'),
(15, '2022註冊送好禮', 50, '2022-01-01', '2022-12-31'),
(16, '我就發', 80, '2022-08-08', '2022-08-09'),
(17, '暑假揪團yee起玩', 10, '2022-07-01', '2022-08-31'),
(18, '寒假好冷室內play', 10, '2022-01-01', '2022-02-28'),
(19, '猛鬼遊樂園', 20, '2022-07-01', '2022-07-31'),
(20, '兒童節一起耍', 20, '2022-04-04', '2022-04-06'),
(22, '開心發30', 30, '2022-12-20', '2022-12-22'),
(24, '我就想發', 40, '2022-12-20', '2022-12-21');

-- --------------------------------------------------------

--
-- 資料表結構 `games`
--

CREATE TABLE `games` (
  `gamesSid` int(11) NOT NULL,
  `gamesName` varchar(50) NOT NULL,
  `gamesImages` varchar(255) NOT NULL,
  `gamesPeopleMin` int(11) NOT NULL,
  `gamesPeopleMax` int(11) NOT NULL,
  `gamesDifficulty` int(11) NOT NULL,
  `gamesFeature01` int(11) NOT NULL COMMENT '遊戲特點',
  `gamesFeature02` int(11) NOT NULL COMMENT '遊戲特點',
  `gamesPrice` int(11) NOT NULL,
  `gamesSort` int(11) NOT NULL COMMENT '遊玩方式',
  `gamesTime` int(11) NOT NULL COMMENT '遊戲遊玩時間',
  `gamesOpen` date NOT NULL COMMENT '遊戲上架時間',
  `gamesColse` int(11) NOT NULL COMMENT '遊戲下架時間',
  `gamesContent` varchar(255) NOT NULL,
  `storeSid` int(11) NOT NULL,
  `create_at` datetime NOT NULL DEFAULT current_timestamp(),
  `up_date` datetime NOT NULL
) ENGINE=InnoDB DEFAULT CHARSET=utf8mb4 COLLATE=utf8mb4_general_ci;

--
-- 傾印資料表的資料 `games`
--

INSERT INTO `games` (`gamesSid`, `gamesName`, `gamesImages`, `gamesPeopleMin`, `gamesPeopleMax`, `gamesDifficulty`, `gamesFeature01`, `gamesFeature02`, `gamesPrice`, `gamesSort`, `gamesTime`, `gamesOpen`, `gamesColse`, `gamesContent`, `storeSid`, `create_at`, `up_date`) VALUES
(1, '等一個人盜墓', '1.jpg', 2, 4, 4, 4, 2, 500, 1, 1, '2022-10-19', 1, '西域沙漠中\n突然出現了一座神秘的古墓\n陵墓的主人正是消失已久的樓蘭女王\n\n政府派出一支考古隊前往調查\n但他們卻離奇的失去了聯繫\n\n於是政府秘密派遣盜墓賊再次前往\n究竟，會在裡面發現什麼……？', 1, '2022-12-12 07:33:00', '2022-12-12 07:33:00'),
(2, '這個Case有點Big', '2.jpg', 2, 4, 3, 4, 7, 600, 1, 2, '2022-10-19', 1, '『一場發生在行李箱中的奇幻冒險，世界上怎麼會有那麼大的行李箱啊？\n再不逃出去，就要被永遠困在這裡了！』\n\nLoGin偵探社最近收到了一封奇怪的委託信，\n一位著急的媽媽聲稱她失蹤的10歲兒子被邪惡的科學家綁架了。(這年代還有邪惡的科學家嗎…)\n但當偵探社聯繫她時，卻又堅決否認寄出過這封信，這個案子也就不了了之…\n\n但這位媽媽突然又聯繫了偵探社表示她已潛入科學家的研究所，\n希望我們能派出偵探協助她，但一時之間實在抽不出人手…\n你看起來挺聰明的，能幫個忙嗎？', 1, '2022-12-12 07:33:00', '2022-12-12 07:33:00'),
(3, '冒險王', '3.jpg', 2, 4, 2, 4, 2, 800, 1, 3, '2022-10-19', 1, '傳說在百慕達三角洲一帶有一座神秘的島嶼，歷史至今為了前往島嶼的海盜、冒險家皆無一倖免，因此有著死亡島之稱。據說這個死亡島藏有許多珍貴的寶藏，還蘊含著不可思議的力量，唯有成功奪取寶藏並活著回來才能成為冒險王！', 1, '2022-12-12 07:33:00', '2022-12-12 07:33:00'),
(4, '鱗屋之中', '4.jpg', 2, 4, 3, 2, 4, 700, 1, 4, '2022-10-19', 1, '崖邊那棟樓房，磚瓦整齊鱗列，\n偶爾閃耀波光水紋，\n當地人稱這奇異樓房為──鱗屋。\n朝鱗屋望去，\n彷彿有股力量牽動著你們隱密的心緒，\n深入探索，\n如何在重重迷霧間選擇出可行之路呢？', 1, '2022-12-12 07:33:00', '2022-12-12 07:33:00'),
(5, '迷霧島', '5.jpg', 2, 4, 2, 2, 4, 600, 1, 3, '2023-04-08', 1, '三條獨立故事線?古老遺跡場景?空間大型機關\n\n你曾聽過那迪亞嗎？\n遙遠的古文明存在著三大種族，只有走進迷霧島，你才能揭開他們最核心的秘密?\n\n??萬物神殿 – 平衡宇宙秩序，躲避空間機關陷阱\n??元素之門 – 古老礦場冒險，操控元素穿透維度\n??亞人試煉 – 團結創造生機，手腳並用進化人類\n\n各種族均有專屬領地，以不同種族身分多次登陸，解鎖改變最終結局！', 1, '2022-12-12 07:33:00', '2022-12-12 07:33:00'),
(6, '辛亥隧道', '6.jpg', 2, 4, 1, 8, 4, 750, 1, 4, '2022-10-19', 1, '逼真場景 ? 滿分機關 ? 感人劇情\n全台唯一，實車機關\n荒郊野嶺，拾階而上\n扣人心弦，驚心挑戰\n\n六大賣點??\n全新沈浸體驗設計，玩家推動劇情發展\n獨一無二大型機關\n專業配音 聲臨其境\n高標準美術團隊打造，超擬真場景\n絕美動畫視覺特效\n真人互動，挑戰你的腎上腺', 4, '2022-12-12 07:33:00', '2022-12-12 07:33:00'),
(7, '獨眼傑克', '7.jpg', 2, 4, 1, 4, 2, 550, 1, 1, '2022-10-19', 1, '西域沙漠中\n突然出現了一座神秘的古墓\n陵墓的主人正是消失已久的樓蘭女王\n\n政府派出一支考古隊前往調查\n但他們卻離奇的失去了聯繫\n\n於是政府秘密派遣盜墓賊再次前往\n究竟，會在裡面發現什麼……？', 4, '2022-12-12 07:33:00', '2022-12-12 07:33:00'),
(8, '掘', '8.jpg', 2, 4, 2, 2, 4, 720, 1, 3, '2022-10-19', 1, '『一場發生在行李箱中的奇幻冒險，世界上怎麼會有那麼大的行李箱啊？\n再不逃出去，就要被永遠困在這裡了！』\n\nLoGin偵探社最近收到了一封奇怪的委託信，\n一位著急的媽媽聲稱她失蹤的11歲兒子被邪惡的科學家綁架了。(這年代還有邪惡的科學家嗎…)\n但當偵探社聯繫她時，卻又堅決否認寄出過這封信，這個案子也就不了了之…\n\n但這位媽媽突然又聯繫了偵探社表示她已潛入科學家的研究所，\n希望我們能派出偵探協助她，但一時之間實在抽不出人手…\n你看起來挺聰明的，能幫個忙嗎？', 4, '2022-12-12 07:33:00', '2022-12-12 07:33:00'),
(9, '秦關', '9.jpg', 2, 4, 2, 2, 4, 650, 1, 2, '2023-04-08', 1, '傳說在百慕達三角洲一帶有一座神秘的島嶼，歷史至今為了前往島嶼的海盜、冒險家皆無一倖免，因此有著死亡島之稱。據說這個死亡島藏有許多珍貴的寶藏，還蘊含著不可思議的力量，唯有成功奪取寶藏並活著回來才能成為冒險王！', 4, '2022-12-12 07:33:00', '2022-12-12 07:33:00'),
(10, '諜戰1941', '10.jpg', 2, 4, 2, 4, 2, 600, 1, 4, '2023-04-08', 1, '崖邊那棟樓房，磚瓦整齊鱗列，\n偶爾閃耀波光水紋，\n當地人稱這奇異樓房為──鱗屋。\n朝鱗屋望去，\n彷彿有股力量牽動著你們隱密的心緒，\n深入探索，\n如何在重重迷霧間選擇出可行之路呢？', 5, '2022-12-12 07:33:00', '2022-12-12 07:33:00'),
(11, '秘令', '11.jpg', 2, 4, 3, 4, 2, 500, 1, 3, '2023-04-08', 1, '三條獨立故事線?古老遺跡場景?空間大型機關\n\n你曾聽過那迪亞嗎？\n遙遠的古文明存在著三大種族，只有走進迷霧島，你才能揭開他們最核心的秘密?\n\n??萬物神殿 – 平衡宇宙秩序，躲避空間機關陷阱\n??元素之門 – 古老礦場冒險，操控元素穿透維度\n??亞人試煉 – 團結創造生機，手腳並用進化人類\n\n各種族均有專屬領地，以不同種族身分多次登陸，解鎖改變最終結局！', 5, '2022-12-12 07:33:00', '2022-12-12 07:33:00'),
(12, '秘令2三劍客的逆襲', '12.jpg', 2, 4, 2, 2, 4, 600, 1, 4, '2022-10-19', 1, '逼真場景 ? 滿分機關 ? 感人劇情\n全台唯一，實車機關\n荒郊野嶺，拾階而上\n扣人心弦，驚心挑戰\n\n六大賣點??\n全新沈浸體驗設計，玩家推動劇情發展\n獨一無二大型機關\n專業配音 聲臨其境\n高標準美術團隊打造，超擬真場景\n絕美動畫視覺特效\n真人互動，挑戰你的腎上腺', 5, '2022-12-12 07:33:00', '2022-12-12 07:33:00'),
(13, '瑪莉控', '13.jpg', 2, 4, 1, 7, 5, 350, 1, 1, '2022-10-19', 1, '西域沙漠中\n突然出現了一座神秘的古墓\n陵墓的主人正是消失已久的樓蘭女王\n\n政府派出一支考古隊前往調查\n但他們卻離奇的失去了聯繫\n\n於是政府秘密派遣盜墓賊再次前往\n究竟，會在裡面發現什麼……？', 5, '2022-12-12 07:33:00', '2022-12-12 07:33:00'),
(14, '奪命鎖鏈2', '14.jpg', 2, 4, 2, 11, 2, 600, 1, 2, '2022-10-19', 1, '『一場發生在行李箱中的奇幻冒險，世界上怎麼會有那麼大的行李箱啊？\n再不逃出去，就要被永遠困在這裡了！』\n\nLoGin偵探社最近收到了一封奇怪的委託信，\n一位著急的媽媽聲稱她失蹤的12歲兒子被邪惡的科學家綁架了。(這年代還有邪惡的科學家嗎…)\n但當偵探社聯繫她時，卻又堅決否認寄出過這封信，這個案子也就不了了之…\n\n但這位媽媽突然又聯繫了偵探社表示她已潛入科學家的研究所，\n希望我們能派出偵探協助她，但一時之間實在抽不出人手…\n你看起來挺聰明的，能幫個忙嗎？', 5, '2022-12-12 07:33:00', '2022-12-12 07:33:00'),
(15, '籠中鳥', '15.jpg', 2, 4, 3, 8, 9, 600, 1, 3, '2022-10-19', 1, '傳說在百慕達三角洲一帶有一座神秘的島嶼，歷史至今為了前往島嶼的海盜、冒險家皆無一倖免，因此有著死亡島之稱。據說這個死亡島藏有許多珍貴的寶藏，還蘊含著不可思議的力量，唯有成功奪取寶藏並活著回來才能成為冒險王！', 5, '2022-12-12 07:33:00', '2022-12-12 07:33:00'),
(16, '拉麵的奧義', '16.jpg', 2, 4, 1, 7, 4, 350, 1, 1, '2022-10-19', 1, '崖邊那棟樓房，磚瓦整齊鱗列，\n偶爾閃耀波光水紋，\n當地人稱這奇異樓房為──鱗屋。\n朝鱗屋望去，\n彷彿有股力量牽動著你們隱密的心緒，\n深入探索，\n如何在重重迷霧間選擇出可行之路呢？', 5, '2022-12-12 07:33:00', '2022-12-12 07:33:00'),
(17, '熊熊危機', '17.jpg', 2, 4, 1, 7, 4, 400, 1, 1, '2023-04-08', 1, '西域沙漠中\n突然出現了一座神秘的古墓\n陵墓的主人正是消失已久的樓蘭女王\n\n政府派出一支考古隊前往調查\n但他們卻離奇的失去了聯繫\n\n於是政府秘密派遣盜墓賊再次前往\n究竟，會在裡面發現什麼……？', 7, '2022-12-12 07:33:00', '2022-12-12 07:33:00'),
(18, '顛倒的室', '18.jpg', 2, 4, 2, 4, 3, 600, 1, 2, '2022-10-19', 1, '『一場發生在行李箱中的奇幻冒險，世界上怎麼會有那麼大的行李箱啊？\n再不逃出去，就要被永遠困在這裡了！』\n\nLoGin偵探社最近收到了一封奇怪的委託信，\n一位著急的媽媽聲稱她失蹤的11歲兒子被邪惡的科學家綁架了。(這年代還有邪惡的科學家嗎…)\n但當偵探社聯繫她時，卻又堅決否認寄出過這封信，這個案子也就不了了之…\n\n但這位媽媽突然又聯繫了偵探社表示她已潛入科學家的研究所，\n希望我們能派出偵探協助她，但一時之間實在抽不出人手…\n你看起來挺聰明的，能幫個忙嗎？', 7, '2022-12-12 07:33:00', '2022-12-12 07:33:00'),
(19, '微笑謎藏', '19.jpg', 2, 4, 4, 9, 4, 750, 1, 4, '2022-10-19', 1, '傳說在百慕達三角洲一帶有一座神秘的島嶼，歷史至今為了前往島嶼的海盜、冒險家皆無一倖免，因此有著死亡島之稱。據說這個死亡島藏有許多珍貴的寶藏，還蘊含著不可思議的力量，唯有成功奪取寶藏並活著回來才能成為冒險王！', 7, '2022-12-12 07:33:00', '2022-12-12 07:33:00'),
(20, '宇宙逃脫Vicky', '20.jpg', 2, 6, 2, 2, 5, 650, 1, 3, '2022-10-19', 1, '崖邊那棟樓房，磚瓦整齊鱗列，\n偶爾閃耀波光水紋，\n當地人稱這奇異樓房為──鱗屋。\n朝鱗屋望去，\n彷彿有股力量牽動著你們隱密的心緒，\n深入探索，\n如何在重重迷霧間選擇出可行之路呢？', 7, '2022-12-12 07:34:00', '2022-12-12 07:34:00'),
(21, '蜀山', '21.jpg', 2, 6, 2, 4, 2, 375, 1, 1, '2022-10-19', 1, '三條獨立故事線?古老遺跡場景?空間大型機關\n\n你曾聽過那迪亞嗎？\n遙遠的古文明存在著三大種族，只有走進迷霧島，你才能揭開他們最核心的秘密?\n\n??萬物神殿 – 平衡宇宙秩序，躲避空間機關陷阱\n??元素之門 – 古老礦場冒險，操控元素穿透維度\n??亞人試煉 – 團結創造生機，手腳並用進化人類\n\n各種族均有專屬領地，以不同種族身分多次登陸，解鎖改變最終結局！', 7, '2022-12-12 07:34:00', '2022-12-12 07:34:00'),
(22, '血色古堡', '22.jpg', 2, 6, 5, 2, 4, 600, 1, 2, '2022-10-19', 1, '逼真場景 ? 滿分機關 ? 感人劇情\n全台唯一，實車機關\n荒郊野嶺，拾階而上\n扣人心弦，驚心挑戰\n\n六大賣點??\n全新沈浸體驗設計，玩家推動劇情發展\n獨一無二大型機關\n專業配音 聲臨其境\n高標準美術團隊打造，超擬真場景\n絕美動畫視覺特效\n真人互動，挑戰你的腎上腺', 7, '2022-12-12 07:34:00', '2022-12-12 07:34:00'),
(23, '控制獄', '23.jpg', 2, 6, 2, 2, 5, 650, 1, 3, '2023-04-08', 1, '西域沙漠中\n突然出現了一座神秘的古墓\n陵墓的主人正是消失已久的樓蘭女王\n\n政府派出一支考古隊前往調查\n但他們卻離奇的失去了聯繫\n\n於是政府秘密派遣盜墓賊再次前往\n究竟，會在裡面發現什麼……？', 8, '2022-12-12 07:34:00', '2022-12-12 07:34:00'),
(24, '醉後任務', '24.jpg', 2, 6, 2, 10, 14, 600, 1, 2, '2022-10-19', 1, '『一場發生在行李箱中的奇幻冒險，世界上怎麼會有那麼大的行李箱啊？\n再不逃出去，就要被永遠困在這裡了！』\n\nLoGin偵探社最近收到了一封奇怪的委託信，\n一位著急的媽媽聲稱她失蹤的12歲兒子被邪惡的科學家綁架了。(這年代還有邪惡的科學家嗎…)\n但當偵探社聯繫她時，卻又堅決否認寄出過這封信，這個案子也就不了了之…\n\n但這位媽媽突然又聯繫了偵探社表示她已潛入科學家的研究所，\n希望我們能派出偵探協助她，但一時之間實在抽不出人手…\n你看起來挺聰明的，能幫個忙嗎？', 8, '2022-12-12 07:34:00', '2022-12-12 07:34:00'),
(25, '永生劫', '25.jpg', 2, 6, 2, 2, 4, 375, 1, 1, '2022-10-19', 1, '傳說在百慕達三角洲一帶有一座神秘的島嶼，歷史至今為了前往島嶼的海盜、冒險家皆無一倖免，因此有著死亡島之稱。據說這個死亡島藏有許多珍貴的寶藏，還蘊含著不可思議的力量，唯有成功奪取寶藏並活著回來才能成為冒險王！', 8, '2022-12-12 07:34:00', '2022-12-12 07:34:00'),
(26, '醒', '26.jpg', 2, 6, 3, 4, 11, 720, 1, 4, '2022-10-19', 1, '崖邊那棟樓房，磚瓦整齊鱗列，\n偶爾閃耀波光水紋，\n當地人稱這奇異樓房為──鱗屋。\n朝鱗屋望去，\n彷彿有股力量牽動著你們隱密的心緒，\n深入探索，\n如何在重重迷霧間選擇出可行之路呢？', 8, '2022-12-12 07:34:00', '2022-12-12 07:34:00'),
(27, '創世紀', '27.jpg', 2, 6, 1, 2, 11, 550, 1, 3, '2023-04-08', 1, '三條獨立故事線?古老遺跡場景?空間大型機關\n\n你曾聽過那迪亞嗎？\n遙遠的古文明存在著三大種族，只有走進迷霧島，你才能揭開他們最核心的秘密?\n\n??萬物神殿 – 平衡宇宙秩序，躲避空間機關陷阱\n??元素之門 – 古老礦場冒險，操控元素穿透維度\n??亞人試煉 – 團結創造生機，手腳並用進化人類\n\n各種族均有專屬領地，以不同種族身分多次登陸，解鎖改變最終結局！', 9, '2022-12-12 07:34:00', '2022-12-12 07:34:00'),
(28, '浪浪', '28.jpg', 2, 6, 2, 4, 7, 375, 1, 1, '2022-10-19', 1, '逼真場景 ? 滿分機關 ? 感人劇情\n全台唯一，實車機關\n荒郊野嶺，拾階而上\n扣人心弦，驚心挑戰\n\n六大賣點??\n全新沈浸體驗設計，玩家推動劇情發展\n獨一無二大型機關\n專業配音 聲臨其境\n高標準美術團隊打造，超擬真場景\n絕美動畫視覺特效\n真人互動，挑戰你的腎上腺', 9, '2022-12-12 07:34:00', '2022-12-12 07:34:00'),
(29, '月夜獨嚎', '29.jpg', 2, 6, 2, 4, 6, 550, 1, 3, '2022-10-19', 1, '西域沙漠中\n突然出現了一座神秘的古墓\n陵墓的主人正是消失已久的樓蘭女王\n\n政府派出一支考古隊前往調查\n但他們卻離奇的失去了聯繫\n\n於是政府秘密派遣盜墓賊再次前往\n究竟，會在裡面發現什麼……？', 9, '2022-12-12 07:34:00', '2022-12-12 07:34:00'),
(30, '我們的秘密', '30.jpg', 2, 6, 2, 8, 3, 600, 2, 4, '2022-10-19', 1, '『一場發生在行李箱中的奇幻冒險，世界上怎麼會有那麼大的行李箱啊？\n再不逃出去，就要被永遠困在這裡了！』\n\nLoGin偵探社最近收到了一封奇怪的委託信，\n一位著急的媽媽聲稱她失蹤的13歲兒子被邪惡的科學家綁架了。(這年代還有邪惡的科學家嗎…)\n但當偵探社聯繫她時，卻又堅決否認寄出過這封信，這個案子也就不了了之…\n\n但這位媽媽突然又聯繫了偵探社表示她已潛入科學家的研究所，\n希望我們能派出偵探協助她，但一時之間實在抽不出人手…\n你看起來挺聰明的，能幫個忙嗎？', 9, '2022-12-12 07:34:00', '2022-12-12 07:34:00'),
(31, '羅伯班克', '31.jpg', 2, 6, 2, 2, 4, 500, 1, 2, '2022-10-19', 1, '傳說在百慕達三角洲一帶有一座神秘的島嶼，歷史至今為了前往島嶼的海盜、冒險家皆無一倖免，因此有著死亡島之稱。據說這個死亡島藏有許多珍貴的寶藏，還蘊含著不可思議的力量，唯有成功奪取寶藏並活著回來才能成為冒險王！', 9, '2022-12-12 07:34:00', '2022-12-12 07:34:00'),
(32, '幻境奇航II-最終的航道', '32.jpg', 2, 6, 2, 4, 2, 550, 1, 3, '2023-04-08', 1, '崖邊那棟樓房，磚瓦整齊鱗列，\n偶爾閃耀波光水紋，\n當地人稱這奇異樓房為──鱗屋。\n朝鱗屋望去，\n彷彿有股力量牽動著你們隱密的心緒，\n深入探索，\n如何在重重迷霧間選擇出可行之路呢？', 10, '2022-12-12 07:34:00', '2022-12-12 07:34:00'),
(33, '天方夜譚', '33.jpg', 2, 6, 1, 4, 11, 375, 1, 1, '2023-04-08', 1, '西域沙漠中\n突然出現了一座神秘的古墓\n陵墓的主人正是消失已久的樓蘭女王\n\n政府派出一支考古隊前往調查\n但他們卻離奇的失去了聯繫\n\n於是政府秘密派遣盜墓賊再次前往\n究竟，會在裡面發現什麼……？', 10, '2022-12-12 07:34:00', '2022-12-12 07:34:00'),
(34, '鄉間小盜', '34.jpg', 2, 6, 1, 7, 4, 375, 1, 2, '2022-10-19', 1, '『一場發生在行李箱中的奇幻冒險，世界上怎麼會有那麼大的行李箱啊？\n再不逃出去，就要被永遠困在這裡了！』\n\nLoGin偵探社最近收到了一封奇怪的委託信，\n一位著急的媽媽聲稱她失蹤的12歲兒子被邪惡的科學家綁架了。(這年代還有邪惡的科學家嗎…)\n但當偵探社聯繫她時，卻又堅決否認寄出過這封信，這個案子也就不了了之…\n\n但這位媽媽突然又聯繫了偵探社表示她已潛入科學家的研究所，\n希望我們能派出偵探協助她，但一時之間實在抽不出人手…\n你看起來挺聰明的，能幫個忙嗎？', 10, '2022-12-12 07:34:00', '2022-12-12 07:34:00'),
(35, '重返地平線', '35.jpg', 2, 6, 3, 4, 2, 600, 1, 3, '2022-10-19', 1, '傳說在百慕達三角洲一帶有一座神秘的島嶼，歷史至今為了前往島嶼的海盜、冒險家皆無一倖免，因此有著死亡島之稱。據說這個死亡島藏有許多珍貴的寶藏，還蘊含著不可思議的力量，唯有成功奪取寶藏並活著回來才能成為冒險王！', 10, '2022-12-12 07:34:00', '2022-12-12 07:34:00'),
(36, '奪命記憶', '36.jpg', 2, 6, 2, 2, 6, 600, 1, 4, '2022-10-19', 1, '崖邊那棟樓房，磚瓦整齊鱗列，\n偶爾閃耀波光水紋，\n當地人稱這奇異樓房為──鱗屋。\n朝鱗屋望去，\n彷彿有股力量牽動著你們隱密的心緒，\n深入探索，\n如何在重重迷霧間選擇出可行之路呢？', 10, '2022-12-12 07:34:00', '2022-12-12 07:34:00'),
(37, '鬼靈精怪店', '37.jpg', 2, 6, 1, 7, 5, 300, 1, 1, '2022-10-19', 1, '三條獨立故事線?古老遺跡場景?空間大型機關\n\n你曾聽過那迪亞嗎？\n遙遠的古文明存在著三大種族，只有走進迷霧島，你才能揭開他們最核心的秘密?\n\n??萬物神殿 – 平衡宇宙秩序，躲避空間機關陷阱\n??元素之門 – 古老礦場冒險，操控元素穿透維度\n??亞人試煉 – 團結創造生機，手腳並用進化人類\n\n各種族均有專屬領地，以不同種族身分多次登陸，解鎖改變最終結局！', 10, '2022-12-12 07:34:00', '2022-12-12 07:34:00'),
(38, '軍情六處', '38.jpg', 2, 6, 1, 7, 3, 450, 1, 2, '2022-10-19', 1, '逼真場景 ? 滿分機關 ? 感人劇情\n全台唯一，實車機關\n荒郊野嶺，拾階而上\n扣人心弦，驚心挑戰\n\n六大賣點??\n全新沈浸體驗設計，玩家推動劇情發展\n獨一無二大型機關\n專業配音 聲臨其境\n高標準美術團隊打造，超擬真場景\n絕美動畫視覺特效\n真人互動，挑戰你的腎上腺', 16, '2022-12-12 07:34:00', '2022-12-12 07:34:00'),
(39, ' 忍SHINOBI', '39.jpg', 2, 6, 2, 2, 4, 550, 1, 3, '2022-10-19', 1, '西域沙漠中\n突然出現了一座神秘的古墓\n陵墓的主人正是消失已久的樓蘭女王\n\n政府派出一支考古隊前往調查\n但他們卻離奇的失去了聯繫\n\n於是政府秘密派遣盜墓賊再次前往\n究竟，會在裡面發現什麼……？', 16, '2022-12-12 07:34:00', '2022-12-12 07:34:00'),
(40, '馬桶英雄', '40.jpg', 2, 8, 1, 7, 4, 600, 1, 4, '2022-10-19', 1, '『一場發生在行李箱中的奇幻冒險，世界上怎麼會有那麼大的行李箱啊？\n再不逃出去，就要被永遠困在這裡了！』\n\nLoGin偵探社最近收到了一封奇怪的委託信，\n一位著急的媽媽聲稱她失蹤的13歲兒子被邪惡的科學家綁架了。(這年代還有邪惡的科學家嗎…)\n但當偵探社聯繫她時，卻又堅決否認寄出過這封信，這個案子也就不了了之…\n\n但這位媽媽突然又聯繫了偵探社表示她已潛入科學家的研究所，\n希望我們能派出偵探協助她，但一時之間實在抽不出人手…\n你看起來挺聰明的，能幫個忙嗎？', 16, '2022-12-12 07:34:00', '2022-12-12 07:34:00'),
(41, '魔法學院', '41.jpg', 2, 8, 1, 11, 4, 375, 1, 1, '2022-10-19', 1, '傳說在百慕達三角洲一帶有一座神秘的島嶼，歷史至今為了前往島嶼的海盜、冒險家皆無一倖免，因此有著死亡島之稱。據說這個死亡島藏有許多珍貴的寶藏，還蘊含著不可思議的力量，唯有成功奪取寶藏並活著回來才能成為冒險王！', 16, '2022-12-12 07:34:00', '2022-12-12 07:34:00'),
(42, '惡靈', '42.jpg', 2, 8, 2, 4, 2, 600, 1, 3, '2022-10-19', 1, '崖邊那棟樓房，磚瓦整齊鱗列，\n偶爾閃耀波光水紋，\n當地人稱這奇異樓房為──鱗屋。\n朝鱗屋望去，\n彷彿有股力量牽動著你們隱密的心緒，\n深入探索，\n如何在重重迷霧間選擇出可行之路呢？', 17, '2022-12-12 07:34:00', '2022-12-12 07:34:00'),
(43, '刑務所脫出', '43.jpg', 2, 8, 1, 11, 7, 450, 1, 2, '2022-10-19', 1, '三條獨立故事線?古老遺跡場景?空間大型機關\n\n你曾聽過那迪亞嗎？\n遙遠的古文明存在著三大種族，只有走進迷霧島，你才能揭開他們最核心的秘密?\n\n??萬物神殿 – 平衡宇宙秩序，躲避空間機關陷阱\n??元素之門 – 古老礦場冒險，操控元素穿透維度\n??亞人試煉 – 團結創造生機，手腳並用進化人類\n\n各種族均有專屬領地，以不同種族身分多次登陸，解鎖改變最終結局！', 17, '2022-12-12 07:34:00', '2022-12-12 07:34:00'),
(44, '暗花尋跡', '44.jpg', 2, 8, 3, 1, 4, 600, 2, 4, '2022-10-19', 1, '逼真場景 ? 滿分機關 ? 感人劇情\n全台唯一，實車機關\n荒郊野嶺，拾階而上\n扣人心弦，驚心挑戰\n\n六大賣點??\n全新沈浸體驗設計，玩家推動劇情發展\n獨一無二大型機關\n專業配音 聲臨其境\n高標準美術團隊打造，超擬真場景\n絕美動畫視覺特效\n真人互動，挑戰你的腎上腺', 17, '2022-12-12 07:34:00', '2022-12-12 07:34:00'),
(45, '噬夢', '45.jpg', 2, 8, 1, 4, 7, 450, 1, 1, '2022-10-19', 1, '西域沙漠中\n突然出現了一座神秘的古墓\n陵墓的主人正是消失已久的樓蘭女王\n\n政府派出一支考古隊前往調查\n但他們卻離奇的失去了聯繫\n\n於是政府秘密派遣盜墓賊再次前往\n究竟，會在裡面發現什麼……？', 17, '2022-12-12 07:34:00', '2022-12-12 07:34:00'),
(46, '地心任務', '46.jpg', 2, 8, 2, 4, 2, 500, 1, 2, '2022-10-19', 1, '『一場發生在行李箱中的奇幻冒險，世界上怎麼會有那麼大的行李箱啊？\n再不逃出去，就要被永遠困在這裡了！』\n\nLoGin偵探社最近收到了一封奇怪的委託信，\n一位著急的媽媽聲稱她失蹤的14歲兒子被邪惡的科學家綁架了。(這年代還有邪惡的科學家嗎…)\n但當偵探社聯繫她時，卻又堅決否認寄出過這封信，這個案子也就不了了之…\n\n但這位媽媽突然又聯繫了偵探社表示她已潛入科學家的研究所，\n希望我們能派出偵探協助她，但一時之間實在抽不出人手…\n你看起來挺聰明的，能幫個忙嗎？', 17, '2022-12-12 07:34:00', '2022-12-12 07:34:00'),
(47, '艾比的時空膠囊', '47.jpg', 2, 8, 2, 5, 2, 650, 1, 4, '2022-10-19', 1, '傳說在百慕達三角洲一帶有一座神秘的島嶼，歷史至今為了前往島嶼的海盜、冒險家皆無一倖免，因此有著死亡島之稱。據說這個死亡島藏有許多珍貴的寶藏，還蘊含著不可思議的力量，唯有成功奪取寶藏並活著回來才能成為冒險王！', 19, '2022-12-12 07:34:00', '2022-12-12 07:34:00'),
(48, '觀落陰', '48.jpg', 2, 8, 1, 8, 4, 600, 1, 3, '2022-10-19', 1, '崖邊那棟樓房，磚瓦整齊鱗列，\n偶爾閃耀波光水紋，\n當地人稱這奇異樓房為──鱗屋。\n朝鱗屋望去，\n彷彿有股力量牽動著你們隱密的心緒，\n深入探索，\n如何在重重迷霧間選擇出可行之路呢？', 19, '2022-12-12 07:34:00', '2022-12-12 07:34:00'),
(49, '迷豆', '49.jpg', 2, 8, 1, 7, 4, 550, 1, 2, '2022-10-19', 1, '西域沙漠中\n突然出現了一座神秘的古墓\n陵墓的主人正是消失已久的樓蘭女王\n\n政府派出一支考古隊前往調查\n但他們卻離奇的失去了聯繫\n\n於是政府秘密派遣盜墓賊再次前往\n究竟，會在裡面發現什麼……？', 19, '2022-12-12 07:34:00', '2022-12-12 07:34:00'),
(50, '奪命鎖鏈1', '50.jpg', 2, 8, 1, 11, 1, 600, 2, 4, '2022-10-19', 1, '『一場發生在行李箱中的奇幻冒險，世界上怎麼會有那麼大的行李箱啊？\n再不逃出去，就要被永遠困在這裡了！』\n\nLoGin偵探社最近收到了一封奇怪的委託信，\n一位著急的媽媽聲稱她失蹤的13歲兒子被邪惡的科學家綁架了。(這年代還有邪惡的科學家嗎…)\n但當偵探社聯繫她時，卻又堅決否認寄出過這封信，這個案子也就不了了之…\n\n但這位媽媽突然又聯繫了偵探社表示她已潛入科學家的研究所，\n希望我們能派出偵探協助她，但一時之間實在抽不出人手…\n你看起來挺聰明的，能幫個忙嗎？', 21, '2022-12-12 07:34:00', '2022-12-12 07:34:00'),
(51, '以王之名', '51.jpg', 2, 8, 2, 4, 6, 600, 1, 2, '2022-10-19', 1, '傳說在百慕達三角洲一帶有一座神秘的島嶼，歷史至今為了前往島嶼的海盜、冒險家皆無一倖免，因此有著死亡島之稱。據說這個死亡島藏有許多珍貴的寶藏，還蘊含著不可思議的力量，唯有成功奪取寶藏並活著回來才能成為冒險王！', 21, '2022-12-12 07:34:00', '2022-12-12 07:34:00'),
(52, '異界籠', '52.jpg', 2, 8, 4, 2, 6, 600, 1, 3, '2022-10-19', 1, '崖邊那棟樓房，磚瓦整齊鱗列，\n偶爾閃耀波光水紋，\n當地人稱這奇異樓房為──鱗屋。\n朝鱗屋望去，\n彷彿有股力量牽動著你們隱密的心緒，\n深入探索，\n如何在重重迷霧間選擇出可行之路呢？', 21, '2022-12-12 07:34:00', '2022-12-12 07:34:00'),
(53, '洛克飯店-殺手困境', '53.jpg', 2, 8, 1, 1, 13, 600, 1, 3, '2022-10-19', 1, '三條獨立故事線?古老遺跡場景?空間大型機關\n\n你曾聽過那迪亞嗎？\n遙遠的古文明存在著三大種族，只有走進迷霧島，你才能揭開他們最核心的秘密?\n\n??萬物神殿 – 平衡宇宙秩序，躲避空間機關陷阱\n??元素之門 – 古老礦場冒險，操控元素穿透維度\n??亞人試煉 – 團結創造生機，手腳並用進化人類\n\n各種族均有專屬領地，以不同種族身分多次登陸，解鎖改變最終結局！', 21, '2022-12-12 07:34:00', '2022-12-12 07:34:00'),
(54, '攝影屍', '54.jpg', 2, 8, 2, 8, 4, 500, 1, 1, '2022-10-19', 1, '逼真場景 ? 滿分機關 ? 感人劇情\n全台唯一，實車機關\n荒郊野嶺，拾階而上\n扣人心弦，驚心挑戰\n\n六大賣點??\n全新沈浸體驗設計，玩家推動劇情發展\n獨一無二大型機關\n專業配音 聲臨其境\n高標準美術團隊打造，超擬真場景\n絕美動畫視覺特效\n真人互動，挑戰你的腎上腺', 21, '2022-12-12 07:34:00', '2022-12-12 07:34:00'),
(55, '迴異路', '55.jpg', 2, 8, 2, 3, 6, 680, 1, 4, '2022-10-19', 1, '西域沙漠中\n突然出現了一座神秘的古墓\n陵墓的主人正是消失已久的樓蘭女王\n\n政府派出一支考古隊前往調查\n但他們卻離奇的失去了聯繫\n\n於是政府秘密派遣盜墓賊再次前往\n究竟，會在裡面發現什麼……？', 31, '2022-12-12 07:34:00', '2022-12-12 07:34:00'),
(56, '地下噬', '56.jpg', 2, 8, 1, 8, 9, 250, 1, 1, '2022-10-19', 1, '『一場發生在行李箱中的奇幻冒險，世界上怎麼會有那麼大的行李箱啊？\n再不逃出去，就要被永遠困在這裡了！』\n\nLoGin偵探社最近收到了一封奇怪的委託信，\n一位著急的媽媽聲稱她失蹤的14歲兒子被邪惡的科學家綁架了。(這年代還有邪惡的科學家嗎…)\n但當偵探社聯繫她時，卻又堅決否認寄出過這封信，這個案子也就不了了之…\n\n但這位媽媽突然又聯繫了偵探社表示她已潛入科學家的研究所，\n希望我們能派出偵探協助她，但一時之間實在抽不出人手…\n你看起來挺聰明的，能幫個忙嗎？', 31, '2022-12-12 07:34:00', '2022-12-12 07:34:00'),
(57, '感染II病變', '57.jpg', 2, 8, 1, 4, 11, 375, 1, 1, '2022-10-19', 1, '傳說在百慕達三角洲一帶有一座神秘的島嶼，歷史至今為了前往島嶼的海盜、冒險家皆無一倖免，因此有著死亡島之稱。據說這個死亡島藏有許多珍貴的寶藏，還蘊含著不可思議的力量，唯有成功奪取寶藏並活著回來才能成為冒險王！', 31, '2022-12-12 07:34:00', '2022-12-12 07:34:00'),
(58, '杜蘭德20號公寓', '58.jpg', 2, 8, 2, 2, 3, 550, 1, 2, '2022-10-19', 1, '崖邊那棟樓房，磚瓦整齊鱗列，\n偶爾閃耀波光水紋，\n當地人稱這奇異樓房為──鱗屋。\n朝鱗屋望去，\n彷彿有股力量牽動著你們隱密的心緒，\n深入探索，\n如何在重重迷霧間選擇出可行之路呢？', 31, '2022-12-12 07:34:00', '2022-12-12 07:34:00'),
(59, '紅衣小女孩-噩夢再見', '59.jpg', 2, 8, 1, 8, 4, 600, 1, 3, '2022-10-19', 1, '三條獨立故事線?古老遺跡場景?空間大型機關\n\n你曾聽過那迪亞嗎？\n遙遠的古文明存在著三大種族，只有走進迷霧島，你才能揭開他們最核心的秘密?\n\n??萬物神殿 – 平衡宇宙秩序，躲避空間機關陷阱\n??元素之門 – 古老礦場冒險，操控元素穿透維度\n??亞人試煉 – 團結創造生機，手腳並用進化人類\n\n各種族均有專屬領地，以不同種族身分多次登陸，解鎖改變最終結局！', 31, '2022-12-12 07:34:00', '2022-12-12 07:34:00'),
(60, '同學會', '60.jpg', 4, 6, 2, 3, 4, 600, 1, 4, '2022-10-19', 1, '逼真場景 ? 滿分機關 ? 感人劇情\n全台唯一，實車機關\n荒郊野嶺，拾階而上\n扣人心弦，驚心挑戰\n\n六大賣點??\n全新沈浸體驗設計，玩家推動劇情發展\n獨一無二大型機關\n專業配音 聲臨其境\n高標準美術團隊打造，超擬真場景\n絕美動畫視覺特效\n真人互動，挑戰你的腎上腺', 32, '2022-12-12 07:34:00', '2022-12-12 07:34:00'),
(61, '丑時參拜', '61.jpg', 4, 6, 2, 4, 3, 600, 1, 4, '2022-10-19', 1, '西域沙漠中\n突然出現了一座神秘的古墓\n陵墓的主人正是消失已久的樓蘭女王\n\n政府派出一支考古隊前往調查\n但他們卻離奇的失去了聯繫\n\n於是政府秘密派遣盜墓賊再次前往\n究竟，會在裡面發現什麼……？', 32, '2022-12-12 07:34:00', '2022-12-12 07:34:00'),
(62, '遺產', '62.jpg', 4, 6, 2, 3, 6, 600, 1, 3, '2022-10-19', 1, '『一場發生在行李箱中的奇幻冒險，世界上怎麼會有那麼大的行李箱啊？\n再不逃出去，就要被永遠困在這裡了！』\n\nLoGin偵探社最近收到了一封奇怪的委託信，\n一位著急的媽媽聲稱她失蹤的15歲兒子被邪惡的科學家綁架了。(這年代還有邪惡的科學家嗎…)\n但當偵探社聯繫她時，卻又堅決否認寄出過這封信，這個案子也就不了了之…\n\n但這位媽媽突然又聯繫了偵探社表示她已潛入科學家的研究所，\n希望我們能派出偵探協助她，但一時之間實在抽不出人手…\n你看起來挺聰明的，能幫個忙嗎？', 32, '2022-12-12 07:34:00', '2022-12-12 07:34:00'),
(63, '魔幻海角', '63.jpg', 4, 6, 5, 1, 6, 550, 1, 2, '2022-10-19', 1, '傳說在百慕達三角洲一帶有一座神秘的島嶼，歷史至今為了前往島嶼的海盜、冒險家皆無一倖免，因此有著死亡島之稱。據說這個死亡島藏有許多珍貴的寶藏，還蘊含著不可思議的力量，唯有成功奪取寶藏並活著回來才能成為冒險王！', 32, '2022-12-12 07:34:00', '2022-12-12 07:34:00'),
(64, '洛克飯店-維多莉亞的祕密', '64.jpg', 4, 6, 1, 13, 5, 600, 1, 2, '2022-10-19', 1, '崖邊那棟樓房，磚瓦整齊鱗列，\n偶爾閃耀波光水紋，\n當地人稱這奇異樓房為──鱗屋。\n朝鱗屋望去，\n彷彿有股力量牽動著你們隱密的心緒，\n深入探索，\n如何在重重迷霧間選擇出可行之路呢？', 32, '2022-12-12 07:34:00', '2022-12-12 07:34:00'),
(65, '直衝腦門', '65.jpg', 4, 6, 2, 2, 11, 600, 1, 3, '2023-04-08', 1, '西域沙漠中\n突然出現了一座神秘的古墓\n陵墓的主人正是消失已久的樓蘭女王\n\n政府派出一支考古隊前往調查\n但他們卻離奇的失去了聯繫\n\n於是政府秘密派遣盜墓賊再次前往\n究竟，會在裡面發現什麼……？', 6, '2022-12-12 07:34:00', '2022-12-12 07:34:00'),
(66, '時鐘之國', '66.jpg', 4, 6, 1, 2, 4, 300, 1, 1, '2022-10-19', 1, '『一場發生在行李箱中的奇幻冒險，世界上怎麼會有那麼大的行李箱啊？\n再不逃出去，就要被永遠困在這裡了！』\n\nLoGin偵探社最近收到了一封奇怪的委託信，\n一位著急的媽媽聲稱她失蹤的14歲兒子被邪惡的科學家綁架了。(這年代還有邪惡的科學家嗎…)\n但當偵探社聯繫她時，卻又堅決否認寄出過這封信，這個案子也就不了了之…\n\n但這位媽媽突然又聯繫了偵探社表示她已潛入科學家的研究所，\n希望我們能派出偵探協助她，但一時之間實在抽不出人手…\n你看起來挺聰明的，能幫個忙嗎？', 6, '2022-12-12 07:34:00', '2022-12-12 07:34:00'),
(67, '百鬼夜行', '67.jpg', 4, 6, 2, 7, 5, 650, 1, 4, '2022-10-19', 1, '傳說在百慕達三角洲一帶有一座神秘的島嶼，歷史至今為了前往島嶼的海盜、冒險家皆無一倖免，因此有著死亡島之稱。據說這個死亡島藏有許多珍貴的寶藏，還蘊含著不可思議的力量，唯有成功奪取寶藏並活著回來才能成為冒險王！', 6, '2022-12-12 07:34:00', '2022-12-12 07:34:00'),
(68, '絕境擴散-Miss M ', '68.jpg', 4, 6, 2, 2, 4, 600, 1, 3, '2022-10-19', 1, '崖邊那棟樓房，磚瓦整齊鱗列，\n偶爾閃耀波光水紋，\n當地人稱這奇異樓房為──鱗屋。\n朝鱗屋望去，\n彷彿有股力量牽動著你們隱密的心緒，\n深入探索，\n如何在重重迷霧間選擇出可行之路呢？', 6, '2022-12-12 07:34:00', '2022-12-12 07:34:00'),
(69, '腥院', '69.jpg', 4, 6, 4, 8, 4, 550, 1, 2, '2022-10-19', 1, '三條獨立故事線?古老遺跡場景?空間大型機關\n\n你曾聽過那迪亞嗎？\n遙遠的古文明存在著三大種族，只有走進迷霧島，你才能揭開他們最核心的秘密?\n\n??萬物神殿 – 平衡宇宙秩序，躲避空間機關陷阱\n??元素之門 – 古老礦場冒險，操控元素穿透維度\n??亞人試煉 – 團結創造生機，手腳並用進化人類\n\n各種族均有專屬領地，以不同種族身分多次登陸，解鎖改變最終結局！', 6, '2022-12-12 07:34:00', '2022-12-12 07:34:00'),
(70, '迪賽爾街19號', '70.jpg', 4, 6, 1, 11, 4, 350, 1, 1, '2022-10-19', 1, '逼真場景 ? 滿分機關 ? 感人劇情\n全台唯一，實車機關\n荒郊野嶺，拾階而上\n扣人心弦，驚心挑戰\n\n六大賣點??\n全新沈浸體驗設計，玩家推動劇情發展\n獨一無二大型機關\n專業配音 聲臨其境\n高標準美術團隊打造，超擬真場景\n絕美動畫視覺特效\n真人互動，挑戰你的腎上腺', 25, '2022-12-12 07:34:00', '2022-12-12 07:34:00'),
(71, '喵境夢遊', '71.jpg', 4, 6, 1, 7, 5, 550, 1, 4, '2022-10-19', 1, '西域沙漠中\n突然出現了一座神秘的古墓\n陵墓的主人正是消失已久的樓蘭女王\n\n政府派出一支考古隊前往調查\n但他們卻離奇的失去了聯繫\n\n於是政府秘密派遣盜墓賊再次前往\n究竟，會在裡面發現什麼……？', 25, '2022-12-12 07:34:00', '2022-12-12 07:34:00'),
(72, '逃出補習班 2.0', '72.jpg', 4, 6, 2, 7, 11, 550, 1, 3, '2022-10-19', 1, '『一場發生在行李箱中的奇幻冒險，世界上怎麼會有那麼大的行李箱啊？\n再不逃出去，就要被永遠困在這裡了！』\n\nLoGin偵探社最近收到了一封奇怪的委託信，\n一位著急的媽媽聲稱她失蹤的15歲兒子被邪惡的科學家綁架了。(這年代還有邪惡的科學家嗎…)\n但當偵探社聯繫她時，卻又堅決否認寄出過這封信，這個案子也就不了了之…\n\n但這位媽媽突然又聯繫了偵探社表示她已潛入科學家的研究所，\n希望我們能派出偵探協助她，但一時之間實在抽不出人手…\n你看起來挺聰明的，能幫個忙嗎？', 25, '2022-12-12 07:34:00', '2022-12-12 07:34:00'),
(73, '瘋狂追殺', '73.jpg', 4, 6, 2, 9, 8, 400, 1, 2, '2022-10-19', 1, '傳說在百慕達三角洲一帶有一座神秘的島嶼，歷史至今為了前往島嶼的海盜、冒險家皆無一倖免，因此有著死亡島之稱。據說這個死亡島藏有許多珍貴的寶藏，還蘊含著不可思議的力量，唯有成功奪取寶藏並活著回來才能成為冒險王！', 25, '2022-12-12 07:34:00', '2022-12-12 07:34:00'),
(74, '冥婚', '74.jpg', 4, 6, 1, 4, 8, 400, 1, 2, '2022-10-19', 1, '崖邊那棟樓房，磚瓦整齊鱗列，\n偶爾閃耀波光水紋，\n當地人稱這奇異樓房為──鱗屋。\n朝鱗屋望去，\n彷彿有股力量牽動著你們隱密的心緒，\n深入探索，\n如何在重重迷霧間選擇出可行之路呢？', 25, '2022-12-12 07:34:00', '2022-12-12 07:34:00'),
(75, '流亡黯道', '75.jpg', 4, 6, 2, 2, 4, 600, 1, 2, '2022-10-19', 1, '三條獨立故事線?古老遺跡場景?空間大型機關\n\n你曾聽過那迪亞嗎？\n遙遠的古文明存在著三大種族，只有走進迷霧島，你才能揭開他們最核心的秘密?\n\n??萬物神殿 – 平衡宇宙秩序，躲避空間機關陷阱\n??元素之門 – 古老礦場冒險，操控元素穿透維度\n??亞人試煉 – 團結創造生機，手腳並用進化人類\n\n各種族均有專屬領地，以不同種族身分多次登陸，解鎖改變最終結局！', 28, '2022-12-12 07:34:00', '2022-12-12 07:34:00'),
(76, '黃道追弒', '76.jpg', 4, 6, 2, 9, 4, 600, 1, 3, '2022-10-19', 1, '逼真場景 ? 滿分機關 ? 感人劇情\n全台唯一，實車機關\n荒郊野嶺，拾階而上\n扣人心弦，驚心挑戰\n\n六大賣點??\n全新沈浸體驗設計，玩家推動劇情發展\n獨一無二大型機關\n專業配音 聲臨其境\n高標準美術團隊打造，超擬真場景\n絕美動畫視覺特效\n真人互動，挑戰你的腎上腺', 28, '2022-12-12 07:34:00', '2022-12-12 07:34:00'),
(77, '深處', '77.jpg', 4, 6, 3, 3, 4, 650, 1, 4, '2022-10-19', 1, '西域沙漠中\n突然出現了一座神秘的古墓\n陵墓的主人正是消失已久的樓蘭女王\n\n政府派出一支考古隊前往調查\n但他們卻離奇的失去了聯繫\n\n於是政府秘密派遣盜墓賊再次前往\n究竟，會在裡面發現什麼……？', 28, '2022-12-12 07:34:00', '2022-12-12 07:34:00'),
(78, '河伯', '78.jpg', 4, 6, 1, 4, 5, 360, 1, 1, '2022-10-19', 1, '『一場發生在行李箱中的奇幻冒險，世界上怎麼會有那麼大的行李箱啊？\n再不逃出去，就要被永遠困在這裡了！』\n\nLoGin偵探社最近收到了一封奇怪的委託信，\n一位著急的媽媽聲稱她失蹤的16歲兒子被邪惡的科學家綁架了。(這年代還有邪惡的科學家嗎…)\n但當偵探社聯繫她時，卻又堅決否認寄出過這封信，這個案子也就不了了之…\n\n但這位媽媽突然又聯繫了偵探社表示她已潛入科學家的研究所，\n希望我們能派出偵探協助她，但一時之間實在抽不出人手…\n你看起來挺聰明的，能幫個忙嗎？', 28, '2022-12-12 07:34:00', '2022-12-12 07:34:00'),
(79, '偵訊現場', '79.jpg', 4, 6, 1, 5, 1, 400, 1, 2, '2022-10-19', 1, '傳說在百慕達三角洲一帶有一座神秘的島嶼，歷史至今為了前往島嶼的海盜、冒險家皆無一倖免，因此有著死亡島之稱。據說這個死亡島藏有許多珍貴的寶藏，還蘊含著不可思議的力量，唯有成功奪取寶藏並活著回來才能成為冒險王！', 28, '2022-12-12 07:34:00', '2022-12-12 07:34:00'),
(80, '那未了的話', '80.jpg', 4, 6, 1, 3, 6, 400, 1, 2, '2022-10-19', 1, '崖邊那棟樓房，磚瓦整齊鱗列，\n偶爾閃耀波光水紋，\n當地人稱這奇異樓房為──鱗屋。\n朝鱗屋望去，\n彷彿有股力量牽動著你們隱密的心緒，\n深入探索，\n如何在重重迷霧間選擇出可行之路呢？', 33, '2022-12-12 07:35:00', '2022-12-12 07:35:00'),
(81, '惠貞女子高校', '81.jpg', 4, 6, 2, 8, 4, 500, 1, 3, '2022-10-19', 1, '西域沙漠中\n突然出現了一座神秘的古墓\n陵墓的主人正是消失已久的樓蘭女王\n\n政府派出一支考古隊前往調查\n但他們卻離奇的失去了聯繫\n\n於是政府秘密派遣盜墓賊再次前往\n究竟，會在裡面發現什麼……？', 33, '2022-12-12 07:35:00', '2022-12-12 07:35:00'),
(82, '貪婪之城', '82.jpg', 4, 6, 2, 11, 5, 530, 1, 2, '2022-10-19', 1, '『一場發生在行李箱中的奇幻冒險，世界上怎麼會有那麼大的行李箱啊？\n再不逃出去，就要被永遠困在這裡了！』\n\nLoGin偵探社最近收到了一封奇怪的委託信，\n一位著急的媽媽聲稱她失蹤的15歲兒子被邪惡的科學家綁架了。(這年代還有邪惡的科學家嗎…)\n但當偵探社聯繫她時，卻又堅決否認寄出過這封信，這個案子也就不了了之…\n\n但這位媽媽突然又聯繫了偵探社表示她已潛入科學家的研究所，\n希望我們能派出偵探協助她，但一時之間實在抽不出人手…\n你看起來挺聰明的，能幫個忙嗎？', 33, '2022-12-12 07:35:00', '2022-12-12 07:35:00'),
(83, '人魚之森', '83.jpg', 4, 6, 2, 4, 2, 550, 1, 3, '2022-10-19', 1, '傳說在百慕達三角洲一帶有一座神秘的島嶼，歷史至今為了前往島嶼的海盜、冒險家皆無一倖免，因此有著死亡島之稱。據說這個死亡島藏有許多珍貴的寶藏，還蘊含著不可思議的力量，唯有成功奪取寶藏並活著回來才能成為冒險王！', 33, '2022-12-12 07:35:00', '2022-12-12 07:35:00'),
(84, '偶像出道', '84.jpg', 4, 6, 1, 7, 11, 600, 1, 4, '2022-10-19', 1, '崖邊那棟樓房，磚瓦整齊鱗列，\n偶爾閃耀波光水紋，\n當地人稱這奇異樓房為──鱗屋。\n朝鱗屋望去，\n彷彿有股力量牽動著你們隱密的心緒，\n深入探索，\n如何在重重迷霧間選擇出可行之路呢？', 33, '2022-12-12 07:35:00', '2022-12-12 07:35:00'),
(85, '馬雅魔方', '85.jpg', 4, 6, 4, 2, 11, 400, 1, 1, '2022-10-19', 1, '三條獨立故事線?古老遺跡場景?空間大型機關\n\n你曾聽過那迪亞嗎？\n遙遠的古文明存在著三大種族，只有走進迷霧島，你才能揭開他們最核心的秘密?\n\n??萬物神殿 – 平衡宇宙秩序，躲避空間機關陷阱\n??元素之門 – 古老礦場冒險，操控元素穿透維度\n??亞人試煉 – 團結創造生機，手腳並用進化人類\n\n各種族均有專屬領地，以不同種族身分多次登陸，解鎖改變最終結局！', 33, '2022-12-12 07:35:00', '2022-12-12 07:35:00'),
(86, '碟仙', '86.jpg', 4, 6, 2, 8, 4, 450, 1, 2, '2022-10-19', 1, '逼真場景 ? 滿分機關 ? 感人劇情\n全台唯一，實車機關\n荒郊野嶺，拾階而上\n扣人心弦，驚心挑戰\n\n六大賣點??\n全新沈浸體驗設計，玩家推動劇情發展\n獨一無二大型機關\n專業配音 聲臨其境\n高標準美術團隊打造，超擬真場景\n絕美動畫視覺特效\n真人互動，挑戰你的腎上腺', 39, '2022-12-12 07:35:00', '2022-12-12 07:35:00'),
(87, '曼陀羅', '87.jpg', 4, 6, 2, 3, 4, 600, 1, 3, '2022-10-19', 1, '西域沙漠中\n突然出現了一座神秘的古墓\n陵墓的主人正是消失已久的樓蘭女王\n\n政府派出一支考古隊前往調查\n但他們卻離奇的失去了聯繫\n\n於是政府秘密派遣盜墓賊再次前往\n究竟，會在裡面發現什麼……？', 39, '2022-12-12 07:35:00', '2022-12-12 07:35:00'),
(88, '鬼影刑恫', '88.jpg', 4, 6, 2, 7, 5, 650, 1, 3, '2022-10-19', 1, '『一場發生在行李箱中的奇幻冒險，世界上怎麼會有那麼大的行李箱啊？\n再不逃出去，就要被永遠困在這裡了！』\n\nLoGin偵探社最近收到了一封奇怪的委託信，\n一位著急的媽媽聲稱她失蹤的16歲兒子被邪惡的科學家綁架了。(這年代還有邪惡的科學家嗎…)\n但當偵探社聯繫她時，卻又堅決否認寄出過這封信，這個案子也就不了了之…\n\n但這位媽媽突然又聯繫了偵探社表示她已潛入科學家的研究所，\n希望我們能派出偵探協助她，但一時之間實在抽不出人手…\n你看起來挺聰明的，能幫個忙嗎？', 39, '2022-12-12 07:35:00', '2022-12-12 07:35:00'),
(89, '奇術師', '89.jpg', 4, 6, 2, 2, 4, 600, 1, 4, '2022-10-19', 1, '傳說在百慕達三角洲一帶有一座神秘的島嶼，歷史至今為了前往島嶼的海盜、冒險家皆無一倖免，因此有著死亡島之稱。據說這個死亡島藏有許多珍貴的寶藏，還蘊含著不可思議的力量，唯有成功奪取寶藏並活著回來才能成為冒險王！', 39, '2022-12-12 07:35:00', '2022-12-12 07:35:00'),
(90, '是不是勇者', '90.jpg', 4, 6, 2, 7, 5, 288, 1, 1, '2022-10-19', 1, '崖邊那棟樓房，磚瓦整齊鱗列，\n偶爾閃耀波光水紋，\n當地人稱這奇異樓房為──鱗屋。\n朝鱗屋望去，\n彷彿有股力量牽動著你們隱密的心緒，\n深入探索，\n如何在重重迷霧間選擇出可行之路呢？', 20, '2022-12-12 07:35:00', '2022-12-12 07:35:00'),
(91, '木柵欄裡的祕密', '91.jpg', 4, 6, 1, 11, 7, 210, 3, 4, '2022-10-19', 1, '三條獨立故事線?古老遺跡場景?空間大型機關\n\n你曾聽過那迪亞嗎？\n遙遠的古文明存在著三大種族，只有走進迷霧島，你才能揭開他們最核心的秘密?\n\n??萬物神殿 – 平衡宇宙秩序，躲避空間機關陷阱\n??元素之門 – 古老礦場冒險，操控元素穿透維度\n??亞人試煉 – 團結創造生機，手腳並用進化人類\n\n各種族均有專屬領地，以不同種族身分多次登陸，解鎖改變最終結局！', 20, '2022-12-12 07:35:00', '2022-12-12 07:35:00'),
(92, '翻箱盜櫃-2.0', '92.jpg', 4, 6, 2, 6, 2, 450, 1, 3, '2022-10-19', 1, '逼真場景 ? 滿分機關 ? 感人劇情\n全台唯一，實車機關\n荒郊野嶺，拾階而上\n扣人心弦，驚心挑戰\n\n六大賣點??\n全新沈浸體驗設計，玩家推動劇情發展\n獨一無二大型機關\n專業配音 聲臨其境\n高標準美術團隊打造，超擬真場景\n絕美動畫視覺特效\n真人互動，挑戰你的腎上腺', 20, '2022-12-12 07:35:00', '2022-12-12 07:35:00'),
(93, '小小鎮', '93.jpg', 4, 6, 1, 7, 5, 350, 1, 2, '2022-10-19', 1, '西域沙漠中\n突然出現了一座神秘的古墓\n陵墓的主人正是消失已久的樓蘭女王\n\n政府派出一支考古隊前往調查\n但他們卻離奇的失去了聯繫\n\n於是政府秘密派遣盜墓賊再次前往\n究竟，會在裡面發現什麼……？', 20, '2022-12-12 07:35:00', '2022-12-12 07:35:00'),
(94, '移神移鬼', '94.jpg', 4, 6, 3, 7, 5, 350, 1, 2, '2022-10-19', 1, '『一場發生在行李箱中的奇幻冒險，世界上怎麼會有那麼大的行李箱啊？\n再不逃出去，就要被永遠困在這裡了！』\n\nLoGin偵探社最近收到了一封奇怪的委託信，\n一位著急的媽媽聲稱她失蹤的17歲兒子被邪惡的科學家綁架了。(這年代還有邪惡的科學家嗎…)\n但當偵探社聯繫她時，卻又堅決否認寄出過這封信，這個案子也就不了了之…\n\n但這位媽媽突然又聯繫了偵探社表示她已潛入科學家的研究所，\n希望我們能派出偵探協助她，但一時之間實在抽不出人手…\n你看起來挺聰明的，能幫個忙嗎？', 26, '2022-12-12 07:35:00', '2022-12-12 07:35:00'),
(95, '即刻越獄', '95.jpg', 4, 6, 1, 11, 5, 250, 1, 1, '2022-10-19', 1, '傳說在百慕達三角洲一帶有一座神秘的島嶼，歷史至今為了前往島嶼的海盜、冒險家皆無一倖免，因此有著死亡島之稱。據說這個死亡島藏有許多珍貴的寶藏，還蘊含著不可思議的力量，唯有成功奪取寶藏並活著回來才能成為冒險王！', 26, '2022-12-12 07:35:00', '2022-12-12 07:35:00'),
(96, '塭噬', '96.jpg', 4, 6, 2, 8, 4, 700, 1, 4, '2022-10-19', 1, '崖邊那棟樓房，磚瓦整齊鱗列，\n偶爾閃耀波光水紋，\n當地人稱這奇異樓房為──鱗屋。\n朝鱗屋望去，\n彷彿有股力量牽動著你們隱密的心緒，\n深入探索，\n如何在重重迷霧間選擇出可行之路呢？', 26, '2022-12-12 07:35:00', '2022-12-12 07:35:00'),
(97, '美人秘湯', '97.jpg', 4, 6, 1, 4, 7, 650, 1, 3, '2022-10-19', 1, '西域沙漠中\n突然出現了一座神秘的古墓\n陵墓的主人正是消失已久的樓蘭女王\n\n政府派出一支考古隊前往調查\n但他們卻離奇的失去了聯繫\n\n於是政府秘密派遣盜墓賊再次前往\n究竟，會在裡面發現什麼……？', 26, '2022-12-12 07:35:00', '2022-12-12 07:35:00'),
(98, '獄言', '98.jpg', 4, 6, 2, 6, 4, 450, 1, 2, '2023-04-08', 1, '『一場發生在行李箱中的奇幻冒險，世界上怎麼會有那麼大的行李箱啊？\n再不逃出去，就要被永遠困在這裡了！』\n\nLoGin偵探社最近收到了一封奇怪的委託信，\n一位著急的媽媽聲稱她失蹤的16歲兒子被邪惡的科學家綁架了。(這年代還有邪惡的科學家嗎…)\n但當偵探社聯繫她時，卻又堅決否認寄出過這封信，這個案子也就不了了之…\n\n但這位媽媽突然又聯繫了偵探社表示她已潛入科學家的研究所，\n希望我們能派出偵探協助她，但一時之間實在抽不出人手…\n你看起來挺聰明的，能幫個忙嗎？', 26, '2022-12-12 07:35:00', '2022-12-12 07:35:00'),
(99, '櫻花暖居', '99.jpg', 4, 6, 1, 4, 8, 500, 1, 2, '2022-10-19', 1, '傳說在百慕達三角洲一帶有一座神秘的島嶼，歷史至今為了前往島嶼的海盜、冒險家皆無一倖免，因此有著死亡島之稱。據說這個死亡島藏有許多珍貴的寶藏，還蘊含著不可思議的力量，唯有成功奪取寶藏並活著回來才能成為冒險王！', 26, '2022-12-12 07:35:00', '2022-12-12 07:35:00'),
(100, '故世', '100.jpg', 4, 8, 2, 3, 8, 450, 1, 1, '2022-10-19', 1, '崖邊那棟樓房，磚瓦整齊鱗列，\n偶爾閃耀波光水紋，\n當地人稱這奇異樓房為──鱗屋。\n朝鱗屋望去，\n彷彿有股力量牽動著你們隱密的心緒，\n深入探索，\n如何在重重迷霧間選擇出可行之路呢？', 35, '2022-12-12 07:35:00', '2022-12-12 07:35:00'),
(101, '巴爾飯店-1407 ', '101.jpg', 4, 8, 2, 8, 4, 450, 1, 2, '2023-04-08', 1, '三條獨立故事線?古老遺跡場景?空間大型機關\n\n你曾聽過那迪亞嗎？\n遙遠的古文明存在著三大種族，只有走進迷霧島，你才能揭開他們最核心的秘密?\n\n??萬物神殿 – 平衡宇宙秩序，躲避空間機關陷阱\n??元素之門 – 古老礦場冒險，操控元素穿透維度\n??亞人試煉 – 團結創造生機，手腳並用進化人類\n\n各種族均有專屬領地，以不同種族身分多次登陸，解鎖改變最終結局！', 35, '2022-12-12 07:35:00', '2022-12-12 07:35:00'),
(102, '紅花', '102.jpg', 4, 8, 2, 4, 3, 800, 1, 4, '2022-10-19', 1, '逼真場景 ? 滿分機關 ? 感人劇情\n全台唯一，實車機關\n荒郊野嶺，拾階而上\n扣人心弦，驚心挑戰\n\n六大賣點??\n全新沈浸體驗設計，玩家推動劇情發展\n獨一無二大型機關\n專業配音 聲臨其境\n高標準美術團隊打造，超擬真場景\n絕美動畫視覺特效\n真人互動，挑戰你的腎上腺', 35, '2022-12-12 07:35:00', '2022-12-12 07:35:00'),
(103, '翻箱盜櫃', '103.jpg', 4, 8, 2, 2, 6, 600, 1, 3, '2022-10-19', 1, '西域沙漠中\n突然出現了一座神秘的古墓\n陵墓的主人正是消失已久的樓蘭女王\n\n政府派出一支考古隊前往調查\n但他們卻離奇的失去了聯繫\n\n於是政府秘密派遣盜墓賊再次前往\n究竟，會在裡面發現什麼……？', 35, '2022-12-12 07:35:00', '2022-12-12 07:35:00'),
(104, '吉屋出租', '104.jpg', 4, 8, 2, 8, 4, 500, 1, 2, '2022-10-19', 1, '『一場發生在行李箱中的奇幻冒險，世界上怎麼會有那麼大的行李箱啊？\n再不逃出去，就要被永遠困在這裡了！』\n\nLoGin偵探社最近收到了一封奇怪的委託信，\n一位著急的媽媽聲稱她失蹤的17歲兒子被邪惡的科學家綁架了。(這年代還有邪惡的科學家嗎…)\n但當偵探社聯繫她時，卻又堅決否認寄出過這封信，這個案子也就不了了之…\n\n但這位媽媽突然又聯繫了偵探社表示她已潛入科學家的研究所，\n希望我們能派出偵探協助她，但一時之間實在抽不出人手…\n你看起來挺聰明的，能幫個忙嗎？', 35, '2022-12-12 07:35:00', '2022-12-12 07:35:00'),
(105, '殭局', '105.jpg', 4, 8, 4, 4, 8, 500, 1, 2, '2022-10-19', 1, '傳說在百慕達三角洲一帶有一座神秘的島嶼，歷史至今為了前往島嶼的海盜、冒險家皆無一倖免，因此有著死亡島之稱。據說這個死亡島藏有許多珍貴的寶藏，還蘊含著不可思議的力量，唯有成功奪取寶藏並活著回來才能成為冒險王！', 36, '2022-12-12 07:35:00', '2022-12-12 07:35:00'),
(106, '童', '106.jpg', 4, 8, 1, 7, 12, 350, 1, 1, '2022-10-19', 1, '崖邊那棟樓房，磚瓦整齊鱗列，\n偶爾閃耀波光水紋，\n當地人稱這奇異樓房為──鱗屋。\n朝鱗屋望去，\n彷彿有股力量牽動著你們隱密的心緒，\n深入探索，\n如何在重重迷霧間選擇出可行之路呢？', 36, '2022-12-12 07:35:00', '2022-12-12 07:35:00'),
(107, '絕命旅舍', '107.jpg', 4, 8, 2, 4, 2, 500, 1, 3, '2022-10-19', 1, '三條獨立故事線?古老遺跡場景?空間大型機關\n\n你曾聽過那迪亞嗎？\n遙遠的古文明存在著三大種族，只有走進迷霧島，你才能揭開他們最核心的秘密?\n\n??萬物神殿 – 平衡宇宙秩序，躲避空間機關陷阱\n??元素之門 – 古老礦場冒險，操控元素穿透維度\n??亞人試煉 – 團結創造生機，手腳並用進化人類\n\n各種族均有專屬領地，以不同種族身分多次登陸，解鎖改變最終結局！', 36, '2022-12-12 07:35:00', '2022-12-12 07:35:00'),
(108, '惡一學園-丑時三刻', '108.jpg', 4, 8, 1, 8, 4, 350, 1, 2, '2023-04-08', 1, '逼真場景 ? 滿分機關 ? 感人劇情\n全台唯一，實車機關\n荒郊野嶺，拾階而上\n扣人心弦，驚心挑戰\n\n六大賣點??\n全新沈浸體驗設計，玩家推動劇情發展\n獨一無二大型機關\n專業配音 聲臨其境\n高標準美術團隊打造，超擬真場景\n絕美動畫視覺特效\n真人互動，挑戰你的腎上腺', 36, '2022-12-12 07:35:00', '2022-12-12 07:35:00'),
(109, '生日大餐', '109.jpg', 4, 8, 4, 8, 3, 600, 1, 4, '2022-10-19', 1, '西域沙漠中\n突然出現了一座神秘的古墓\n陵墓的主人正是消失已久的樓蘭女王\n\n政府派出一支考古隊前往調查\n但他們卻離奇的失去了聯繫\n\n於是政府秘密派遣盜墓賊再次前往\n究竟，會在裡面發現什麼……？', 36, '2022-12-12 07:35:00', '2022-12-12 07:35:00'),
(110, '童話的繼承者', '110.jpg', 4, 8, 1, 7, 4, 450, 1, 2, '2022-10-19', 1, '『一場發生在行李箱中的奇幻冒險，世界上怎麼會有那麼大的行李箱啊？\n再不逃出去，就要被永遠困在這裡了！』\n\nLoGin偵探社最近收到了一封奇怪的委託信，\n一位著急的媽媽聲稱她失蹤的18歲兒子被邪惡的科學家綁架了。(這年代還有邪惡的科學家嗎…)\n但當偵探社聯繫她時，卻又堅決否認寄出過這封信，這個案子也就不了了之…\n\n但這位媽媽突然又聯繫了偵探社表示她已潛入科學家的研究所，\n希望我們能派出偵探協助她，但一時之間實在抽不出人手…\n你看起來挺聰明的，能幫個忙嗎？', 37, '2022-12-12 07:35:00', '2022-12-12 07:35:00'),
(111, '咖波肚子痛', '111.jpg', 4, 8, 1, 7, 12, 500, 1, 3, '2022-10-19', 1, '傳說在百慕達三角洲一帶有一座神秘的島嶼，歷史至今為了前往島嶼的海盜、冒險家皆無一倖免，因此有著死亡島之稱。據說這個死亡島藏有許多珍貴的寶藏，還蘊含著不可思議的力量，唯有成功奪取寶藏並活著回來才能成為冒險王！', 37, '2022-12-12 07:35:00', '2022-12-12 07:35:00'),
(112, '奪寶令', '112.jpg', 4, 8, 2, 11, 6, 500, 1, 3, '2022-10-19', 1, '崖邊那棟樓房，磚瓦整齊鱗列，\n偶爾閃耀波光水紋，\n當地人稱這奇異樓房為──鱗屋。\n朝鱗屋望去，\n彷彿有股力量牽動著你們隱密的心緒，\n深入探索，\n如何在重重迷霧間選擇出可行之路呢？', 37, '2022-12-12 07:35:00', '2022-12-12 07:35:00'),
(113, '逆轉偵訊室', '113.jpg', 4, 8, 2, 3, 4, 400, 1, 1, '2022-10-19', 1, '西域沙漠中\n突然出現了一座神秘的古墓\n陵墓的主人正是消失已久的樓蘭女王\n\n政府派出一支考古隊前往調查\n但他們卻離奇的失去了聯繫\n\n於是政府秘密派遣盜墓賊再次前往\n究竟，會在裡面發現什麼……？', 37, '2022-12-12 07:35:00', '2022-12-12 07:35:00'),
(114, '餓夜協奏曲', '114.jpg', 4, 8, 2, 5, 7, 550, 1, 4, '2022-10-19', 1, '『一場發生在行李箱中的奇幻冒險，世界上怎麼會有那麼大的行李箱啊？\n再不逃出去，就要被永遠困在這裡了！』\n\nLoGin偵探社最近收到了一封奇怪的委託信，\n一位著急的媽媽聲稱她失蹤的17歲兒子被邪惡的科學家綁架了。(這年代還有邪惡的科學家嗎…)\n但當偵探社聯繫她時，卻又堅決否認寄出過這封信，這個案子也就不了了之…\n\n但這位媽媽突然又聯繫了偵探社表示她已潛入科學家的研究所，\n希望我們能派出偵探協助她，但一時之間實在抽不出人手…\n你看起來挺聰明的，能幫個忙嗎？', 37, '2022-12-12 07:35:00', '2022-12-12 07:35:00'),
(115, '巫毒-詛咒森林', '115.jpg', 4, 8, 1, 4, 2, 375, 1, 2, '2022-10-19', 1, '傳說在百慕達三角洲一帶有一座神秘的島嶼，歷史至今為了前往島嶼的海盜、冒險家皆無一倖免，因此有著死亡島之稱。據說這個死亡島藏有許多珍貴的寶藏，還蘊含著不可思議的力量，唯有成功奪取寶藏並活著回來才能成為冒險王！', 22, '2022-12-12 07:35:00', '2022-12-12 07:35:00'),
(116, '抓狂首映會', '116.jpg', 4, 8, 5, 14, 10, 600, 1, 4, '2022-10-19', 1, '崖邊那棟樓房，磚瓦整齊鱗列，\n偶爾閃耀波光水紋，\n當地人稱這奇異樓房為──鱗屋。\n朝鱗屋望去，\n彷彿有股力量牽動著你們隱密的心緒，\n深入探索，\n如何在重重迷霧間選擇出可行之路呢？', 22, '2022-12-12 07:35:00', '2022-12-12 07:35:00'),
(117, '傘', '117.jpg', 4, 8, 1, 8, 4, 350, 1, 2, '2022-10-19', 1, '三條獨立故事線?古老遺跡場景?空間大型機關\n\n你曾聽過那迪亞嗎？\n遙遠的古文明存在著三大種族，只有走進迷霧島，你才能揭開他們最核心的秘密?\n\n??萬物神殿 – 平衡宇宙秩序，躲避空間機關陷阱\n??元素之門 – 古老礦場冒險，操控元素穿透維度\n??亞人試煉 – 團結創造生機，手腳並用進化人類\n\n各種族均有專屬領地，以不同種族身分多次登陸，解鎖改變最終結局！', 22, '2022-12-12 07:35:00', '2022-12-12 07:35:00'),
(118, '期末考', '118.jpg', 4, 8, 2, 7, 5, 450, 1, 3, '2022-10-19', 1, '逼真場景 ? 滿分機關 ? 感人劇情\n全台唯一，實車機關\n荒郊野嶺，拾階而上\n扣人心弦，驚心挑戰\n\n六大賣點??\n全新沈浸體驗設計，玩家推動劇情發展\n獨一無二大型機關\n專業配音 聲臨其境\n高標準美術團隊打造，超擬真場景\n絕美動畫視覺特效\n真人互動，挑戰你的腎上腺', 22, '2022-12-12 07:35:00', '2022-12-12 07:35:00'),
(119, '審判者', '119.jpg', 4, 8, 1, 1, 13, 300, 1, 1, '2022-10-19', 1, '西域沙漠中\n突然出現了一座神秘的古墓\n陵墓的主人正是消失已久的樓蘭女王\n\n政府派出一支考古隊前往調查\n但他們卻離奇的失去了聯繫\n\n於是政府秘密派遣盜墓賊再次前往\n究竟，會在裡面發現什麼……？', 22, '2022-12-12 07:35:00', '2022-12-12 07:35:00'),
(120, '鬼新娘', '120.jpg', 4, 8, 2, 2, 4, 400, 1, 3, '2022-10-19', 1, '『一場發生在行李箱中的奇幻冒險，世界上怎麼會有那麼大的行李箱啊？\n再不逃出去，就要被永遠困在這裡了！』\n\nLoGin偵探社最近收到了一封奇怪的委託信，\n一位著急的媽媽聲稱她失蹤的18歲兒子被邪惡的科學家綁架了。(這年代還有邪惡的科學家嗎…)\n但當偵探社聯繫她時，卻又堅決否認寄出過這封信，這個案子也就不了了之…\n\n但這位媽媽突然又聯繫了偵探社表示她已潛入科學家的研究所，\n希望我們能派出偵探協助她，但一時之間實在抽不出人手…\n你看起來挺聰明的，能幫個忙嗎？', 23, '2022-12-12 07:35:00', '2022-12-12 07:35:00'),
(121, '跨越時空的遺產', '121.jpg', 4, 8, 2, 7, 5, 400, 1, 2, '2022-10-19', 1, '傳說在百慕達三角洲一帶有一座神秘的島嶼，歷史至今為了前往島嶼的海盜、冒險家皆無一倖免，因此有著死亡島之稱。據說這個死亡島藏有許多珍貴的寶藏，還蘊含著不可思議的力量，唯有成功奪取寶藏並活著回來才能成為冒險王！', 23, '2022-12-12 07:35:00', '2022-12-12 07:35:00'),
(122, '布蘭古堡Ｉ-疑雲', '122.jpg', 4, 8, 2, 4, 2, 400, 1, 2, '2022-10-19', 1, '崖邊那棟樓房，磚瓦整齊鱗列，\n偶爾閃耀波光水紋，\n當地人稱這奇異樓房為──鱗屋。\n朝鱗屋望去，\n彷彿有股力量牽動著你們隱密的心緒，\n深入探索，\n如何在重重迷霧間選擇出可行之路呢？', 23, '2022-12-12 07:35:00', '2022-12-12 07:35:00'),
(123, '入侵者-森林的哀嚎', '123.jpg', 4, 8, 2, 4, 2, 380, 1, 1, '2023-04-08', 1, '三條獨立故事線?古老遺跡場景?空間大型機關\n\n你曾聽過那迪亞嗎？\n遙遠的古文明存在著三大種族，只有走進迷霧島，你才能揭開他們最核心的秘密?\n\n??萬物神殿 – 平衡宇宙秩序，躲避空間機關陷阱\n??元素之門 – 古老礦場冒險，操控元素穿透維度\n??亞人試煉 – 團結創造生機，手腳並用進化人類\n\n各種族均有專屬領地，以不同種族身分多次登陸，解鎖改變最終結局！', 23, '2022-12-12 07:35:00', '2022-12-12 07:35:00'),
(124, '伯爵X的委託二', '124.jpg', 4, 8, 2, 1, 6, 380, 1, 1, '2022-10-19', 1, '逼真場景 ? 滿分機關 ? 感人劇情\n全台唯一，實車機關\n荒郊野嶺，拾階而上\n扣人心弦，驚心挑戰\n\n六大賣點??\n全新沈浸體驗設計，玩家推動劇情發展\n獨一無二大型機關\n專業配音 聲臨其境\n高標準美術團隊打造，超擬真場景\n絕美動畫視覺特效\n真人互動，挑戰你的腎上腺', 23, '2022-12-12 07:35:00', '2022-12-12 07:35:00'),
(125, '交替', '125.jpg', 4, 8, 1, 8, 4, 400, 1, 2, '2022-10-19', 1, '西域沙漠中\n突然出現了一座神秘的古墓\n陵墓的主人正是消失已久的樓蘭女王\n\n政府派出一支考古隊前往調查\n但他們卻離奇的失去了聯繫\n\n於是政府秘密派遣盜墓賊再次前往\n究竟，會在裡面發現什麼……？', 40, '2022-12-12 07:35:00', '2022-12-12 07:35:00'),
(126, '森林之心', '126.jpg', 4, 8, 1, 4, 7, 300, 1, 1, '2022-10-19', 1, '『一場發生在行李箱中的奇幻冒險，世界上怎麼會有那麼大的行李箱啊？\n再不逃出去，就要被永遠困在這裡了！』\n\nLoGin偵探社最近收到了一封奇怪的委託信，\n一位著急的媽媽聲稱她失蹤的19歲兒子被邪惡的科學家綁架了。(這年代還有邪惡的科學家嗎…)\n但當偵探社聯繫她時，卻又堅決否認寄出過這封信，這個案子也就不了了之…\n\n但這位媽媽突然又聯繫了偵探社表示她已潛入科學家的研究所，\n希望我們能派出偵探協助她，但一時之間實在抽不出人手…\n你看起來挺聰明的，能幫個忙嗎？', 40, '2022-12-12 07:35:00', '2022-12-12 07:35:00'),
(127, '理髮師-陶德卡特', '127.jpg', 4, 8, 2, 4, 3, 500, 1, 3, '2022-10-19', 1, '傳說在百慕達三角洲一帶有一座神秘的島嶼，歷史至今為了前往島嶼的海盜、冒險家皆無一倖免，因此有著死亡島之稱。據說這個死亡島藏有許多珍貴的寶藏，還蘊含著不可思議的力量，唯有成功奪取寶藏並活著回來才能成為冒險王！', 40, '2022-12-12 07:35:00', '2022-12-12 07:35:00'),
(128, '盜月筆記', '128.jpg', 4, 8, 1, 4, 6, 500, 1, 3, '2022-10-19', 1, '崖邊那棟樓房，磚瓦整齊鱗列，\n偶爾閃耀波光水紋，\n當地人稱這奇異樓房為──鱗屋。\n朝鱗屋望去，\n彷彿有股力量牽動著你們隱密的心緒，\n深入探索，\n如何在重重迷霧間選擇出可行之路呢？', 40, '2022-12-12 07:35:00', '2022-12-12 07:35:00'),
(129, '盜義有道', '129.jpg', 4, 8, 3, 2, 5, 300, 1, 1, '2023-04-08', 1, '西域沙漠中\n突然出現了一座神秘的古墓\n陵墓的主人正是消失已久的樓蘭女王\n\n政府派出一支考古隊前往調查\n但他們卻離奇的失去了聯繫\n\n於是政府秘密派遣盜墓賊再次前往\n究竟，會在裡面發現什麼……？', 40, '2022-12-12 07:35:00', '2022-12-12 07:35:00'),
(130, '冥古屋', '130.jpg', 4, 10, 1, 7, 2, 625, 1, 4, '2022-10-19', 1, '『一場發生在行李箱中的奇幻冒險，世界上怎麼會有那麼大的行李箱啊？\n再不逃出去，就要被永遠困在這裡了！』\n\nLoGin偵探社最近收到了一封奇怪的委託信，\n一位著急的媽媽聲稱她失蹤的18歲兒子被邪惡的科學家綁架了。(這年代還有邪惡的科學家嗎…)\n但當偵探社聯繫她時，卻又堅決否認寄出過這封信，這個案子也就不了了之…\n\n但這位媽媽突然又聯繫了偵探社表示她已潛入科學家的研究所，\n希望我們能派出偵探協助她，但一時之間實在抽不出人手…\n你看起來挺聰明的，能幫個忙嗎？', 2, '2022-12-12 07:35:00', '2022-12-12 07:35:00'),
(131, '前哨戰－走私對決', '131.jpg', 4, 10, 2, 10, 13, 500, 1, 3, '2022-10-19', 1, '傳說在百慕達三角洲一帶有一座神秘的島嶼，歷史至今為了前往島嶼的海盜、冒險家皆無一倖免，因此有著死亡島之稱。據說這個死亡島藏有許多珍貴的寶藏，還蘊含著不可思議的力量，唯有成功奪取寶藏並活著回來才能成為冒險王！', 2, '2022-12-12 07:35:00', '2022-12-12 07:35:00'),
(132, '布蘭古堡ＩＩ-鬼影', '132.jpg', 4, 10, 2, 4, 2, 400, 1, 1, '2022-10-19', 1, '崖邊那棟樓房，磚瓦整齊鱗列，\n偶爾閃耀波光水紋，\n當地人稱這奇異樓房為──鱗屋。\n朝鱗屋望去，\n彷彿有股力量牽動著你們隱密的心緒，\n深入探索，\n如何在重重迷霧間選擇出可行之路呢？', 2, '2022-12-12 07:35:00', '2022-12-12 07:35:00'),
(133, '那維亞之章', '133.jpg', 4, 10, 2, 11, 6, 500, 1, 2, '2022-10-19', 1, '三條獨立故事線?古老遺跡場景?空間大型機關\n\n你曾聽過那迪亞嗎？\n遙遠的古文明存在著三大種族，只有走進迷霧島，你才能揭開他們最核心的秘密?\n\n??萬物神殿 – 平衡宇宙秩序，躲避空間機關陷阱\n??元素之門 – 古老礦場冒險，操控元素穿透維度\n??亞人試煉 – 團結創造生機，手腳並用進化人類\n\n各種族均有專屬領地，以不同種族身分多次登陸，解鎖改變最終結局！', 2, '2022-12-12 07:35:00', '2022-12-12 07:35:00'),
(134, '羅莎初章', '134.jpg', 4, 10, 2, 1, 6, 400, 1, 2, '2022-10-19', 1, '逼真場景 ? 滿分機關 ? 感人劇情\n全台唯一，實車機關\n荒郊野嶺，拾階而上\n扣人心弦，驚心挑戰\n\n六大賣點??\n全新沈浸體驗設計，玩家推動劇情發展\n獨一無二大型機關\n專業配音 聲臨其境\n高標準美術團隊打造，超擬真場景\n絕美動畫視覺特效\n真人互動，挑戰你的腎上腺', 2, '2022-12-12 07:35:00', '2022-12-12 07:35:00'),
(135, '搜索令', '135.jpg', 4, 10, 2, 8, 9, 500, 1, 3, '2022-10-19', 1, '西域沙漠中\n突然出現了一座神秘的古墓\n陵墓的主人正是消失已久的樓蘭女王\n\n政府派出一支考古隊前往調查\n但他們卻離奇的失去了聯繫\n\n於是政府秘密派遣盜墓賊再次前往\n究竟，會在裡面發現什麼……？', 2, '2022-12-12 07:35:00', '2022-12-12 07:35:00'),
(136, '鎮龍脈', '136.jpg', 4, 10, 1, 2, 5, 500, 1, 2, '2022-10-19', 1, '『一場發生在行李箱中的奇幻冒險，世界上怎麼會有那麼大的行李箱啊？\n再不逃出去，就要被永遠困在這裡了！』\n\nLoGin偵探社最近收到了一封奇怪的委託信，\n一位著急的媽媽聲稱她失蹤的19歲兒子被邪惡的科學家綁架了。(這年代還有邪惡的科學家嗎…)\n但當偵探社聯繫她時，卻又堅決否認寄出過這封信，這個案子也就不了了之…\n\n但這位媽媽突然又聯繫了偵探社表示她已潛入科學家的研究所，\n希望我們能派出偵探協助她，但一時之間實在抽不出人手…\n你看起來挺聰明的，能幫個忙嗎？', 3, '2022-12-12 07:35:00', '2022-12-12 07:35:00'),
(137, '第九夜', '137.jpg', 4, 10, 2, 3, 6, 500, 1, 2, '2022-10-19', 1, '傳說在百慕達三角洲一帶有一座神秘的島嶼，歷史至今為了前往島嶼的海盜、冒險家皆無一倖免，因此有著死亡島之稱。據說這個死亡島藏有許多珍貴的寶藏，還蘊含著不可思議的力量，唯有成功奪取寶藏並活著回來才能成為冒險王！', 3, '2022-12-12 07:35:00', '2022-12-12 07:35:00'),
(138, '野獸之心', '138.jpg', 4, 10, 4, 4, 3, 500, 1, 3, '2022-10-19', 1, '崖邊那棟樓房，磚瓦整齊鱗列，\n偶爾閃耀波光水紋，\n當地人稱這奇異樓房為──鱗屋。\n朝鱗屋望去，\n彷彿有股力量牽動著你們隱密的心緒，\n深入探索，\n如何在重重迷霧間選擇出可行之路呢？', 3, '2022-12-12 07:35:00', '2022-12-12 07:35:00'),
(139, '奎蕾精神病院', '139.jpg', 4, 10, 1, 4, 8, 500, 1, 2, '2022-10-19', 1, '三條獨立故事線?古老遺跡場景?空間大型機關\n\n你曾聽過那迪亞嗎？\n遙遠的古文明存在著三大種族，只有走進迷霧島，你才能揭開他們最核心的秘密?\n\n??萬物神殿 – 平衡宇宙秩序，躲避空間機關陷阱\n??元素之門 – 古老礦場冒險，操控元素穿透維度\n??亞人試煉 – 團結創造生機，手腳並用進化人類\n\n各種族均有專屬領地，以不同種族身分多次登陸，解鎖改變最終結局！', 3, '2022-12-12 07:35:00', '2022-12-12 07:35:00'),
(140, '制裁者', '140.jpg', 6, 8, 2, 3, 5, 400, 3, 4, '2022-10-19', 1, '逼真場景 ? 滿分機關 ? 感人劇情\n全台唯一，實車機關\n荒郊野嶺，拾階而上\n扣人心弦，驚心挑戰\n\n六大賣點??\n全新沈浸體驗設計，玩家推動劇情發展\n獨一無二大型機關\n專業配音 聲臨其境\n高標準美術團隊打造，超擬真場景\n絕美動畫視覺特效\n真人互動，挑戰你的腎上腺', 3, '2022-12-12 07:35:00', '2022-12-12 07:35:00'),
(141, '解鑰', '141.jpg', 6, 8, 1, 11, 5, 300, 1, 1, '2022-10-19', 1, '西域沙漠中\n突然出現了一座神秘的古墓\n陵墓的主人正是消失已久的樓蘭女王\n\n政府派出一支考古隊前往調查\n但他們卻離奇的失去了聯繫\n\n於是政府秘密派遣盜墓賊再次前往\n究竟，會在裡面發現什麼……？', 11, '2022-12-12 07:36:00', '2022-12-12 07:36:00'),
(142, '嬰魂嚇水道', '142.jpg', 6, 8, 2, 2, 4, 500, 1, 4, '2022-10-19', 1, '『一場發生在行李箱中的奇幻冒險，世界上怎麼會有那麼大的行李箱啊？\n再不逃出去，就要被永遠困在這裡了！』\n\nLoGin偵探社最近收到了一封奇怪的委託信，\n一位著急的媽媽聲稱她失蹤的20歲兒子被邪惡的科學家綁架了。(這年代還有邪惡的科學家嗎…)\n但當偵探社聯繫她時，卻又堅決否認寄出過這封信，這個案子也就不了了之…\n\n但這位媽媽突然又聯繫了偵探社表示她已潛入科學家的研究所，\n希望我們能派出偵探協助她，但一時之間實在抽不出人手…\n你看起來挺聰明的，能幫個忙嗎？', 11, '2022-12-12 07:36:00', '2022-12-12 07:36:00'),
(143, '屍控邊緣', '143.jpg', 6, 8, 1, 9, 4, 350, 1, 1, '2022-10-19', 1, '傳說在百慕達三角洲一帶有一座神秘的島嶼，歷史至今為了前往島嶼的海盜、冒險家皆無一倖免，因此有著死亡島之稱。據說這個死亡島藏有許多珍貴的寶藏，還蘊含著不可思議的力量，唯有成功奪取寶藏並活著回來才能成為冒險王！', 11, '2022-12-12 07:36:00', '2022-12-12 07:36:00'),
(144, '被神遺棄的女孩', '144.jpg', 6, 8, 2, 8, 4, 400, 1, 2, '2022-10-19', 1, '崖邊那棟樓房，磚瓦整齊鱗列，\n偶爾閃耀波光水紋，\n當地人稱這奇異樓房為──鱗屋。\n朝鱗屋望去，\n彷彿有股力量牽動著你們隱密的心緒，\n深入探索，\n如何在重重迷霧間選擇出可行之路呢？', 11, '2022-12-12 07:36:00', '2022-12-12 07:36:00'),
(145, '逃出火箭隊R', '145.jpg', 6, 8, 2, 7, 5, 450, 1, 3, '2022-10-19', 1, '西域沙漠中\n突然出現了一座神秘的古墓\n陵墓的主人正是消失已久的樓蘭女王\n\n政府派出一支考古隊前往調查\n但他們卻離奇的失去了聯繫\n\n於是政府秘密派遣盜墓賊再次前往\n究竟，會在裡面發現什麼……？', 11, '2022-12-12 07:36:00', '2022-12-12 07:36:00'),
(146, '嚇水道', '146.jpg', 6, 8, 3, 8, 4, 400, 1, 2, '2023-04-08', 1, '『一場發生在行李箱中的奇幻冒險，世界上怎麼會有那麼大的行李箱啊？\n再不逃出去，就要被永遠困在這裡了！』\n\nLoGin偵探社最近收到了一封奇怪的委託信，\n一位著急的媽媽聲稱她失蹤的19歲兒子被邪惡的科學家綁架了。(這年代還有邪惡的科學家嗎…)\n但當偵探社聯繫她時，卻又堅決否認寄出過這封信，這個案子也就不了了之…\n\n但這位媽媽突然又聯繫了偵探社表示她已潛入科學家的研究所，\n希望我們能派出偵探協助她，但一時之間實在抽不出人手…\n你看起來挺聰明的，能幫個忙嗎？', 11, '2022-12-12 07:36:00', '2022-12-12 07:36:00'),
(147, '翻箱盜櫃-上鎖的靈感', '147.jpg', 6, 8, 2, 2, 4, 380, 1, 2, '2022-10-19', 1, '傳說在百慕達三角洲一帶有一座神秘的島嶼，歷史至今為了前往島嶼的海盜、冒險家皆無一倖免，因此有著死亡島之稱。據說這個死亡島藏有許多珍貴的寶藏，還蘊含著不可思議的力量，唯有成功奪取寶藏並活著回來才能成為冒險王！', 12, '2022-12-12 07:36:00', '2022-12-12 07:36:00'),
(148, '伊甸I-亞當覺醒', '148.jpg', 6, 8, 3, 6, 10, 600, 1, 4, '2022-10-19', 1, '崖邊那棟樓房，磚瓦整齊鱗列，\n偶爾閃耀波光水紋，\n當地人稱這奇異樓房為──鱗屋。\n朝鱗屋望去，\n彷彿有股力量牽動著你們隱密的心緒，\n深入探索，\n如何在重重迷霧間選擇出可行之路呢？', 12, '2022-12-12 07:36:00', '2022-12-12 07:36:00'),
(149, '霸王', '149.jpg', 6, 8, 2, 4, 6, 300, 1, 1, '2022-10-19', 1, '三條獨立故事線?古老遺跡場景?空間大型機關\n\n你曾聽過那迪亞嗎？\n遙遠的古文明存在著三大種族，只有走進迷霧島，你才能揭開他們最核心的秘密?\n\n??萬物神殿 – 平衡宇宙秩序，躲避空間機關陷阱\n??元素之門 – 古老礦場冒險，操控元素穿透維度\n??亞人試煉 – 團結創造生機，手腳並用進化人類\n\n各種族均有專屬領地，以不同種族身分多次登陸，解鎖改變最終結局！', 12, '2022-12-12 07:36:00', '2022-12-12 07:36:00'),
(150, '瞞天越獄', '150.jpg', 6, 8, 1, 11, 5, 500, 1, 3, '2022-10-19', 1, '逼真場景 ? 滿分機關 ? 感人劇情\n全台唯一，實車機關\n荒郊野嶺，拾階而上\n扣人心弦，驚心挑戰\n\n六大賣點??\n全新沈浸體驗設計，玩家推動劇情發展\n獨一無二大型機關\n專業配音 聲臨其境\n高標準美術團隊打造，超擬真場景\n絕美動畫視覺特效\n真人互動，挑戰你的腎上腺', 12, '2022-12-12 07:36:00', '2022-12-12 07:36:00'),
(151, '奪命鎖鏈1', '151.jpg', 6, 8, 1, 11, 6, 400, 1, 2, '2022-10-19', 1, '西域沙漠中\n突然出現了一座神秘的古墓\n陵墓的主人正是消失已久的樓蘭女王\n\n政府派出一支考古隊前往調查\n但他們卻離奇的失去了聯繫\n\n於是政府秘密派遣盜墓賊再次前往\n究竟，會在裡面發現什麼……？', 13, '2022-12-12 07:36:00', '2022-12-12 07:36:00'),
(152, '聊齋奇遇', '152.jpg', 6, 8, 1, 2, 4, 330, 1, 1, '2022-10-19', 1, '『一場發生在行李箱中的奇幻冒險，世界上怎麼會有那麼大的行李箱啊？\n再不逃出去，就要被永遠困在這裡了！』\n\nLoGin偵探社最近收到了一封奇怪的委託信，\n一位著急的媽媽聲稱她失蹤的20歲兒子被邪惡的科學家綁架了。(這年代還有邪惡的科學家嗎…)\n但當偵探社聯繫她時，卻又堅決否認寄出過這封信，這個案子也就不了了之…\n\n但這位媽媽突然又聯繫了偵探社表示她已潛入科學家的研究所，\n希望我們能派出偵探協助她，但一時之間實在抽不出人手…\n你看起來挺聰明的，能幫個忙嗎？', 13, '2022-12-12 07:36:00', '2022-12-12 07:36:00'),
(153, '陰緣', '153.jpg', 6, 8, 2, 8, 4, 600, 1, 2, '2022-10-19', 1, '傳說在百慕達三角洲一帶有一座神秘的島嶼，歷史至今為了前往島嶼的海盜、冒險家皆無一倖免，因此有著死亡島之稱。據說這個死亡島藏有許多珍貴的寶藏，還蘊含著不可思議的力量，唯有成功奪取寶藏並活著回來才能成為冒險王！', 13, '2022-12-12 07:36:00', '2022-12-12 07:36:00'),
(154, '符藝思盒', '154.jpg', 6, 8, 1, 7, 5, 400, 1, 2, '2023-04-08', 1, '崖邊那棟樓房，磚瓦整齊鱗列，\n偶爾閃耀波光水紋，\n當地人稱這奇異樓房為──鱗屋。\n朝鱗屋望去，\n彷彿有股力量牽動著你們隱密的心緒，\n深入探索，\n如何在重重迷霧間選擇出可行之路呢？', 13, '2022-12-12 07:36:00', '2022-12-12 07:36:00'),
(155, '淡水-1884', '155.jpg', 6, 8, 4, 11, 6, 210, 3, 3, '2022-10-19', 1, '三條獨立故事線?古老遺跡場景?空間大型機關\n\n你曾聽過那迪亞嗎？\n遙遠的古文明存在著三大種族，只有走進迷霧島，你才能揭開他們最核心的秘密?\n\n??萬物神殿 – 平衡宇宙秩序，躲避空間機關陷阱\n??元素之門 – 古老礦場冒險，操控元素穿透維度\n??亞人試煉 – 團結創造生機，手腳並用進化人類\n\n各種族均有專屬領地，以不同種族身分多次登陸，解鎖改變最終結局！', 13, '2022-12-12 07:36:00', '2022-12-12 07:36:00'),
(156, '伯爵X的委託', '156.jpg', 6, 8, 1, 1, 3, 290, 2, 3, '2022-10-19', 1, '逼真場景 ? 滿分機關 ? 感人劇情\n全台唯一，實車機關\n荒郊野嶺，拾階而上\n扣人心弦，驚心挑戰\n\n六大賣點??\n全新沈浸體驗設計，玩家推動劇情發展\n獨一無二大型機關\n專業配音 聲臨其境\n高標準美術團隊打造，超擬真場景\n絕美動畫視覺特效\n真人互動，挑戰你的腎上腺', 15, '2022-12-12 07:36:00', '2022-12-12 07:36:00'),
(157, '失落的隕石神殿', '157.jpg', 6, 8, 2, 2, 6, 280, 1, 1, '2022-10-19', 1, '西域沙漠中\n突然出現了一座神秘的古墓\n陵墓的主人正是消失已久的樓蘭女王\n\n政府派出一支考古隊前往調查\n但他們卻離奇的失去了聯繫\n\n於是政府秘密派遣盜墓賊再次前往\n究竟，會在裡面發現什麼……？', 15, '2022-12-12 07:36:00', '2022-12-12 07:36:00'),
(158, '小偷培訓班', '158.jpg', 6, 8, 2, 4, 7, 650, 1, 4, '2022-10-19', 1, '『一場發生在行李箱中的奇幻冒險，世界上怎麼會有那麼大的行李箱啊？\n再不逃出去，就要被永遠困在這裡了！』\n\nLoGin偵探社最近收到了一封奇怪的委託信，\n一位著急的媽媽聲稱她失蹤的21歲兒子被邪惡的科學家綁架了。(這年代還有邪惡的科學家嗎…)\n但當偵探社聯繫她時，卻又堅決否認寄出過這封信，這個案子也就不了了之…\n\n但這位媽媽突然又聯繫了偵探社表示她已潛入科學家的研究所，\n希望我們能派出偵探協助她，但一時之間實在抽不出人手…\n你看起來挺聰明的，能幫個忙嗎？', 15, '2022-12-12 07:36:00', '2022-12-12 07:36:00'),
(159, '娃娃', '159.jpg', 6, 8, 1, 8, 4, 400, 1, 2, '2022-10-19', 1, '傳說在百慕達三角洲一帶有一座神秘的島嶼，歷史至今為了前往島嶼的海盜、冒險家皆無一倖免，因此有著死亡島之稱。據說這個死亡島藏有許多珍貴的寶藏，還蘊含著不可思議的力量，唯有成功奪取寶藏並活著回來才能成為冒險王！', 15, '2022-12-12 07:36:00', '2022-12-12 07:36:00'),
(160, '龍劫', '160.jpg', 6, 8, 2, 7, 6, 475, 1, 3, '2022-10-19', 1, '崖邊那棟樓房，磚瓦整齊鱗列，\n偶爾閃耀波光水紋，\n當地人稱這奇異樓房為──鱗屋。\n朝鱗屋望去，\n彷彿有股力量牽動著你們隱密的心緒，\n深入探索，\n如何在重重迷霧間選擇出可行之路呢？', 15, '2022-12-12 07:36:00', '2022-12-12 07:36:00'),
(161, '賭婪?', '161.jpg', 6, 8, 1, 7, 11, 600, 1, 4, '2022-10-19', 1, '西域沙漠中\n突然出現了一座神秘的古墓\n陵墓的主人正是消失已久的樓蘭女王\n\n政府派出一支考古隊前往調查\n但他們卻離奇的失去了聯繫\n\n於是政府秘密派遣盜墓賊再次前往\n究竟，會在裡面發現什麼……？', 27, '2022-12-12 07:36:00', '2022-12-12 07:36:00'),
(162, '邪咒曲', '162.jpg', 6, 8, 3, 8, 4, 300, 1, 1, '2022-10-19', 1, '『一場發生在行李箱中的奇幻冒險，世界上怎麼會有那麼大的行李箱啊？\n再不逃出去，就要被永遠困在這裡了！』\n\nLoGin偵探社最近收到了一封奇怪的委託信，\n一位著急的媽媽聲稱她失蹤的20歲兒子被邪惡的科學家綁架了。(這年代還有邪惡的科學家嗎…)\n但當偵探社聯繫她時，卻又堅決否認寄出過這封信，這個案子也就不了了之…\n\n但這位媽媽突然又聯繫了偵探社表示她已潛入科學家的研究所，\n希望我們能派出偵探協助她，但一時之間實在抽不出人手…\n你看起來挺聰明的，能幫個忙嗎？', 27, '2022-12-12 07:36:00', '2022-12-12 07:36:00'),
(163, '囑', '163.jpg', 6, 8, 1, 4, 8, 550, 1, 3, '2022-10-19', 1, '傳說在百慕達三角洲一帶有一座神秘的島嶼，歷史至今為了前往島嶼的海盜、冒險家皆無一倖免，因此有著死亡島之稱。據說這個死亡島藏有許多珍貴的寶藏，還蘊含著不可思議的力量，唯有成功奪取寶藏並活著回來才能成為冒險王！', 27, '2022-12-12 07:36:00', '2022-12-12 07:36:00'),
(164, '玩具驚魂夜', '164.jpg', 6, 8, 2, 7, 11, 400, 1, 2, '2022-10-19', 1, '崖邊那棟樓房，磚瓦整齊鱗列，\n偶爾閃耀波光水紋，\n當地人稱這奇異樓房為──鱗屋。\n朝鱗屋望去，\n彷彿有股力量牽動著你們隱密的心緒，\n深入探索，\n如何在重重迷霧間選擇出可行之路呢？', 27, '2022-12-12 07:36:00', '2022-12-12 07:36:00'),
(165, '尋夢少女', '165.jpg', 6, 8, 1, 2, 11, 500, 1, 3, '2022-10-19', 1, '三條獨立故事線?古老遺跡場景?空間大型機關\n\n你曾聽過那迪亞嗎？\n遙遠的古文明存在著三大種族，只有走進迷霧島，你才能揭開他們最核心的秘密?\n\n??萬物神殿 – 平衡宇宙秩序，躲避空間機關陷阱\n??元素之門 – 古老礦場冒險，操控元素穿透維度\n??亞人試煉 – 團結創造生機，手腳並用進化人類\n\n各種族均有專屬領地，以不同種族身分多次登陸，解鎖改變最終結局！', 14, '2022-12-12 07:36:00', '2022-12-12 07:36:00'),
(166, '囚生', 'undefined', 6, 8, 1, 11, 6, 450, 1, 2, '2022-10-19', 0, '逼真場景 ? 滿分機關 ? 感人劇情\n全台唯一，實車機關\n荒郊野嶺，拾階而上\n扣人心弦，驚心挑戰\n\n六大賣點??\n全新沈浸體驗設計，玩家推動劇情發展\n獨一無二大型機關\n專業配音 聲臨其境\n高標準美術團隊打造，超擬真場景\n絕美動畫視覺特效\n真人互動，挑戰你的腎上腺', 14, '2022-12-12 07:36:00', '2023-03-12 13:10:33'),
(167, '歸宿', '167.jpg', 6, 8, 1, 3, 2, 550, 1, 4, '2022-10-19', 1, '西域沙漠中\n突然出現了一座神秘的古墓\n陵墓的主人正是消失已久的樓蘭女王\n\n政府派出一支考古隊前往調查\n但他們卻離奇的失去了聯繫\n\n於是政府秘密派遣盜墓賊再次前往\n究竟，會在裡面發現什麼……？', 14, '2022-12-12 07:36:00', '2022-12-12 07:36:00'),
(168, '陷阱舞台', '168.jpg', 6, 8, 5, 11, 5, 200, 1, 1, '2022-10-19', 1, '『一場發生在行李箱中的奇幻冒險，世界上怎麼會有那麼大的行李箱啊？\n再不逃出去，就要被永遠困在這裡了！』\n\nLoGin偵探社最近收到了一封奇怪的委託信，\n一位著急的媽媽聲稱她失蹤的21歲兒子被邪惡的科學家綁架了。(這年代還有邪惡的科學家嗎…)\n但當偵探社聯繫她時，卻又堅決否認寄出過這封信，這個案子也就不了了之…\n\n但這位媽媽突然又聯繫了偵探社表示她已潛入科學家的研究所，\n希望我們能派出偵探協助她，但一時之間實在抽不出人手…\n你看起來挺聰明的，能幫個忙嗎？', 14, '2022-12-12 07:36:00', '2022-12-12 07:36:00'),
(169, '莎士比亞的邀請', '169.jpg', 6, 8, 1, 3, 4, 450, 1, 3, '2023-04-08', 1, '傳說在百慕達三角洲一帶有一座神秘的島嶼，歷史至今為了前往島嶼的海盜、冒險家皆無一倖免，因此有著死亡島之稱。據說這個死亡島藏有許多珍貴的寶藏，還蘊含著不可思議的力量，唯有成功奪取寶藏並活著回來才能成為冒險王！', 14, '2022-12-12 07:36:00', '2022-12-12 07:36:00'),
(170, '夜蒐樓靜', '170.jpg', 6, 10, 1, 4, 1, 500, 2, 4, '2022-10-19', 1, '崖邊那棟樓房，磚瓦整齊鱗列，\n偶爾閃耀波光水紋，\n當地人稱這奇異樓房為──鱗屋。\n朝鱗屋望去，\n彷彿有股力量牽動著你們隱密的心緒，\n深入探索，\n如何在重重迷霧間選擇出可行之路呢？', 18, '2022-12-12 07:36:00', '2022-12-12 07:36:00'),
(171, '深夜拉麵舖', '171.jpg', 6, 10, 1, 7, 4, 450, 1, 2, '2022-10-19', 1, '三條獨立故事線?古老遺跡場景?空間大型機關\n\n你曾聽過那迪亞嗎？\n遙遠的古文明存在著三大種族，只有走進迷霧島，你才能揭開他們最核心的秘密?\n\n??萬物神殿 – 平衡宇宙秩序，躲避空間機關陷阱\n??元素之門 – 古老礦場冒險，操控元素穿透維度\n??亞人試煉 – 團結創造生機，手腳並用進化人類\n\n各種族均有專屬領地，以不同種族身分多次登陸，解鎖改變最終結局！', 18, '2022-12-12 07:36:00', '2022-12-12 07:36:00'),
(172, '超机大冒險', '172.jpg', 6, 10, 3, 7, 5, 500, 1, 3, '2022-10-19', 1, '逼真場景 ? 滿分機關 ? 感人劇情\n全台唯一，實車機關\n荒郊野嶺，拾階而上\n扣人心弦，驚心挑戰\n\n六大賣點??\n全新沈浸體驗設計，玩家推動劇情發展\n獨一無二大型機關\n專業配音 聲臨其境\n高標準美術團隊打造，超擬真場景\n絕美動畫視覺特效\n真人互動，挑戰你的腎上腺', 18, '2022-12-12 07:36:00', '2022-12-12 07:36:00'),
(173, '稻荷之歌', '173.jpg', 6, 10, 1, 4, 7, 250, 1, 1, '2022-10-19', 1, '西域沙漠中\n突然出現了一座神秘的古墓\n陵墓的主人正是消失已久的樓蘭女王\n\n政府派出一支考古隊前往調查\n但他們卻離奇的失去了聯繫\n\n於是政府秘密派遣盜墓賊再次前往\n究竟，會在裡面發現什麼……？', 18, '2022-12-12 07:36:00', '2022-12-12 07:36:00'),
(174, '山中小屋', '174.jpg', 6, 10, 2, 1, 3, 400, 1, 2, '2022-10-19', 1, '『一場發生在行李箱中的奇幻冒險，世界上怎麼會有那麼大的行李箱啊？\n再不逃出去，就要被永遠困在這裡了！』\n\nLoGin偵探社最近收到了一封奇怪的委託信，\n一位著急的媽媽聲稱她失蹤的22歲兒子被邪惡的科學家綁架了。(這年代還有邪惡的科學家嗎…)\n但當偵探社聯繫她時，卻又堅決否認寄出過這封信，這個案子也就不了了之…\n\n但這位媽媽突然又聯繫了偵探社表示她已潛入科學家的研究所，\n希望我們能派出偵探協助她，但一時之間實在抽不出人手…\n你看起來挺聰明的，能幫個忙嗎？', 18, '2022-12-12 07:36:00', '2022-12-12 07:36:00'),
(175, '水獄逃脫', '175.jpg', 6, 10, 2, 2, 7, 550, 1, 3, '2022-10-19', 1, '傳說在百慕達三角洲一帶有一座神秘的島嶼，歷史至今為了前往島嶼的海盜、冒險家皆無一倖免，因此有著死亡島之稱。據說這個死亡島藏有許多珍貴的寶藏，還蘊含著不可思議的力量，唯有成功奪取寶藏並活著回來才能成為冒險王！', 18, '2022-12-12 07:36:00', '2022-12-12 07:36:00'),
(176, '尋貓啟事', '176.jpg', 6, 10, 1, 7, 5, 350, 1, 2, '2022-10-19', 1, '崖邊那棟樓房，磚瓦整齊鱗列，\n偶爾閃耀波光水紋，\n當地人稱這奇異樓房為──鱗屋。\n朝鱗屋望去，\n彷彿有股力量牽動著你們隱密的心緒，\n深入探索，\n如何在重重迷霧間選擇出可行之路呢？', 24, '2022-12-12 07:36:00', '2022-12-12 07:36:00'),
(177, '迷屍森林', '177.jpg', 6, 10, 3, 8, 3, 400, 1, 3, '2022-10-19', 1, '西域沙漠中\n突然出現了一座神秘的古墓\n陵墓的主人正是消失已久的樓蘭女王\n\n政府派出一支考古隊前往調查\n但他們卻離奇的失去了聯繫\n\n於是政府秘密派遣盜墓賊再次前往\n究竟，會在裡面發現什麼……？', 24, '2022-12-12 07:36:00', '2022-12-12 07:36:00'),
(178, '花見小路', '178.jpg', 6, 10, 1, 4, 7, 450, 1, 3, '2023-04-08', 1, '『一場發生在行李箱中的奇幻冒險，世界上怎麼會有那麼大的行李箱啊？\n再不逃出去，就要被永遠困在這裡了！』\n\nLoGin偵探社最近收到了一封奇怪的委託信，\n一位著急的媽媽聲稱她失蹤的21歲兒子被邪惡的科學家綁架了。(這年代還有邪惡的科學家嗎…)\n但當偵探社聯繫她時，卻又堅決否認寄出過這封信，這個案子也就不了了之…\n\n但這位媽媽突然又聯繫了偵探社表示她已潛入科學家的研究所，\n希望我們能派出偵探協助她，但一時之間實在抽不出人手…\n你看起來挺聰明的，能幫個忙嗎？', 24, '2022-12-12 07:36:00', '2022-12-12 07:36:00'),
(179, '浮士德家的後院', '179.jpg', 6, 10, 2, 2, 4, 290, 1, 1, '2023-04-08', 1, '傳說在百慕達三角洲一帶有一座神秘的島嶼，歷史至今為了前往島嶼的海盜、冒險家皆無一倖免，因此有著死亡島之稱。據說這個死亡島藏有許多珍貴的寶藏，還蘊含著不可思議的力量，唯有成功奪取寶藏並活著回來才能成為冒險王！', 24, '2022-12-12 07:36:00', '2022-12-12 07:36:00'),
(180, '捷運踩地雷', '180.jpg', 6, 10, 2, 6, 11, 230, 3, 1, '2022-10-19', 1, '崖邊那棟樓房，磚瓦整齊鱗列，\n偶爾閃耀波光水紋，\n當地人稱這奇異樓房為──鱗屋。\n朝鱗屋望去，\n彷彿有股力量牽動著你們隱密的心緒，\n深入探索，\n如何在重重迷霧間選擇出可行之路呢？', 24, '2022-12-12 07:36:00', '2022-12-12 07:36:00'),
(181, '你是誰是你', '181.jpg', 6, 10, 1, 3, 2, 670, 1, 4, '2022-10-19', 1, '三條獨立故事線?古老遺跡場景?空間大型機關\n\n你曾聽過那迪亞嗎？\n遙遠的古文明存在著三大種族，只有走進迷霧島，你才能揭開他們最核心的秘密?\n\n??萬物神殿 – 平衡宇宙秩序，躲避空間機關陷阱\n??元素之門 – 古老礦場冒險，操控元素穿透維度\n??亞人試煉 – 團結創造生機，手腳並用進化人類\n\n各種族均有專屬領地，以不同種族身分多次登陸，解鎖改變最終結局！', 24, '2022-12-12 07:36:00', '2022-12-12 07:36:00'),
(182, '暗巷-束縛', '182.jpg', 6, 10, 2, 4, 8, 280, 1, 1, '2022-10-19', 1, '逼真場景 ? 滿分機關 ? 感人劇情\n全台唯一，實車機關\n荒郊野嶺，拾階而上\n扣人心弦，驚心挑戰\n\n六大賣點??\n全新沈浸體驗設計，玩家推動劇情發展\n獨一無二大型機關\n專業配音 聲臨其境\n高標準美術團隊打造，超擬真場景\n絕美動畫視覺特效\n真人互動，挑戰你的腎上腺', 29, '2022-12-12 07:36:00', '2022-12-12 07:36:00'),
(183, '枯愛', '183.jpg', 6, 10, 2, 2, 4, 400, 1, 2, '2022-10-19', 1, '西域沙漠中\n突然出現了一座神秘的古墓\n陵墓的主人正是消失已久的樓蘭女王\n\n政府派出一支考古隊前往調查\n但他們卻離奇的失去了聯繫\n\n於是政府秘密派遣盜墓賊再次前往\n究竟，會在裡面發現什麼……？', 29, '2022-12-12 07:36:00', '2022-12-12 07:36:00'),
(184, '妖怪星球', '184.jpg', 6, 10, 4, 7, 5, 450, 1, 3, '2022-10-19', 1, '『一場發生在行李箱中的奇幻冒險，世界上怎麼會有那麼大的行李箱啊？\n再不逃出去，就要被永遠困在這裡了！』\n\nLoGin偵探社最近收到了一封奇怪的委託信，\n一位著急的媽媽聲稱她失蹤的22歲兒子被邪惡的科學家綁架了。(這年代還有邪惡的科學家嗎…)\n但當偵探社聯繫她時，卻又堅決否認寄出過這封信，這個案子也就不了了之…\n\n但這位媽媽突然又聯繫了偵探社表示她已潛入科學家的研究所，\n希望我們能派出偵探協助她，但一時之間實在抽不出人手…\n你看起來挺聰明的，能幫個忙嗎？', 29, '2022-12-12 07:36:00', '2022-12-12 07:36:00'),
(185, '獄罷不能', '185.jpg', 6, 10, 1, 2, 4, 450, 1, 4, '2022-10-19', 1, '傳說在百慕達三角洲一帶有一座神秘的島嶼，歷史至今為了前往島嶼的海盜、冒險家皆無一倖免，因此有著死亡島之稱。據說這個死亡島藏有許多珍貴的寶藏，還蘊含著不可思議的力量，唯有成功奪取寶藏並活著回來才能成為冒險王！', 29, '2022-12-12 07:36:00', '2022-12-12 07:36:00'),
(186, '荒島求生', '186.jpg', 6, 10, 3, 6, 11, 400, 1, 3, '2023-04-08', 1, '崖邊那棟樓房，磚瓦整齊鱗列，\n偶爾閃耀波光水紋，\n當地人稱這奇異樓房為──鱗屋。\n朝鱗屋望去，\n彷彿有股力量牽動著你們隱密的心緒，\n深入探索，\n如何在重重迷霧間選擇出可行之路呢？', 29, '2022-12-12 07:36:00', '2022-12-12 07:36:00'),
(187, '感染', '187.jpg', 6, 10, 1, 11, 4, 250, 1, 2, '2022-10-19', 1, '三條獨立故事線?古老遺跡場景?空間大型機關\n\n你曾聽過那迪亞嗎？\n遙遠的古文明存在著三大種族，只有走進迷霧島，你才能揭開他們最核心的秘密?\n\n??萬物神殿 – 平衡宇宙秩序，躲避空間機關陷阱\n??元素之門 – 古老礦場冒險，操控元素穿透維度\n??亞人試煉 – 團結創造生機，手腳並用進化人類\n\n各種族均有專屬領地，以不同種族身分多次登陸，解鎖改變最終結局！', 30, '2022-12-12 07:36:00', '2022-12-12 07:36:00'),
(188, '異形覆沒', '188.jpg', 6, 10, 1, 5, 11, 600, 1, 3, '2022-10-19', 1, '逼真場景 ? 滿分機關 ? 感人劇情\n全台唯一，實車機關\n荒郊野嶺，拾階而上\n扣人心弦，驚心挑戰\n\n六大賣點??\n全新沈浸體驗設計，玩家推動劇情發展\n獨一無二大型機關\n專業配音 聲臨其境\n高標準美術團隊打造，超擬真場景\n絕美動畫視覺特效\n真人互動，挑戰你的腎上腺', 30, '2022-12-12 07:36:00', '2022-12-12 07:36:00'),
(189, '不完美求婚', '189.jpg', 6, 10, 2, 3, 7, 250, 1, 1, '2022-10-19', 1, '西域沙漠中\n突然出現了一座神秘的古墓\n陵墓的主人正是消失已久的樓蘭女王\n\n政府派出一支考古隊前往調查\n但他們卻離奇的失去了聯繫\n\n於是政府秘密派遣盜墓賊再次前往\n究竟，會在裡面發現什麼……？', 30, '2022-12-12 07:36:00', '2022-12-12 07:36:00');
INSERT INTO `games` (`gamesSid`, `gamesName`, `gamesImages`, `gamesPeopleMin`, `gamesPeopleMax`, `gamesDifficulty`, `gamesFeature01`, `gamesFeature02`, `gamesPrice`, `gamesSort`, `gamesTime`, `gamesOpen`, `gamesColse`, `gamesContent`, `storeSid`, `create_at`, `up_date`) VALUES
(190, '嗜血病院', '190.jpg', 6, 12, 2, 11, 4, 250, 1, 1, '2023-04-08', 1, '『一場發生在行李箱中的奇幻冒險，世界上怎麼會有那麼大的行李箱啊？\n再不逃出去，就要被永遠困在這裡了！』\n\nLoGin偵探社最近收到了一封奇怪的委託信，\n一位著急的媽媽聲稱她失蹤的23歲兒子被邪惡的科學家綁架了。(這年代還有邪惡的科學家嗎…)\n但當偵探社聯繫她時，卻又堅決否認寄出過這封信，這個案子也就不了了之…\n\n但這位媽媽突然又聯繫了偵探社表示她已潛入科學家的研究所，\n希望我們能派出偵探協助她，但一時之間實在抽不出人手…\n你看起來挺聰明的，能幫個忙嗎？', 30, '2022-12-12 07:36:00', '2022-12-12 07:36:00'),
(191, '格雷香水', '191.jpg', 6, 12, 2, 4, 10, 500, 1, 4, '2022-10-19', 1, '傳說在百慕達三角洲一帶有一座神秘的島嶼，歷史至今為了前往島嶼的海盜、冒險家皆無一倖免，因此有著死亡島之稱。據說這個死亡島藏有許多珍貴的寶藏，還蘊含著不可思議的力量，唯有成功奪取寶藏並活著回來才能成為冒險王！', 34, '2022-12-12 07:36:00', '2022-12-12 07:36:00'),
(192, '獄謀', '192.jpg', 6, 12, 2, 11, 6, 380, 1, 2, '2022-10-19', 1, '崖邊那棟樓房，磚瓦整齊鱗列，\n偶爾閃耀波光水紋，\n當地人稱這奇異樓房為──鱗屋。\n朝鱗屋望去，\n彷彿有股力量牽動著你們隱密的心緒，\n深入探索，\n如何在重重迷霧間選擇出可行之路呢？', 34, '2022-12-12 07:36:00', '2022-12-12 07:36:00'),
(193, '串城流浪記', '193.jpg', 6, 12, 2, 6, 11, 210, 3, 3, '2022-10-19', 1, '西域沙漠中\n突然出現了一座神秘的古墓\n陵墓的主人正是消失已久的樓蘭女王\n\n政府派出一支考古隊前往調查\n但他們卻離奇的失去了聯繫\n\n於是政府秘密派遣盜墓賊再次前往\n究竟，會在裡面發現什麼……？', 34, '2022-12-12 07:36:00', '2022-12-12 07:36:00'),
(194, '封鎖', '194.jpg', 6, 12, 3, 4, 1, 350, 2, 3, '2022-10-19', 1, '『一場發生在行李箱中的奇幻冒險，世界上怎麼會有那麼大的行李箱啊？\n再不逃出去，就要被永遠困在這裡了！』\n\nLoGin偵探社最近收到了一封奇怪的委託信，\n一位著急的媽媽聲稱她失蹤的22歲兒子被邪惡的科學家綁架了。(這年代還有邪惡的科學家嗎…)\n但當偵探社聯繫她時，卻又堅決否認寄出過這封信，這個案子也就不了了之…\n\n但這位媽媽突然又聯繫了偵探社表示她已潛入科學家的研究所，\n希望我們能派出偵探協助她，但一時之間實在抽不出人手…\n你看起來挺聰明的，能幫個忙嗎？', 34, '2022-12-12 07:36:00', '2022-12-12 07:36:00'),
(195, '弗瑞克樂園', '195.jpg', 6, 12, 2, 2, 9, 300, 1, 1, '2022-10-19', 1, '傳說在百慕達三角洲一帶有一座神秘的島嶼，歷史至今為了前往島嶼的海盜、冒險家皆無一倖免，因此有著死亡島之稱。據說這個死亡島藏有許多珍貴的寶藏，還蘊含著不可思議的力量，唯有成功奪取寶藏並活著回來才能成為冒險王！', 34, '2022-12-12 07:36:00', '2022-12-12 07:36:00'),
(196, '竹本家', '196.jpg', 6, 12, 1, 4, 5, 400, 1, 1, '2022-10-19', 1, '崖邊那棟樓房，磚瓦整齊鱗列，\n偶爾閃耀波光水紋，\n當地人稱這奇異樓房為──鱗屋。\n朝鱗屋望去，\n彷彿有股力量牽動著你們隱密的心緒，\n深入探索，\n如何在重重迷霧間選擇出可行之路呢？', 38, '2022-12-12 07:36:00', '2022-12-12 07:36:00'),
(197, '靈居', '197.jpg', 6, 12, 5, 4, 8, 500, 1, 2, '2022-10-19', 1, '三條獨立故事線?古老遺跡場景?空間大型機關\n\n你曾聽過那迪亞嗎？\n遙遠的古文明存在著三大種族，只有走進迷霧島，你才能揭開他們最核心的秘密?\n\n??萬物神殿 – 平衡宇宙秩序，躲避空間機關陷阱\n??元素之門 – 古老礦場冒險，操控元素穿透維度\n??亞人試煉 – 團結創造生機，手腳並用進化人類\n\n各種族均有專屬領地，以不同種族身分多次登陸，解鎖改變最終結局！', 38, '2022-12-12 07:36:00', '2022-12-12 07:36:00'),
(198, '伽斯底里奧內', '198.jpg', 6, 12, 1, 2, 6, 500, 1, 3, '2022-10-19', 1, '逼真場景 ? 滿分機關 ? 感人劇情\n全台唯一，實車機關\n荒郊野嶺，拾階而上\n扣人心弦，驚心挑戰\n\n六大賣點??\n全新沈浸體驗設計，玩家推動劇情發展\n獨一無二大型機關\n專業配音 聲臨其境\n高標準美術團隊打造，超擬真場景\n絕美動畫視覺特效\n真人互動，挑戰你的腎上腺', 38, '2022-12-12 07:36:00', '2022-12-12 07:36:00'),
(199, '荒村小學', '199.jpg', 6, 12, 1, 8, 4, 550, 1, 4, '2022-10-19', 1, '西域沙漠中\n突然出現了一座神秘的古墓\n陵墓的主人正是消失已久的樓蘭女王\n\n政府派出一支考古隊前往調查\n但他們卻離奇的失去了聯繫\n\n於是政府秘密派遣盜墓賊再次前往\n究竟，會在裡面發現什麼……？', 38, '2022-12-12 07:36:00', '2022-12-12 07:36:00'),
(200, '賊', '200.jpg', 6, 12, 1, 4, 11, 400, 2, 4, '2022-10-19', 1, '『一場發生在行李箱中的奇幻冒險，世界上怎麼會有那麼大的行李箱啊？\n再不逃出去，就要被永遠困在這裡了！』\n\nLoGin偵探社最近收到了一封奇怪的委託信，\n一位著急的媽媽聲稱她失蹤的23歲兒子被邪惡的科學家綁架了。(這年代還有邪惡的科學家嗎…)\n但當偵探社聯繫她時，卻又堅決否認寄出過這封信，這個案子也就不了了之…\n\n但這位媽媽突然又聯繫了偵探社表示她已潛入科學家的研究所，\n希望我們能派出偵探協助她，但一時之間實在抽不出人手…\n你看起來挺聰明的，能幫個忙嗎？', 38, '2022-12-12 07:36:00', '2022-12-12 07:36:00'),
(221, '我是誰', '57945319-7e12-4db8-bd30-3c5b4b9fd7a7.jpg', 1, 4, 5, 1, 2, 500, 1, 3, '2023-03-12', 1, '123', 57, '2023-03-12 19:18:44', '2023-03-12 19:35:51'),
(223, '我是誰', '7039de02-f5df-4fd3-b6c5-6ee8e5a8a298.jpg', 2, 7, 4, 1, 2, 500, 2, 2, '2023-03-15', 0, '123', 1, '2023-03-15 05:32:02', '2023-03-15 05:32:02');

-- --------------------------------------------------------

--
-- 資料表結構 `gamesdifficulty`
--

CREATE TABLE `gamesdifficulty` (
  `gamesDifficultySid` int(11) NOT NULL,
  `difficulty` varchar(255) NOT NULL
) ENGINE=InnoDB DEFAULT CHARSET=utf8mb4 COLLATE=utf8mb4_general_ci;

--
-- 傾印資料表的資料 `gamesdifficulty`
--

INSERT INTO `gamesdifficulty` (`gamesDifficultySid`, `difficulty`) VALUES
(1, '新手入門'),
(2, '中度玩家'),
(3, '重度解謎\r\n');

-- --------------------------------------------------------

--
-- 資料表結構 `gamesfeature01`
--

CREATE TABLE `gamesfeature01` (
  `gamesFeatureSid` int(11) NOT NULL,
  `feature01` varchar(255) NOT NULL
) ENGINE=InnoDB DEFAULT CHARSET=utf8mb4 COLLATE=utf8mb4_general_ci;

--
-- 傾印資料表的資料 `gamesfeature01`
--

INSERT INTO `gamesfeature01` (`gamesFeatureSid`, `feature01`) VALUES
(1, '偵探推理\r\n'),
(2, '機關重重\r\n'),
(3, '劇情厲害\r\n'),
(4, '場景逼真\r\n'),
(5, '互動操作\r\n'),
(6, '謎題邏輯\r\n'),
(7, '輕鬆歡樂\r\n'),
(8, '恐怖驚悚\r\n'),
(9, '緊張刺激\r\n'),
(10, '勾心鬥角\r\n'),
(11, '團隊合作\r\n'),
(12, '親子同遊\r\n'),
(13, '玩法特別\r\n'),
(14, '角色扮演\r\n');

-- --------------------------------------------------------

--
-- 資料表結構 `gamesfeature02`
--

CREATE TABLE `gamesfeature02` (
  `gamesFeatureSid` int(11) NOT NULL,
  `feature02` varchar(255) NOT NULL
) ENGINE=InnoDB DEFAULT CHARSET=utf8mb4 COLLATE=utf8mb4_general_ci;

--
-- 傾印資料表的資料 `gamesfeature02`
--

INSERT INTO `gamesfeature02` (`gamesFeatureSid`, `feature02`) VALUES
(1, '偵探推理\r\n'),
(2, '機關重重\r\n'),
(3, '劇情厲害\r\n'),
(4, '場景逼真\r\n'),
(5, '互動操作\r\n'),
(6, '謎題邏輯\r\n'),
(7, '輕鬆歡樂\r\n'),
(8, '恐怖驚悚\r\n'),
(9, '緊張刺激\r\n'),
(10, '勾心鬥角\r\n'),
(11, '團隊合作\r\n'),
(12, '親子同遊\r\n'),
(13, '玩法特別\r\n'),
(14, '角色扮演\r\n');

-- --------------------------------------------------------

--
-- 資料表結構 `gamessort`
--

CREATE TABLE `gamessort` (
  `gamesSortSid` int(11) NOT NULL,
  `Sort` varchar(255) NOT NULL
) ENGINE=InnoDB DEFAULT CHARSET=utf8mb4 COLLATE=utf8mb4_general_ci;

--
-- 傾印資料表的資料 `gamessort`
--

INSERT INTO `gamessort` (`gamesSortSid`, `Sort`) VALUES
(1, '密室逃脫\r\n'),
(2, '劇本殺\r\n'),
(3, '時境解謎\r\n');

-- --------------------------------------------------------

--
-- 資料表結構 `gamestime`
--

CREATE TABLE `gamestime` (
  `gamesTimeSid` int(11) NOT NULL,
  `Time` int(11) NOT NULL
) ENGINE=InnoDB DEFAULT CHARSET=utf8mb4 COLLATE=utf8mb4_general_ci;

--
-- 傾印資料表的資料 `gamestime`
--

INSERT INTO `gamestime` (`gamesTimeSid`, `Time`) VALUES
(1, 30),
(2, 60),
(3, 90),
(4, 120);

-- --------------------------------------------------------

--
-- 資料表結構 `member`
--

CREATE TABLE `member` (
  `membersid` int(11) NOT NULL COMMENT '會員sid',
  `memNickName` varchar(255) NOT NULL COMMENT '會員暱稱',
  `memHeadshot` varchar(255) NOT NULL COMMENT '會員大頭照',
  `memAccount` varchar(255) NOT NULL COMMENT '會員帳號',
  `memPassword` varchar(255) NOT NULL COMMENT '會員密碼',
  `memName` varchar(255) NOT NULL COMMENT '會員姓名',
  `memGender` varchar(255) NOT NULL COMMENT '會員性別',
  `memBirth` date NOT NULL COMMENT '會員生日',
  `memEmail` varchar(255) NOT NULL COMMENT '會員信箱',
  `memMobile` varchar(255) NOT NULL COMMENT '會員手機',
  `memIdentity` varchar(255) NOT NULL COMMENT '會員身份證字號',
  `memLevel` varchar(255) NOT NULL COMMENT '會員等級',
  `memCreatAt` datetime NOT NULL DEFAULT current_timestamp(),
  `memEditAt` datetime NOT NULL
) ENGINE=InnoDB DEFAULT CHARSET=utf8mb4 COLLATE=utf8mb4_general_ci;

--
-- 傾印資料表的資料 `member`
--

INSERT INTO `member` (`membersid`, `memNickName`, `memHeadshot`, `memAccount`, `memPassword`, `memName`, `memGender`, `memBirth`, `memEmail`, `memMobile`, `memIdentity`, `memLevel`, `memCreatAt`, `memEditAt`) VALUES
(1, 'Ella', 'female.jpg', '12345678', '12345678', '林宜庭', '女', '1987-03-27', 'mail32792@test.com', '0918554673', 'C242005843', '2', '2023-03-03 08:49:56', '2023-03-04 04:42:23'),
(2, 'Abigail', 'female.jpg', 'member335013', 'pass8250', '胡郁婷', '女', '1986-07-22', 'mail64626@test.com', '0918156510', 'D200887189', '3', '2023-03-03 08:49:56', '2023-03-04 11:11:30'),
(3, 'Ethan', 'male.jpg', 'member319903', 'pass9504', '彭冠廷', '男', '2018-03-26', 'mail87325@test.com', '0918267094', 'C107055263', '3', '2023-03-03 08:49:56', '2023-03-04 11:08:03'),
(4, 'Sarah', 'female.jpg', 'member171168', 'pass6298', '程雅筑', '女', '2002-11-10', 'mail10726@test.com', '0918423212', 'B262721765', '1', '2023-03-03 08:49:56', '2023-03-04 18:34:11'),
(5, 'Amelia', 'female.jpg', 'member794281', 'pass8361', '高郁婷', '女', '2004-07-04', 'mail13545@test.com', '0918279835', 'B268514992', '2', '2023-03-03 08:49:56', '2023-03-04 20:04:01'),
(6, 'Emma', 'female.jpg', 'member543453', 'pass7363', '朱雅筑', '女', '2016-08-24', 'mail20471@test.com', '0918129601', 'D205291943', '3', '2023-03-03 08:49:56', '2023-03-04 13:45:04'),
(7, 'Gina', 'female.jpg', 'member877773', 'pass6619', '劉佳穎', '女', '1995-07-28', 'mail41371@test.com', '0918499424', 'C221920685', '1', '2023-03-03 08:49:56', '2023-03-04 22:29:12'),
(8, 'Roman', 'male.jpg', 'member374188', 'pass5201', '鄧宇軒', '男', '1992-12-01', 'mail32457@test.com', '0918535722', 'C182518424', '2', '2023-03-03 08:49:56', '2023-03-04 09:01:10'),
(9, 'Luca', 'male.jpg', 'member725101', 'pass1619', '朱宇軒', '男', '2005-03-31', 'mail24779@test.com', '0918168291', 'A101092992', '3', '2023-03-03 08:49:56', '2023-03-04 08:44:25'),
(10, 'Leo', 'male.jpg', 'member303659', 'pass2155', '周家瑋', '男', '1995-01-16', 'mail45632@test.com', '0918263583', 'A115570369', '2', '2023-03-03 08:49:56', '2023-03-04 09:55:04'),
(11, 'Riley', 'male.jpg', 'member833157', 'pass3395', '宋冠霖', '男', '2005-03-23', 'mail40771@test.com', '0918742986', 'D168695212', '2', '2023-03-03 08:49:56', '2023-03-04 07:44:25'),
(12, 'Nora', 'female.jpg', 'member434616', 'pass1218', '蕭鈺婷', '女', '2015-03-14', 'mail50576@test.com', '0918812630', 'B246732185', '3', '2023-03-03 08:49:56', '2023-03-04 03:40:20'),
(13, 'Charlie', 'male.jpg', 'member454590', 'pass4390', '王家豪', '男', '2014-11-14', 'mail63330@test.com', '0918484675', 'C177088825', '1', '2023-03-03 08:49:56', '2023-03-04 23:53:50'),
(14, 'Noah', 'male.jpg', 'member451540', 'pass7414', '傅宗翰', '男', '2014-01-07', 'mail67687@test.com', '0918274380', 'D137815782', '2', '2023-03-03 08:49:56', '2023-03-04 04:01:35'),
(15, 'Bennett', 'male.jpg', 'member658703', 'pass9744', '朱宗翰', '男', '1986-08-11', 'mail71291@test.com', '0918856116', 'B107190516', '2', '2023-03-03 08:49:56', '2023-03-04 19:48:55'),
(16, 'Rylee', 'female.jpg', 'member713327', 'pass7748', '林怡婷', '女', '2001-08-01', 'mail23781@test.com', '0918704733', 'B241354583', '3', '2023-03-03 08:49:56', '2023-03-04 01:34:04'),
(17, 'Sophia', 'female.jpg', 'member642089', 'pass8306', '羅鈺婷', '女', '1998-05-08', 'mail82696@test.com', '0918118638', 'A234989400', '1', '2023-03-03 08:49:56', '2023-03-04 11:33:11'),
(18, 'Alexander', 'male.jpg', 'member476813', 'pass8500', '胡宇軒', '男', '1990-12-14', 'mail30554@test.com', '0918510608', 'A189615088', '2', '2023-03-03 08:49:56', '2023-03-04 05:23:32'),
(19, 'Hudson', 'male.jpg', 'member972856', 'pass3378', '於冠廷', '男', '1998-10-15', 'mail12412@test.com', '0918851070', 'B105533043', '3', '2023-03-03 08:49:56', '2023-03-04 17:55:48'),
(20, 'Maya', 'female.jpg', 'member229273', 'pass9194', '郭宜庭', '女', '2000-06-01', 'mail84478@test.com', '0918813850', 'B255972904', '2', '2023-03-03 08:49:56', '2023-03-04 21:47:10'),
(21, 'Gary', 'male.jpg', 'member713086', 'pass7232', '程冠宇', '男', '2020-12-18', 'mail19769@test.com', '0918919546', 'A104905920', '3', '2023-03-03 08:49:56', '2023-03-04 19:21:55'),
(22, 'Cooper', 'male.jpg', 'member823503', 'pass2044', '謝冠廷', '男', '2019-05-05', 'mail31150@test.com', '0918737446', 'C133192898', '1', '2023-03-03 08:49:56', '2023-03-04 04:18:53'),
(23, 'Isabella', 'female.jpg', 'member247126', 'pass2095', '沈詩涵', '女', '1990-10-08', 'mail19052@test.com', '0918678287', 'B211392593', '3', '2023-03-03 08:49:56', '2023-03-04 15:43:26'),
(24, 'Anthony', 'male.jpg', 'member689397', 'pass9423', '鄭家瑋', '男', '2008-02-29', 'mail94862@test.com', '0918508865', 'D176447071', '3', '2023-03-03 08:49:56', '2023-03-04 11:49:58'),
(25, 'Carol', 'female.jpg', 'member565884', 'pass4221', '宋雅婷', '女', '1996-06-12', 'mail85047@test.com', '0918436014', 'C205228837', '1', '2023-03-03 08:49:56', '2023-03-04 19:00:41'),
(26, 'Eric', 'male.jpg', 'member486531', 'pass1696', '鄧家瑋', '男', '1999-04-11', 'mail39937@test.com', '0918453978', 'B121912898', '2', '2023-03-03 08:49:56', '2023-03-04 00:56:27'),
(27, 'Sofia', 'female.jpg', 'member305155', 'pass9386', '蕭怡君', '女', '1991-03-13', 'mail25718@test.com', '0918892614', 'A205132152', '2', '2023-03-03 08:49:56', '2023-03-04 14:13:04'),
(28, 'Luna', 'female.jpg', 'member323263', 'pass7102', '呂宜庭', '女', '1996-07-25', 'mail64426@test.com', '0918796648', 'A207561533', '2', '2023-03-03 08:49:56', '2023-03-04 02:50:17'),
(29, 'Abigail', 'female.jpg', 'member232326', 'pass8502', '謝詩涵', '女', '2016-07-11', 'mail74189@test.com', '0918545069', 'C289345654', '1', '2023-03-03 08:49:56', '2023-03-04 13:27:34'),
(30, 'Gina', 'female.jpg', 'member931573', 'pass6634', '羅怡君', '女', '1997-06-11', 'mail37874@test.com', '0918269524', 'A246572533', '3', '2023-03-03 08:49:56', '2023-03-04 20:20:27'),
(31, 'Andrew', 'male.jpg', 'member652621', 'pass5397', '周家豪', '男', '1996-05-11', 'mail42288@test.com', '0918528541', 'A186238770', '2', '2023-03-03 08:49:56', '2023-03-04 13:08:22'),
(32, 'Ava', 'female.jpg', 'member840231', 'pass5824', '劉雅筑', '女', '2015-06-29', 'mail12614@test.com', '0918650793', 'B221361020', '1', '2023-03-03 08:49:56', '2023-03-04 13:03:15'),
(33, 'Muhammad', 'male.jpg', 'member378743', 'pass1532', '劉冠霖', '男', '1985-06-10', 'mail96335@test.com', '0918525453', 'C151673470', '1', '2023-03-03 08:49:56', '2023-03-04 17:29:38'),
(34, 'Kate', 'female.jpg', 'member808090', 'pass3670', '沈鈺婷', '女', '2000-11-25', 'mail87095@test.com', '0918300012', 'A205298010', '2', '2023-03-03 08:49:56', '2023-03-04 17:46:48'),
(35, 'Roman', 'male.jpg', 'member251794', 'pass1585', '馬家瑋', '男', '1994-04-02', 'mail44083@test.com', '0918377496', 'D161395796', '1', '2023-03-03 08:49:56', '2023-03-04 15:25:01'),
(36, 'Elena', 'female.jpg', 'member394731', 'pass7465', '王郁婷', '女', '2002-07-22', 'mail35299@test.com', '0918316955', 'D236560216', '3', '2023-03-03 08:49:56', '2023-03-04 22:36:43'),
(37, 'Carol', 'female.jpg', 'member927704', 'pass3151', '於怡君', '女', '1991-01-17', 'mail22857@test.com', '0918191622', 'A225085046', '2', '2023-03-03 08:49:56', '2023-03-04 07:36:47'),
(38, 'Logan', 'male.jpg', 'member687938', 'pass1469', '周家瑋', '男', '1989-03-07', 'mail89995@test.com', '0918949282', 'B101048375', '3', '2023-03-03 08:49:56', '2023-03-04 19:06:43'),
(39, 'Rylee', 'female.jpg', 'member238504', 'pass6805', '羅怡萱', '女', '2011-05-26', 'mail92636@test.com', '0918131049', 'B204387334', '2', '2023-03-03 08:49:56', '2023-03-04 23:33:20'),
(40, 'Natalia', 'female.jpg', 'member490406', 'pass2618', '郭怡君', '女', '2018-07-11', 'mail68917@test.com', '0918172102', 'C289142630', '3', '2023-03-03 08:49:56', '2023-03-04 15:19:07'),
(41, 'Stella', 'female.jpg', 'member194482', 'pass5959', '胡佳穎', '女', '1992-08-05', 'mail65363@test.com', '0918428320', 'A201131266', '2', '2023-03-03 08:49:56', '2023-03-04 04:50:24'),
(42, 'Isla', 'female.jpg', 'member234839', 'pass5089', '黃宜庭', '女', '1993-06-14', 'mail55103@test.com', '0918327686', 'A209634474', '3', '2023-03-03 08:49:56', '2023-03-04 13:47:56'),
(43, 'Claire', 'female.jpg', 'member985331', 'pass7760', '張佳穎', '女', '2007-02-15', 'mail21245@test.com', '0918721091', 'B242787945', '1', '2023-03-03 08:49:56', '2023-03-04 07:51:10'),
(44, 'Leo', 'male.jpg', 'member622460', 'pass8606', '高家瑋', '男', '1996-07-12', 'mail80714@test.com', '0918309342', 'D123679632', '3', '2023-03-03 08:49:56', '2023-03-04 07:21:33'),
(45, 'Valentina', 'female.jpg', 'member271296', 'pass7545', '羅雅筑', '女', '2002-04-16', 'mail95704@test.com', '0918507930', 'B264150560', '1', '2023-03-03 08:49:56', '2023-03-04 11:48:00'),
(46, 'Silas', 'male.jpg', 'member461470', 'pass2041', '韓冠霖', '男', '2004-12-19', 'mail95515@test.com', '0918595690', 'A162403849', '1', '2023-03-03 08:49:56', '2023-03-04 04:31:16'),
(47, 'Wyatt', 'male.jpg', 'member807848', 'pass9829', '高冠宇', '男', '2020-10-16', 'mail85391@test.com', '0918886595', 'A123806991', '1', '2023-03-03 08:49:56', '2023-03-04 18:10:11'),
(48, 'Lucy', 'female.jpg', 'member727547', 'pass5016', '謝雅婷', '女', '1997-07-10', 'mail37805@test.com', '0918711951', 'D217830348', '2', '2023-03-03 08:49:56', '2023-03-04 18:23:25'),
(49, 'Luke', 'male.jpg', 'member435640', 'pass6219', '羅宗翰', '男', '2000-08-27', 'mail75349@test.com', '0918679543', 'C140555496', '3', '2023-03-03 08:49:56', '2023-03-04 09:03:45'),
(50, 'Matthew', 'male.jpg', 'member250873', 'pass8424', '韓彥廷', '男', '1993-09-30', 'mail86201@test.com', '0918903352', 'B189507768', '2', '2023-03-03 08:49:56', '2023-03-04 10:21:40'),
(51, 'Aria', 'female.jpg', 'member639524', 'pass6925', '胡鈺婷', '女', '2020-11-12', 'mail87314@test.com', '0918795226', 'D227351673', '2', '2023-03-03 08:49:56', '2023-03-04 11:28:52'),
(52, 'Amelia', 'female.jpg', 'member659989', 'pass8529', '楊雅筑', '女', '2002-02-26', 'mail74252@test.com', '0918986539', 'A241418679', '1', '2023-03-03 08:49:56', '2023-03-04 17:53:27'),
(53, 'Mia', 'female.jpg', 'member209133', 'pass6446', '楊宜庭', '女', '2009-02-04', 'mail26817@test.com', '0918169474', 'B271052182', '3', '2023-03-03 08:49:56', '2023-03-04 02:51:33'),
(54, 'Jade', 'female.jpg', 'member923604', 'pass5412', '張宜庭', '女', '1991-12-14', 'mail99359@test.com', '0918639622', 'A282735482', '1', '2023-03-03 08:49:56', '2023-03-04 07:10:19'),
(55, 'Isabella', 'female.jpg', 'member666453', 'pass6842', '蕭雅婷', '女', '2007-10-28', 'mail64341@test.com', '0918293230', 'B284982981', '3', '2023-03-03 08:49:56', '2023-03-04 21:42:44'),
(56, 'Joseph', 'male.jpg', 'member464013', 'pass8320', '鄭家豪', '男', '1985-11-03', 'mail45305@test.com', '0918840527', 'D197703767', '1', '2023-03-03 08:49:56', '2023-03-04 19:24:17'),
(57, 'Leo', 'male.jpg', 'member808899', 'pass8270', '蕭柏翰', '男', '1991-05-11', 'mail58865@test.com', '0918884230', 'C163311520', '3', '2023-03-03 08:49:56', '2023-03-04 04:56:39'),
(58, 'William', 'male.jpg', 'member324343', 'pass6306', '鄧家瑋', '男', '1987-01-22', 'mail33821@test.com', '0918284283', 'B195308029', '2', '2023-03-03 08:49:56', '2023-03-04 18:55:44'),
(59, 'Wyatt', 'male.jpg', 'member310645', 'pass1143', '陳柏翰', '男', '1995-02-22', 'mail52587@test.com', '0918471518', 'D134559596', '3', '2023-03-03 08:49:56', '2023-03-04 02:14:04'),
(60, 'Kinsley', 'female.jpg', 'member281182', 'pass6695', '袁郁婷', '女', '1999-07-16', 'mail63390@test.com', '0918316393', 'B288835476', '2', '2023-03-03 08:49:56', '2023-03-04 20:12:02'),
(61, 'Oliver', 'male.jpg', 'member720680', 'pass4056', '王彥廷', '男', '2022-08-27', 'mail73573@test.com', '0918886316', 'A151263082', '3', '2023-03-03 08:49:56', '2023-03-04 04:51:24'),
(62, 'Emily', 'female.jpg', 'member651692', 'pass5268', '梁怡婷', '女', '2004-06-10', 'mail78425@test.com', '0918182147', 'A218631015', '1', '2023-03-03 08:49:56', '2023-03-04 02:28:00'),
(63, 'Violet', 'female.jpg', 'member484013', 'pass9257', '曹宜庭', '女', '2014-12-22', 'mail75661@test.com', '0918319855', 'A285657057', '1', '2023-03-03 08:49:56', '2023-03-04 03:06:25'),
(64, 'Henry', 'male.jpg', 'member362236', 'pass4726', '劉家豪', '男', '1994-09-23', 'mail24648@test.com', '0918740545', 'B138854962', '2', '2023-03-03 08:49:56', '2023-03-04 03:24:24'),
(65, 'Hannah', 'female.jpg', 'member862358', 'pass3084', '彭宜庭', '女', '2012-06-21', 'mail87236@test.com', '0918234988', 'A233068095', '2', '2023-03-03 08:49:56', '2023-03-04 06:06:10'),
(66, 'Ryan', 'male.jpg', 'member473326', 'pass2043', '鄧彥廷', '男', '1992-09-02', 'mail48310@test.com', '0918326200', 'D100866040', '3', '2023-03-03 08:49:56', '2023-03-04 21:01:36'),
(67, 'Theodore', 'male.jpg', 'member312617', 'pass1876', '馮冠霖', '男', '2022-12-02', 'mail14837@test.com', '0918260893', 'D133820297', '2', '2023-03-03 08:49:56', '2023-03-04 05:16:01'),
(68, 'Jade', 'female.jpg', 'member193550', 'pass7700', '馬郁婷', '女', '2020-09-21', 'mail76939@test.com', '0918912448', 'B206291437', '2', '2023-03-03 08:49:56', '2023-03-04 02:35:03'),
(69, 'Carter', 'male.jpg', 'member412257', 'pass4921', '曹宇軒', '男', '1991-12-31', 'mail31944@test.com', '0918826517', 'C194218085', '2', '2023-03-03 08:49:56', '2023-03-04 20:50:45'),
(70, 'Ellie', 'female.jpg', 'member811916', 'pass2397', '唐鈺婷', '女', '2000-01-02', 'mail28719@test.com', '0918352148', 'A284423406', '2', '2023-03-03 08:49:56', '2023-03-04 21:45:44'),
(71, 'Kate', 'female.jpg', 'member515716', 'pass9634', '李宜庭', '女', '1995-03-01', 'mail48509@test.com', '0918310605', 'B262877489', '1', '2023-03-03 08:49:56', '2023-03-04 08:19:39'),
(72, 'Jack', 'male.jpg', 'member100161', 'pass6427', '孫彥廷', '男', '1993-08-08', 'mail71910@test.com', '0918540725', 'C126425100', '1', '2023-03-03 08:49:56', '2023-03-04 13:16:40'),
(73, 'Julia', 'female.jpg', 'member837244', 'pass5388', '吳佳穎', '女', '1988-07-14', 'mail84225@test.com', '0918858531', 'B212712517', '2', '2023-03-03 08:49:56', '2023-03-04 20:14:23'),
(74, 'Flora', 'female.jpg', 'member134673', 'pass2739', '羅怡君', '女', '1996-07-11', 'mail36991@test.com', '0918770474', 'A246128452', '1', '2023-03-03 08:49:56', '2023-03-04 17:26:55'),
(75, 'Mia', 'female.jpg', 'member968647', 'pass9979', '羅雅筑', '女', '1996-04-07', 'mail99309@test.com', '0918712416', 'A288962312', '2', '2023-03-03 08:49:56', '2023-03-04 10:23:57'),
(76, 'Hannah', 'female.jpg', 'member220909', 'pass9509', '黃怡婷', '女', '2007-09-15', 'mail70691@test.com', '0918949421', 'B200784112', '1', '2023-03-03 08:49:56', '2023-03-04 04:07:30'),
(77, 'Ezra', 'male.jpg', 'member916825', 'pass2106', '董家豪', '男', '2000-05-09', 'mail70175@test.com', '0918157427', 'C199440822', '3', '2023-03-03 08:49:56', '2023-03-04 07:53:50'),
(78, 'Ava', 'female.jpg', 'member681722', 'pass9602', '馮怡萱', '女', '2019-09-22', 'mail67118@test.com', '0918618452', 'B283119824', '3', '2023-03-03 08:49:56', '2023-03-04 17:41:32'),
(79, 'John', 'male.jpg', 'member772585', 'pass6960', '林宗翰', '男', '1986-10-21', 'mail29789@test.com', '0918661544', 'A189317140', '3', '2023-03-03 08:49:56', '2023-03-04 19:32:22'),
(80, 'Anthony', 'male.jpg', 'member952735', 'pass9954', '曾宗翰', '男', '1991-10-23', 'mail42330@test.com', '0918377203', 'B108206061', '3', '2023-03-03 08:49:56', '2023-03-04 23:37:29'),
(81, 'Oliver', 'male.jpg', 'member746096', 'pass2376', '宋柏翰', '男', '2011-10-06', 'mail63816@test.com', '0918897964', 'A180869070', '2', '2023-03-03 08:49:56', '2023-03-04 04:26:10'),
(82, 'Isabella', 'female.jpg', 'member208045', 'pass5944', '梁佳穎', '女', '2005-01-28', 'mail99716@test.com', '0918966936', 'C206747785', '1', '2023-03-03 08:49:56', '2023-03-04 21:22:28'),
(83, 'Parker', 'male.jpg', 'member914585', 'pass3053', '胡彥廷', '男', '2016-03-12', 'mail98701@test.com', '0918988989', 'D110153411', '3', '2023-03-03 08:49:56', '2023-03-04 08:32:03'),
(84, 'Amelia', 'female.jpg', 'member683674', 'pass4996', '孫雅筑', '女', '1986-06-02', 'mail87327@test.com', '0918584432', 'D246690052', '3', '2023-03-03 08:49:56', '2023-03-04 20:15:40'),
(85, 'Scarlett', 'female.jpg', 'member286391', 'pass1219', '蕭雅婷', '女', '1986-02-06', 'mail93360@test.com', '0918789775', 'B257631879', '3', '2023-03-03 08:49:56', '2023-03-04 15:55:35'),
(86, 'Claire', 'female.jpg', 'member887146', 'pass2685', '李怡婷', '女', '2009-09-26', 'mail65816@test.com', '0918990603', 'A203641615', '3', '2023-03-03 08:49:56', '2023-03-04 13:32:17'),
(87, 'Bonnie', 'female.jpg', 'member112691', 'pass1469', '韓雅筑', '女', '2022-03-04', 'mail81578@test.com', '0918641435', 'B204500539', '3', '2023-03-03 08:49:56', '2023-03-04 18:40:16'),
(88, 'Scarlett', 'female.jpg', 'member183704', 'pass8071', '何雅婷', '女', '2007-10-14', 'mail28387@test.com', '0918983673', 'D203313420', '1', '2023-03-03 08:49:56', '2023-03-04 11:23:27'),
(89, 'Mateo', 'male.jpg', 'member116639', 'pass8014', '羅承翰', '男', '1987-08-18', 'mail73165@test.com', '0918694139', 'A161520001', '1', '2023-03-03 08:49:56', '2023-03-04 21:04:46'),
(90, 'Amy', 'female.jpg', 'member434652', 'pass4116', '蕭怡君', '女', '2005-08-13', 'mail27579@test.com', '0918483360', 'C286952977', '2', '2023-03-03 08:49:56', '2023-03-04 21:37:10'),
(91, 'Andy', 'male.jpg', 'member817513', 'pass7292', '何家瑋', '男', '1997-10-19', 'mail64407@test.com', '0918891144', 'A100845327', '1', '2023-03-03 08:49:56', '2023-03-04 21:10:27'),
(92, 'Ryan', 'male.jpg', 'member798640', 'pass3679', '何宇軒', '男', '2008-01-05', 'mail86730@test.com', '0918117758', 'B182645995', '3', '2023-03-03 08:49:56', '2023-03-04 17:38:58'),
(93, 'Natalia', 'female.jpg', 'member600475', 'pass1142', '羅怡婷', '女', '2017-03-22', 'mail99175@test.com', '0918529238', 'B299186032', '3', '2023-03-03 08:49:56', '2023-03-04 23:38:42'),
(94, 'Lucy', 'female.jpg', 'member498994', 'pass5166', '唐宜庭', '女', '1987-06-08', 'mail31799@test.com', '0918483210', 'A200246297', '3', '2023-03-03 08:49:56', '2023-03-04 02:58:19'),
(95, 'Candice', 'female.jpg', 'member528218', 'pass9053', '鄭宜庭', '女', '1985-08-10', 'mail31578@test.com', '0918103500', 'B210368204', '2', '2023-03-03 08:49:56', '2023-03-04 19:09:51'),
(96, 'Jordan', 'male.jpg', 'member583101', 'pass2243', '謝宇軒', '男', '1995-02-22', 'mail87266@test.com', '0918991552', 'A188628492', '1', '2023-03-03 08:49:56', '2023-03-04 16:20:17'),
(97, 'Lily', 'female.jpg', 'member274332', 'pass3824', '朱雅婷', '女', '2019-11-07', 'mail60949@test.com', '0918316908', 'A227850761', '2', '2023-03-03 08:49:56', '2023-03-04 09:52:37'),
(98, 'Maya', 'female.jpg', 'member412326', 'pass9139', '胡怡婷', '女', '1987-12-04', 'mail33851@test.com', '0918139964', 'C248642650', '1', '2023-03-03 08:49:56', '2023-03-04 11:53:29'),
(99, 'Grayson', 'male.jpg', 'member178938', 'pass6478', '朱冠廷', '男', '1997-04-22', 'mail76462@test.com', '0918589760', 'D181049666', '3', '2023-03-03 08:49:56', '2023-03-04 07:13:28'),
(100, 'Aria', 'female.jpg', 'member248298', 'pass9702', '趙詩涵', '女', '2005-08-29', 'mail25439@test.com', '0918268527', 'C287704207', '2', '2023-03-03 08:49:56', '2023-03-04 14:52:43'),
(101, 'Cooper', 'male.jpg', 'member164351', 'pass7076', '程冠廷', '男', '1992-05-02', 'mail76090@test.com', '0918643266', 'D172592408', '1', '2023-03-03 08:49:56', '2023-03-04 00:19:24'),
(102, 'Theo', 'male.jpg', 'member618049', 'pass6846', '韓冠霖', '男', '2001-06-14', 'mail60395@test.com', '0918600500', 'A166020175', '2', '2023-03-03 08:49:56', '2023-03-04 09:19:40'),
(103, 'Stella', 'female.jpg', 'member298352', 'pass3820', '蕭宜庭', '女', '2012-07-29', 'mail13657@test.com', '0918728167', 'D206845572', '3', '2023-03-03 08:49:56', '2023-03-04 19:37:08'),
(104, 'Matthew', 'male.jpg', 'member827279', 'pass5186', '許家豪', '男', '2020-02-05', 'mail68390@test.com', '0918978421', 'A175796330', '1', '2023-03-03 08:49:56', '2023-03-04 06:22:37'),
(105, 'Harper', 'female.jpg', 'member679144', 'pass6701', '謝佳穎', '女', '1987-04-19', 'mail57378@test.com', '0918718101', 'C221850004', '1', '2023-03-03 08:49:56', '2023-03-04 07:13:47'),
(106, 'Isabella', 'female.jpg', 'member167049', 'pass1795', '曹佳穎', '女', '2000-08-30', 'mail29372@test.com', '0918628096', 'B264990063', '3', '2023-03-03 08:49:56', '2023-03-04 23:44:42'),
(107, 'Cooper', 'male.jpg', 'member540887', 'pass5300', '吳宗翰', '男', '1985-06-04', 'mail22212@test.com', '0918995132', 'D130777677', '2', '2023-03-03 08:49:56', '2023-03-04 07:34:11'),
(108, 'Gina', 'female.jpg', 'member423503', 'pass3130', '許郁婷', '女', '1987-07-06', 'mail66356@test.com', '0918879608', 'A241398214', '3', '2023-03-03 08:49:56', '2023-03-04 14:49:20'),
(109, 'Madison', 'female.jpg', 'member810348', 'pass7343', '張郁婷', '女', '1990-07-14', 'mail88969@test.com', '0918171587', 'A262921292', '1', '2023-03-03 08:49:56', '2023-03-04 23:42:45'),
(110, 'Maya', 'female.jpg', 'member343124', 'pass4083', '吳雅婷', '女', '1985-12-13', 'mail36263@test.com', '0918652940', 'D253640009', '3', '2023-03-03 08:49:56', '2023-03-04 07:53:36'),
(111, 'Jade', 'female.jpg', 'member503324', 'pass1817', '程雅婷', '女', '2009-02-19', 'mail18122@test.com', '0918749123', 'B288116089', '1', '2023-03-03 08:49:56', '2023-03-04 06:44:56'),
(112, 'Adam', 'male.jpg', 'member831797', 'pass2354', '高柏翰', '男', '1993-09-27', 'mail16310@test.com', '0918564429', 'C138579929', '2', '2023-03-03 08:49:56', '2023-03-04 16:35:29'),
(113, 'Stella', 'female.jpg', 'member210066', 'pass3446', '朱雅婷', '女', '1990-08-12', 'mail22223@test.com', '0918532353', 'B237947353', '1', '2023-03-03 08:49:56', '2023-03-04 10:24:48'),
(114, 'Emily', 'female.jpg', 'member570403', 'pass8294', '林宜庭', '女', '2010-06-07', 'mail20766@test.com', '0918557853', 'B271676810', '2', '2023-03-03 08:49:56', '2023-03-04 01:31:11'),
(115, 'Mila', 'female.jpg', 'member182296', 'pass1392', '楊雅婷', '女', '2020-07-05', 'mail95579@test.com', '0918346535', 'B231431628', '3', '2023-03-03 08:49:56', '2023-03-04 14:07:17'),
(116, 'Ellie', 'female.jpg', 'member300894', 'pass6141', '謝佳穎', '女', '2006-03-31', 'mail59214@test.com', '0918222186', 'C236379820', '2', '2023-03-03 08:49:56', '2023-03-04 15:28:43'),
(117, 'Mateo', 'male.jpg', 'member909413', 'pass2624', '沈承翰', '男', '2018-02-25', 'mail85097@test.com', '0918516478', 'C126844678', '2', '2023-03-03 08:49:56', '2023-03-04 13:43:30'),
(118, 'Alexander', 'male.jpg', 'member184265', 'pass9672', '宋承翰', '男', '2008-05-30', 'mail21926@test.com', '0918402873', 'C171660843', '3', '2023-03-03 08:49:56', '2023-03-04 02:53:20'),
(119, 'Theodore', 'male.jpg', 'member613747', 'pass2943', '彭彥廷', '男', '1993-01-21', 'mail22742@test.com', '0918934109', 'B153361226', '3', '2023-03-03 08:49:56', '2023-03-04 04:50:05'),
(120, 'Jack', 'male.jpg', 'member188139', 'pass3355', '周柏翰', '男', '2016-12-28', 'mail16682@test.com', '0918980032', 'D138591685', '1', '2023-03-03 08:49:56', '2023-03-04 14:26:38'),
(121, 'Robert', 'male.jpg', 'member954353', 'pass1231', '鄧家豪', '男', '2008-01-31', 'mail70787@test.com', '0918491345', 'C164947588', '3', '2023-03-03 08:49:56', '2023-03-04 21:01:03'),
(122, 'Iris', 'female.jpg', 'member218230', 'pass6274', '宋雅婷', '女', '2009-08-05', 'mail45356@test.com', '0918821440', 'D274320078', '1', '2023-03-03 08:49:56', '2023-03-04 08:39:00'),
(123, 'Alexander', 'male.jpg', 'member573849', 'pass8988', '謝家瑋', '男', '2011-01-29', 'mail40902@test.com', '0918798224', 'A170133784', '1', '2023-03-03 08:49:56', '2023-03-04 16:21:51'),
(124, 'Claire', 'female.jpg', 'member479508', 'pass1068', '許鈺婷', '女', '2011-05-04', 'mail15115@test.com', '0918704890', 'A250955537', '2', '2023-03-03 08:49:56', '2023-03-04 16:42:09'),
(125, 'Kevin', 'male.jpg', 'member611280', 'pass1027', '梁宗翰', '男', '1993-09-21', 'mail59709@test.com', '0918104798', 'D171022017', '1', '2023-03-03 08:49:56', '2023-03-04 20:47:21'),
(126, 'Kate', 'female.jpg', 'member823239', 'pass5088', '傅怡萱', '女', '2001-10-25', 'mail36310@test.com', '0918732978', 'A264946760', '3', '2023-03-03 08:49:56', '2023-03-04 10:51:35'),
(127, 'Alexander', 'male.jpg', 'member613238', 'pass1239', '鄧冠廷', '男', '2009-02-12', 'mail20912@test.com', '0918883788', 'A168839919', '1', '2023-03-03 08:49:56', '2023-03-04 12:21:40'),
(128, 'Roman', 'male.jpg', 'member114768', 'pass9806', '韓冠宇', '男', '2001-04-28', 'mail38402@test.com', '0918573083', 'C196346588', '1', '2023-03-03 08:49:56', '2023-03-04 18:25:05'),
(129, 'Anthony', 'male.jpg', 'member407118', 'pass7562', '董冠霖', '男', '2018-06-24', 'mail77478@test.com', '0918583561', 'A108845808', '1', '2023-03-03 08:49:56', '2023-03-04 03:14:41'),
(130, 'Hank', 'male.jpg', 'member590559', 'pass1599', '楊冠宇', '男', '1987-04-06', 'mail48230@test.com', '0918552260', 'C154590634', '2', '2023-03-03 08:49:56', '2023-03-04 21:42:29'),
(131, 'Daniel', 'male.jpg', 'member211582', 'pass5676', '徐柏翰', '男', '1994-12-27', 'mail99683@test.com', '0918742339', 'D144847028', '3', '2023-03-03 08:49:56', '2023-03-04 18:33:04'),
(132, 'Grace', 'female.jpg', 'member297409', 'pass8742', '韓宜庭', '女', '2017-05-12', 'mail95937@test.com', '0918895430', 'B217374994', '3', '2023-03-03 08:49:56', '2023-03-04 19:55:21'),
(133, 'Alexander', 'male.jpg', 'member375585', 'pass1965', '沈柏翰', '男', '2018-10-23', 'mail17482@test.com', '0918183970', 'D113437177', '1', '2023-03-03 08:49:56', '2023-03-04 22:07:55'),
(134, 'Nolan', 'male.jpg', 'member967450', 'pass9151', '彭宗翰', '男', '2021-08-08', 'mail67895@test.com', '0918387844', 'B130185033', '2', '2023-03-03 08:49:56', '2023-03-04 03:56:43'),
(135, 'Charlie', 'male.jpg', 'member411108', 'pass7800', '袁宗翰', '男', '1995-03-22', 'mail74989@test.com', '0918756006', 'B187406579', '2', '2023-03-03 08:49:56', '2023-03-04 01:54:05'),
(136, 'Nolan', 'male.jpg', 'member160458', 'pass9464', '郭冠宇', '男', '1999-01-16', 'mail65466@test.com', '0918282246', 'C147282888', '1', '2023-03-03 08:49:56', '2023-03-04 21:18:53'),
(137, 'David', 'male.jpg', 'member260686', 'pass5801', '黃家瑋', '男', '2012-05-16', 'mail98066@test.com', '0918427883', 'D198882172', '1', '2023-03-03 08:49:56', '2023-03-04 06:07:01'),
(138, 'Scarlett', 'female.jpg', 'member726629', 'pass8904', '李宜庭', '女', '2008-09-15', 'mail84575@test.com', '0918577830', 'D293136363', '1', '2023-03-03 08:49:56', '2023-03-04 08:32:06'),
(139, 'Camila', 'female.jpg', 'member207555', 'pass4550', '宋雅婷', '女', '2018-03-29', 'mail39970@test.com', '0918133799', 'C289552089', '2', '2023-03-03 08:49:56', '2023-03-04 15:02:49'),
(140, 'Zoey', 'female.jpg', 'member523189', 'pass9534', '朱鈺婷', '女', '1998-07-12', 'mail31353@test.com', '0918807779', 'B243135129', '1', '2023-03-03 08:49:56', '2023-03-04 11:25:58'),
(141, 'Bella', 'female.jpg', 'member540117', 'pass3947', '趙鈺婷', '女', '1996-01-01', 'mail75226@test.com', '0918463010', 'A209938747', '2', '2023-03-03 08:49:56', '2023-03-04 08:38:47'),
(142, 'Mateo', 'male.jpg', 'member560904', 'pass8844', '趙冠宇', '男', '2004-12-27', 'mail46354@test.com', '0918241372', 'C135311122', '1', '2023-03-03 08:49:56', '2023-03-04 01:44:27'),
(143, 'Luna', 'female.jpg', 'member637722', 'pass2558', '袁怡萱', '女', '1997-05-10', 'mail63733@test.com', '0918187840', 'C257934308', '1', '2023-03-03 08:49:56', '2023-03-04 05:13:11'),
(144, 'Nova', 'female.jpg', 'member870730', 'pass2239', '孫雅婷', '女', '2001-12-15', 'mail36307@test.com', '0918344960', 'A218112358', '2', '2023-03-03 08:49:56', '2023-03-04 21:13:05'),
(145, 'Ella', 'female.jpg', 'member422910', 'pass2061', '鄭佳穎', '女', '2009-03-14', 'mail56117@test.com', '0918400939', 'A232492230', '3', '2023-03-03 08:49:56', '2023-03-04 16:18:09'),
(146, 'Nolan', 'male.jpg', 'member876712', 'pass8431', '謝冠霖', '男', '2013-08-20', 'mail86186@test.com', '0918943843', 'D105725564', '3', '2023-03-03 08:49:56', '2023-03-04 06:00:27'),
(147, 'Elena', 'female.jpg', 'member253654', 'pass4770', '羅怡萱', '女', '2002-12-25', 'mail57702@test.com', '0918407896', 'D202376504', '1', '2023-03-03 08:49:56', '2023-03-04 10:59:16'),
(148, 'James', 'male.jpg', 'member338454', 'pass2452', '袁彥廷', '男', '2005-06-10', 'mail77684@test.com', '0918399546', 'A162007091', '3', '2023-03-03 08:49:56', '2023-03-04 02:33:03'),
(149, 'William', 'male.jpg', 'member715567', 'pass5208', '彭柏翰', '男', '1999-07-04', 'mail52634@test.com', '0918994319', 'D166093771', '2', '2023-03-03 08:49:56', '2023-03-04 00:16:33'),
(150, 'Benjamin', 'male.jpg', 'member806721', 'pass4797', '胡冠廷', '男', '2019-06-22', 'mail28550@test.com', '0918632263', 'C137361750', '3', '2023-03-03 08:49:56', '2023-03-04 14:08:27'),
(151, 'Amelia', 'female.jpg', 'member742599', 'pass2799', '沈雅婷', '女', '2013-03-23', 'mail20679@test.com', '0918482055', 'D238083541', '3', '2023-03-03 08:49:56', '2023-03-04 03:00:40'),
(152, 'John', 'male.jpg', 'member495337', 'pass1901', '馬彥廷', '男', '1999-11-05', 'mail47591@test.com', '0918206957', 'B154392365', '2', '2023-03-03 08:49:56', '2023-03-04 19:27:20'),
(153, 'Lucas', 'male.jpg', 'member535263', 'pass1500', '宋彥廷', '男', '2008-02-16', 'mail34729@test.com', '0918185943', 'B140627541', '3', '2023-03-03 08:49:56', '2023-03-04 06:14:52'),
(154, 'Aiden', 'male.jpg', 'member474594', 'pass7690', '黃宇軒', '男', '2021-03-20', 'mail92772@test.com', '0918441004', 'C114016298', '2', '2023-03-03 08:49:56', '2023-03-04 13:20:22'),
(155, 'William', 'male.jpg', 'member256823', 'pass5887', '楊冠宇', '男', '1996-09-16', 'mail49503@test.com', '0918832138', 'B131684878', '3', '2023-03-03 08:49:56', '2023-03-04 04:59:19'),
(156, 'Isla', 'female.jpg', 'member958022', 'pass5292', '於詩涵', '女', '2003-01-23', 'mail66833@test.com', '0918673385', 'A296746590', '3', '2023-03-03 08:49:56', '2023-03-04 00:14:53'),
(157, 'Parker', 'male.jpg', 'member419689', 'pass6638', '程冠宇', '男', '2006-10-19', 'mail17389@test.com', '0918644861', 'D121479583', '1', '2023-03-03 08:49:56', '2023-03-04 13:37:52'),
(158, 'Lucas', 'male.jpg', 'member761987', 'pass5469', '呂宗翰', '男', '2006-01-31', 'mail85360@test.com', '0918589596', 'A160822950', '3', '2023-03-03 08:49:56', '2023-03-04 21:34:10'),
(159, 'Muhammad', 'male.jpg', 'member501714', 'pass9582', '孫家豪', '男', '2003-09-14', 'mail75677@test.com', '0918804665', 'A143608960', '2', '2023-03-03 08:49:56', '2023-03-04 16:39:06'),
(160, 'Oliver', 'male.jpg', 'member273584', 'pass8878', '程承翰', '男', '2014-01-22', 'mail16964@test.com', '0918149076', 'A162888178', '3', '2023-03-03 08:49:56', '2023-03-04 23:10:39'),
(161, 'Asher', 'male.jpg', 'member733616', 'pass2390', '謝冠廷', '男', '2000-10-09', 'mail27682@test.com', '0918333998', 'A109216958', '1', '2023-03-03 08:49:56', '2023-03-04 20:38:50'),
(162, 'Sofia', 'female.jpg', 'member784192', 'pass6520', '謝郁婷', '女', '1989-06-03', 'mail86539@test.com', '0918185173', 'C285080604', '3', '2023-03-03 08:49:56', '2023-03-04 06:16:25'),
(163, 'Amelia', 'female.jpg', 'member229831', 'pass1173', '程雅婷', '女', '2000-03-31', 'mail53315@test.com', '0918569259', 'B204741091', '1', '2023-03-03 08:49:56', '2023-03-04 23:43:39'),
(164, 'Victoria', 'female.jpg', 'member451710', 'pass1718', '趙怡萱', '女', '2002-06-03', 'mail49533@test.com', '0918591844', 'D209349219', '1', '2023-03-03 08:49:56', '2023-03-04 12:35:02'),
(165, 'Sebastian', 'male.jpg', 'member653820', 'pass7569', '吳宗翰', '男', '2012-10-11', 'mail51772@test.com', '0918654891', 'C161492693', '1', '2023-03-03 08:49:56', '2023-03-04 21:03:28'),
(166, 'Gianna', 'female.jpg', 'member851083', 'pass9828', '林詩涵', '女', '2016-02-23', 'mail36573@test.com', '0918893486', 'B257286444', '1', '2023-03-03 08:49:56', '2023-03-04 14:18:05'),
(167, 'Ruby', 'female.jpg', 'member412601', 'pass8712', '李怡萱', '女', '1985-01-04', 'mail65921@test.com', '0918108073', 'A294303018', '2', '2023-03-03 08:49:56', '2023-03-04 08:45:13'),
(168, 'Iris', 'female.jpg', 'member877598', 'pass5933', '於宜庭', '女', '2001-08-28', 'mail75305@test.com', '0918444924', 'B274295340', '2', '2023-03-03 08:49:56', '2023-03-04 21:18:19'),
(169, 'Candice', 'female.jpg', 'member298220', 'pass1048', '許雅婷', '女', '1988-02-12', 'mail76532@test.com', '0918492165', 'D284781727', '3', '2023-03-03 08:49:56', '2023-03-04 06:09:14'),
(170, 'Aria', 'female.jpg', 'member767030', 'pass9202', '徐郁婷', '女', '1987-12-28', 'mail77049@test.com', '0918124137', 'C275134884', '2', '2023-03-03 08:49:56', '2023-03-04 17:03:56'),
(171, 'Bonnie', 'female.jpg', 'member256841', 'pass5238', '唐詩涵', '女', '2003-04-26', 'mail64136@test.com', '0918814304', 'A246871521', '1', '2023-03-03 08:49:56', '2023-03-04 05:00:01'),
(172, 'Levi', 'male.jpg', 'member688730', 'pass4913', '馮宗翰', '男', '2013-08-25', 'mail41270@test.com', '0918772867', 'C158776605', '2', '2023-03-03 08:49:56', '2023-03-04 13:56:43'),
(173, 'Gianna', 'female.jpg', 'member998592', 'pass2437', '鄧怡萱', '女', '2019-08-17', 'mail33304@test.com', '0918418934', 'A206645227', '3', '2023-03-03 08:49:56', '2023-03-04 02:57:34'),
(174, 'Theodore', 'male.jpg', 'member268260', 'pass6866', '馮冠廷', '男', '1986-12-15', 'mail55450@test.com', '0918612203', 'C157597680', '2', '2023-03-03 08:49:56', '2023-03-04 11:52:14'),
(175, 'Oliver', 'male.jpg', 'member772646', 'pass3026', '謝冠廷', '男', '2012-09-08', 'mail27311@test.com', '0918404992', 'C195066079', '1', '2023-03-03 08:49:56', '2023-03-04 11:16:10'),
(176, 'Jayden', 'male.jpg', 'member136436', 'pass4726', '彭冠霖', '男', '1997-02-17', 'mail52308@test.com', '0918598157', 'C109145288', '3', '2023-03-03 08:49:56', '2023-03-04 18:30:55'),
(177, 'Carol', 'female.jpg', 'member571302', 'pass2820', '胡怡萱', '女', '1986-03-23', 'mail20576@test.com', '0918218053', 'C253616268', '3', '2023-03-03 08:49:56', '2023-03-04 22:42:11'),
(178, 'Maya', 'female.jpg', 'member224378', 'pass4635', '馮詩涵', '女', '2004-01-22', 'mail33568@test.com', '0918643914', 'D242503072', '3', '2023-03-03 08:49:56', '2023-03-04 01:34:38'),
(179, 'Jayden', 'male.jpg', 'member707469', 'pass7298', '趙彥廷', '男', '2019-11-14', 'mail62697@test.com', '0918648317', 'B198101065', '3', '2023-03-03 08:49:56', '2023-03-04 04:34:25'),
(180, 'Madison', 'female.jpg', 'member376602', 'pass4277', '沈鈺婷', '女', '1994-02-14', 'mail76205@test.com', '0918980988', 'A224648529', '1', '2023-03-03 08:49:56', '2023-03-04 04:03:25'),
(181, 'Hannah', 'female.jpg', 'member308797', 'pass3981', '曾佳穎', '女', '2004-11-05', 'mail59749@test.com', '0918490167', 'A254464522', '1', '2023-03-03 08:49:56', '2023-03-04 18:43:43'),
(182, 'Evelyn', 'female.jpg', 'member945969', 'pass7546', '馮雅筑', '女', '1997-06-09', 'mail49147@test.com', '0918630267', 'A231708776', '2', '2023-03-03 08:49:56', '2023-03-04 02:04:13'),
(183, 'David', 'male.jpg', 'member189553', 'pass7256', '韓彥廷', '男', '1996-12-29', 'mail75638@test.com', '0918261352', 'B164149813', '2', '2023-03-03 08:49:56', '2023-03-04 06:28:52'),
(184, 'Daniel', 'male.jpg', 'member296205', 'pass5021', '陳宗翰', '男', '2004-04-18', 'mail36932@test.com', '0918996191', 'B187404403', '2', '2023-03-03 08:49:56', '2023-03-04 09:25:42'),
(185, 'Adam', 'male.jpg', 'member884929', 'pass7992', '林冠宇', '男', '1998-12-31', 'mail22186@test.com', '0918178857', 'B193039577', '3', '2023-03-03 08:49:56', '2023-03-04 13:48:38'),
(186, 'Dana', 'female.jpg', 'member432912', 'pass3242', '曾詩涵', '女', '1999-02-12', 'mail78791@test.com', '0918391019', 'A244987154', '3', '2023-03-03 08:49:56', '2023-03-04 17:36:38'),
(187, 'Bonnie', 'female.jpg', 'member270436', 'pass1723', '曾雅筑', '女', '1997-11-28', 'mail47941@test.com', '0918267892', 'A213965566', '2', '2023-03-03 08:49:56', '2023-03-04 19:21:33'),
(188, 'Ezra', 'male.jpg', 'member817801', 'pass2487', '蕭冠宇', '男', '1988-02-27', 'mail95727@test.com', '0918182495', 'B154860833', '1', '2023-03-03 08:49:56', '2023-03-04 05:04:38'),
(189, 'Leo', 'male.jpg', 'member158811', 'pass2018', '董冠霖', '男', '2018-11-01', 'mail94326@test.com', '0918183511', 'C176714130', '3', '2023-03-03 08:49:56', '2023-03-04 23:25:09'),
(190, 'Jacob', 'male.jpg', 'member776166', 'pass5851', '李冠宇', '男', '1998-12-28', 'mail22283@test.com', '0918885082', 'A147925719', '2', '2023-03-03 08:49:56', '2023-03-04 08:32:49'),
(191, 'Matthew', 'male.jpg', 'member524324', 'pass3970', '程宗翰', '男', '1988-09-07', 'mail34931@test.com', '0918767415', 'D144591506', '2', '2023-03-03 08:49:56', '2023-03-04 10:52:56'),
(192, 'Alexander', 'male.jpg', 'member478108', 'pass7166', '謝柏翰', '男', '1985-05-26', 'mail37170@test.com', '0918132626', 'B126461673', '3', '2023-03-03 08:49:56', '2023-03-04 13:30:02'),
(193, 'Elijah', 'male.jpg', 'member663759', 'pass5928', '劉宇軒', '男', '1988-08-18', 'mail46307@test.com', '0918831745', 'D196802484', '2', '2023-03-03 08:49:56', '2023-03-04 14:20:29'),
(194, 'Mateo', 'male.jpg', 'member477841', 'pass7236', '沈彥廷', '男', '2003-09-28', 'mail64333@test.com', '0918598220', 'D159372345', '1', '2023-03-03 08:49:56', '2023-03-04 11:46:18'),
(195, 'Mateo', 'male.jpg', 'member677568', 'pass8640', '呂宇軒', '男', '1985-10-27', 'mail40822@test.com', '0918900528', 'B187772752', '1', '2023-03-03 08:49:56', '2023-03-04 15:05:19'),
(196, 'Gina', 'female.jpg', 'member309941', 'pass3053', '馮宜庭', '女', '1989-05-04', 'mail53873@test.com', '0918788797', 'A260896623', '3', '2023-03-03 08:49:56', '2023-03-04 04:08:05'),
(197, 'Candice', 'female.jpg', 'member453485', 'pass6606', '謝怡婷', '女', '1994-04-07', 'mail23005@test.com', '0918477596', 'C254154388', '2', '2023-03-03 08:49:56', '2023-03-04 19:58:03'),
(198, 'Sophia', 'female.jpg', 'member593773', 'pass8929', '彭雅婷', '女', '2002-11-08', 'mail56544@test.com', '0918640910', 'B280667208', '1', '2023-03-03 08:49:56', '2023-03-04 12:40:55'),
(199, 'Mila', 'female.jpg', 'member852373', 'pass9016', '林鈺婷', '女', '2011-06-18', 'mail53196@test.com', '0918210441', 'B243225291', '3', '2023-03-03 08:49:56', '2023-03-04 02:03:45'),
(200, 'River', 'male.jpg', 'member429623', 'pass5029', '郭柏翰', '男', '1987-04-12', 'mail99955@test.com', '0918715041', 'A117196634', '2', '2023-03-03 08:49:56', '2023-03-04 14:09:25'),
(201, 'Emily', 'female.jpg', 'member550791', 'pass3832', '曹怡萱', '女', '2020-10-31', 'mail51589@test.com', '0918374518', 'D202459156', '2', '2023-03-03 08:49:56', '2023-03-04 20:03:47'),
(202, 'Charlie', 'male.jpg', 'member353749', 'pass5660', '於冠廷', '男', '2005-04-09', 'mail95741@test.com', '0918812492', 'B195984984', '3', '2023-03-03 08:49:56', '2023-03-04 01:25:08'),
(203, 'Hank', 'male.jpg', 'member104660', 'pass9580', '郭宇軒', '男', '1990-08-02', 'mail95922@test.com', '0918732418', 'B171549407', '3', '2023-03-03 08:49:56', '2023-03-04 09:37:15'),
(204, 'Ruby', 'female.jpg', 'member979047', 'pass4954', '徐雅筑', '女', '2014-02-17', 'mail84111@test.com', '0918352480', 'A264632387', '2', '2023-03-03 08:49:56', '2023-03-04 01:53:53'),
(205, 'Grace', 'female.jpg', 'member222702', 'pass7027', '於怡婷', '女', '2022-11-17', 'mail97836@test.com', '0918611764', 'B222822416', '3', '2023-03-03 08:49:56', '2023-03-04 18:27:07'),
(206, 'Logan', 'male.jpg', 'member868105', 'pass2717', '於柏翰', '男', '2009-06-27', 'mail79509@test.com', '0918156720', 'C194688592', '3', '2023-03-03 08:49:56', '2023-03-04 20:55:09'),
(207, 'Cooper', 'male.jpg', 'member202246', 'pass6818', '孫冠廷', '男', '2011-04-18', 'mail97681@test.com', '0918216636', 'D180778141', '1', '2023-03-03 08:49:56', '2023-03-04 03:48:57'),
(208, 'Iris', 'female.jpg', 'member846451', 'pass8082', '陳郁婷', '女', '1993-11-09', 'mail88746@test.com', '0918190619', 'C293884836', '2', '2023-03-03 08:49:56', '2023-03-04 00:23:55'),
(209, 'Amy', 'female.jpg', 'member609742', 'pass6610', '彭雅婷', '女', '1991-02-13', 'mail65152@test.com', '0918321712', 'A272541961', '1', '2023-03-03 08:49:56', '2023-03-04 16:55:16'),
(210, 'Hunter', 'male.jpg', 'member685815', 'pass3526', '林宗翰', '男', '1999-02-15', 'mail70042@test.com', '0918242168', 'D107273263', '2', '2023-03-03 08:49:56', '2023-03-04 06:52:26'),
(211, 'Ivy', 'female.jpg', 'member632168', 'pass4923', '韓詩涵', '女', '1987-04-29', 'mail12228@test.com', '0918339951', 'B233034571', '1', '2023-03-03 08:49:56', '2023-03-04 12:27:12'),
(212, 'Rebecca', 'female.jpg', 'member952818', 'pass1665', '孫雅婷', '女', '2009-05-04', 'mail96737@test.com', '0918254121', 'A234689037', '1', '2023-03-03 08:49:56', '2023-03-04 15:40:32'),
(213, 'Jacob', 'male.jpg', 'member246128', 'pass7519', '羅柏翰', '男', '2001-10-23', 'mail31042@test.com', '0918116313', 'B171986993', '3', '2023-03-03 08:49:56', '2023-03-04 18:04:42'),
(214, 'Jordan', 'male.jpg', 'member296564', 'pass6080', '陳家瑋', '男', '2021-07-26', 'mail64409@test.com', '0918123698', 'B106171836', '3', '2023-03-03 08:49:56', '2023-03-04 08:14:48'),
(215, 'Stella', 'female.jpg', 'member278105', 'pass1311', '孫怡萱', '女', '1987-05-06', 'mail26177@test.com', '0918551280', 'A261594561', '1', '2023-03-03 08:49:56', '2023-03-04 03:17:44'),
(216, 'Owen', 'male.jpg', 'member692717', 'pass3312', '梁宇軒', '男', '1993-04-13', 'mail46688@test.com', '0918187821', 'C185448071', '1', '2023-03-03 08:49:56', '2023-03-04 06:34:23'),
(217, 'Jayden', 'male.jpg', 'member197687', 'pass8746', '彭柏翰', '男', '2014-05-24', 'mail37284@test.com', '0918307074', 'B161724810', '3', '2023-03-03 08:49:56', '2023-03-04 19:35:30'),
(218, 'Alexander', 'male.jpg', 'member922615', 'pass7981', '徐承翰', '男', '2003-11-03', 'mail30498@test.com', '0918505591', 'D140109188', '1', '2023-03-03 08:49:56', '2023-03-04 15:28:38'),
(219, 'Carol', 'female.jpg', 'member256223', 'pass1949', '鄭宜庭', '女', '2021-08-18', 'mail45910@test.com', '0918655623', 'C299962316', '3', '2023-03-03 08:49:56', '2023-03-04 13:19:03'),
(220, 'Ruby', 'female.jpg', 'member658984', 'pass5220', '林怡萱', '女', '2011-06-24', 'mail32638@test.com', '0918254981', 'B217428900', '3', '2023-03-03 08:49:56', '2023-03-04 18:49:31'),
(221, 'Elijah', 'male.jpg', 'member130290', 'pass8692', '傅宗翰', '男', '1988-08-17', 'mail76756@test.com', '0918548275', 'B104249662', '3', '2023-03-03 08:49:56', '2023-03-04 08:29:14'),
(222, 'Asher', 'male.jpg', 'member315686', 'pass1180', '胡宗翰', '男', '2009-11-24', 'mail96950@test.com', '0918575265', 'A127191129', '2', '2023-03-03 08:49:56', '2023-03-04 06:37:51'),
(223, 'Cooper', 'male.jpg', 'member209252', 'pass6008', '沈彥廷', '男', '2001-12-26', 'mail98385@test.com', '0918714186', 'D135782178', '1', '2023-03-03 08:49:56', '2023-03-04 17:53:21'),
(224, 'Miles', 'male.jpg', 'member498439', 'pass4642', '陳家豪', '男', '2016-12-10', 'mail64210@test.com', '0918898059', 'C159346762', '1', '2023-03-03 08:49:56', '2023-03-04 04:04:49'),
(225, 'Lucy', 'female.jpg', 'member788331', 'pass4399', '袁鈺婷', '女', '1994-07-31', 'mail78136@test.com', '0918749974', 'C263275989', '2', '2023-03-03 08:49:56', '2023-03-04 01:03:32'),
(226, 'Ruby', 'female.jpg', 'member958822', 'pass1524', '孫佳穎', '女', '1998-01-29', 'mail54652@test.com', '0918561756', 'C254944914', '3', '2023-03-03 08:49:56', '2023-03-04 05:14:42'),
(227, 'Ella', 'female.jpg', 'member535432', 'pass7888', '羅雅筑', '女', '2016-05-25', 'mail27798@test.com', '0918161187', 'B274473783', '1', '2023-03-03 08:49:56', '2023-03-04 06:45:26'),
(228, 'Sebastian', 'male.jpg', 'member367635', 'pass1159', '馮家瑋', '男', '1988-05-30', 'mail41100@test.com', '0918588771', 'B154991183', '3', '2023-03-03 08:49:56', '2023-03-04 18:47:37'),
(229, 'Zion', 'male.jpg', 'member427988', 'pass5044', '趙宗翰', '男', '2000-09-02', 'mail30383@test.com', '0918716078', 'D136674856', '1', '2023-03-03 08:49:56', '2023-03-04 03:16:01'),
(230, 'John', 'male.jpg', 'member593014', 'pass5479', '沈宗翰', '男', '2002-03-02', 'mail34990@test.com', '0918277956', 'B189354603', '2', '2023-03-03 08:49:56', '2023-03-04 16:46:22'),
(231, 'William', 'male.jpg', 'member615511', 'pass6752', '宋柏翰', '男', '1996-09-13', 'mail20790@test.com', '0918563495', 'A148541106', '1', '2023-03-03 08:49:56', '2023-03-04 16:45:26'),
(232, 'Ella', 'female.jpg', 'member227265', 'pass4478', '曹怡婷', '女', '2002-11-18', 'mail85357@test.com', '0918658964', 'D235917482', '3', '2023-03-03 08:49:56', '2023-03-04 11:51:07'),
(233, 'Logan', 'male.jpg', 'member236202', 'pass8263', '周冠霖', '男', '1996-12-27', 'mail48439@test.com', '0918599156', 'B147818600', '2', '2023-03-03 08:49:56', '2023-03-04 20:55:41'),
(234, 'Luke', 'male.jpg', 'member252842', 'pass1817', '孫家瑋', '男', '2014-10-25', 'mail82408@test.com', '0918219785', 'B112788711', '1', '2023-03-03 08:49:56', '2023-03-04 13:28:22'),
(235, 'Sarah', 'female.jpg', 'member643843', 'pass5906', '何雅婷', '女', '1986-09-26', 'mail65167@test.com', '0918253399', 'D225272405', '3', '2023-03-03 08:49:56', '2023-03-04 03:48:45'),
(236, 'Mila', 'female.jpg', 'member379497', 'pass2422', '謝宜庭', '女', '1988-09-15', 'mail44360@test.com', '0918672326', 'C293404045', '2', '2023-03-03 08:49:56', '2023-03-04 18:26:49'),
(237, 'Ethan', 'male.jpg', 'member940790', 'pass2476', '曹柏翰', '男', '2008-09-19', 'mail75691@test.com', '0918150018', 'C127981864', '3', '2023-03-03 08:49:56', '2023-03-04 21:36:34'),
(238, 'Elijah', 'male.jpg', 'member486830', 'pass9489', '胡柏翰', '男', '2006-03-04', 'mail63873@test.com', '0918478313', 'A149900473', '1', '2023-03-03 08:49:56', '2023-03-04 14:27:01'),
(239, 'Robert', 'male.jpg', 'member742113', 'pass4685', '趙家瑋', '男', '1988-03-09', 'mail17647@test.com', '0918291655', 'A110128285', '1', '2023-03-03 08:49:56', '2023-03-04 20:34:13'),
(240, 'Bonnie', 'female.jpg', 'member533872', 'pass6956', '吳鈺婷', '女', '1999-09-04', 'mail17239@test.com', '0918457897', 'D250833545', '2', '2023-03-03 08:49:56', '2023-03-04 10:10:26'),
(241, 'Charlie', 'male.jpg', 'member269915', 'pass3720', '袁冠廷', '男', '2008-05-08', 'mail67673@test.com', '0918209469', 'C137466045', '1', '2023-03-03 08:49:56', '2023-03-04 20:51:36'),
(242, 'Bess', 'female.jpg', 'member554807', 'pass5347', '蕭雅婷', '女', '1996-11-20', 'mail90403@test.com', '0918892382', 'B232974801', '1', '2023-03-03 08:49:56', '2023-03-04 03:01:20'),
(243, 'Logan', 'male.jpg', 'member685635', 'pass5717', '吳冠宇', '男', '1995-06-19', 'mail71176@test.com', '0918117320', 'C176697237', '3', '2023-03-03 08:49:56', '2023-03-04 02:24:50'),
(244, 'Zoey', 'female.jpg', 'member627532', 'pass2488', '傅怡婷', '女', '2020-07-07', 'mail52809@test.com', '0918737430', 'C229991565', '2', '2023-03-03 08:49:56', '2023-03-04 05:06:46'),
(245, 'Theodore', 'male.jpg', 'member202413', 'pass5544', '郭宗翰', '男', '2012-04-30', 'mail31213@test.com', '0918810357', 'B189668770', '2', '2023-03-03 08:49:56', '2023-03-04 23:36:26'),
(246, 'Sebastian', 'male.jpg', 'member931570', 'pass2365', '馮承翰', '男', '1991-07-14', 'mail84284@test.com', '0918845274', 'D117167372', '1', '2023-03-03 08:49:56', '2023-03-04 19:33:38'),
(247, 'Gina', 'female.jpg', 'member388638', 'pass4449', '馮怡婷', '女', '1990-02-19', 'mail90056@test.com', '0918352171', 'D243941475', '3', '2023-03-03 08:49:56', '2023-03-04 23:29:23'),
(248, 'Doris', 'female.jpg', 'member921486', 'pass9867', '傅詩涵', '女', '2017-05-09', 'mail36051@test.com', '0918782460', 'D277302467', '3', '2023-03-03 08:49:56', '2023-03-04 22:25:43'),
(249, 'Sarah', 'female.jpg', 'member384670', 'pass3381', '吳雅筑', '女', '2020-08-20', 'mail82228@test.com', '0918739720', 'A201246426', '3', '2023-03-03 08:49:56', '2023-03-04 16:03:11'),
(250, 'Hudson', 'male.jpg', 'member292777', 'pass6571', '郭彥廷', '男', '1990-02-18', 'mail64646@test.com', '0918407635', 'A108236828', '2', '2023-03-03 08:49:56', '2023-03-04 05:05:18'),
(251, 'Gianna', 'female.jpg', 'member799145', 'pass6996', '程佳穎', '女', '1996-11-30', 'mail37364@test.com', '0918386082', 'B247857225', '1', '2023-03-03 08:49:56', '2023-03-04 10:29:07'),
(252, 'Bonnie', 'female.jpg', 'member382320', 'pass4107', '劉宜庭', '女', '2004-11-25', 'mail26751@test.com', '0918381579', 'A294124952', '3', '2023-03-03 08:49:56', '2023-03-04 23:39:53'),
(253, 'Asher', 'male.jpg', 'member824470', 'pass3749', '唐家豪', '男', '1994-06-02', 'mail69433@test.com', '0918118095', 'D183628909', '3', '2023-03-03 08:49:56', '2023-03-04 19:42:24'),
(254, 'Theo', 'male.jpg', 'member948117', 'pass3373', '李家豪', '男', '1987-03-17', 'mail62779@test.com', '0918853395', 'B179520404', '2', '2023-03-03 08:49:56', '2023-03-04 18:25:27'),
(255, 'Andrew', 'male.jpg', 'member265623', 'pass2353', '林承翰', '男', '1991-09-17', 'mail55486@test.com', '0918588613', 'A116270768', '1', '2023-03-03 08:49:56', '2023-03-04 01:39:19'),
(256, 'Carter', 'male.jpg', 'member720846', 'pass7633', '劉柏翰', '男', '2010-03-18', 'mail61583@test.com', '0918459594', 'B129643379', '1', '2023-03-03 08:49:56', '2023-03-04 22:37:47'),
(257, 'Miles', 'male.jpg', 'member760745', 'pass8022', '彭彥廷', '男', '1995-01-15', 'mail69498@test.com', '0918881641', 'D186689731', '1', '2023-03-03 08:49:56', '2023-03-04 22:55:25'),
(258, 'Hank', 'male.jpg', 'member242492', 'pass3444', '羅冠廷', '男', '2005-09-21', 'mail16942@test.com', '0918333783', 'C106761652', '1', '2023-03-03 08:49:56', '2023-03-04 10:11:12'),
(259, 'Luca', 'male.jpg', 'member166878', 'pass9220', '沈宇軒', '男', '1987-01-08', 'mail80629@test.com', '0918571635', 'A142477396', '1', '2023-03-03 08:49:56', '2023-03-04 11:52:47'),
(260, 'Asher', 'male.jpg', 'member852519', 'pass7713', '程柏翰', '男', '1999-12-22', 'mail93102@test.com', '0918707591', 'B102998677', '2', '2023-03-03 08:49:56', '2023-03-04 02:46:03'),
(261, 'Carol', 'female.jpg', 'member739325', 'pass2629', '宋怡婷', '女', '1989-01-07', 'mail46557@test.com', '0918349556', 'D259661052', '3', '2023-03-03 08:49:56', '2023-03-04 02:12:06'),
(262, 'Gianna', 'female.jpg', 'member974560', 'pass9054', '劉郁婷', '女', '2003-11-23', 'mail53998@test.com', '0918863371', 'D274270954', '3', '2023-03-03 08:49:56', '2023-03-04 20:49:33'),
(263, 'Theo', 'male.jpg', 'member711822', 'pass2902', '高冠霖', '男', '2005-09-02', 'mail10001@test.com', '0918346670', 'D131978143', '1', '2023-03-03 08:49:56', '2023-03-04 14:44:03'),
(264, 'Isla', 'female.jpg', 'member444063', 'pass9969', '何怡萱', '女', '2004-10-11', 'mail46493@test.com', '0918265202', 'C284753862', '1', '2023-03-03 08:49:56', '2023-03-04 18:04:34'),
(265, 'Zoey', 'female.jpg', 'member329586', 'pass4841', '周宜庭', '女', '2010-06-04', 'mail58878@test.com', '0918853715', 'A280813976', '2', '2023-03-03 08:49:56', '2023-03-04 19:32:02'),
(266, 'Theo', 'male.jpg', 'member820502', 'pass2856', '張冠廷', '男', '1992-09-08', 'mail58299@test.com', '0918912094', 'B106424998', '3', '2023-03-03 08:49:56', '2023-03-04 09:23:17'),
(267, 'Melody', 'female.jpg', 'member525318', 'pass5461', '孫雅筑', '女', '2015-05-02', 'mail34353@test.com', '0918883950', 'C287890248', '2', '2023-03-03 08:49:56', '2023-03-04 13:47:13'),
(268, 'Ethan', 'male.jpg', 'member631951', 'pass2969', '王冠霖', '男', '1992-11-10', 'mail41934@test.com', '0918321844', 'C116932629', '2', '2023-03-03 08:49:56', '2023-03-04 17:08:02'),
(269, 'Jacob', 'male.jpg', 'member422575', 'pass8633', '董宗翰', '男', '1991-08-08', 'mail97776@test.com', '0918967842', 'B106190431', '1', '2023-03-03 08:49:56', '2023-03-04 13:47:56'),
(270, 'Hank', 'male.jpg', 'member735417', 'pass1378', '鄭宇軒', '男', '2008-02-09', 'mail14784@test.com', '0918605139', 'B106306690', '2', '2023-03-03 08:49:56', '2023-03-04 19:51:17'),
(271, 'Anthony', 'male.jpg', 'member554562', 'pass6358', '曾宗翰', '男', '1997-01-31', 'mail14060@test.com', '0918266898', 'B148610838', '1', '2023-03-03 08:49:56', '2023-03-04 15:13:46'),
(272, 'Violet', 'female.jpg', 'member504273', 'pass9968', '馬佳穎', '女', '1991-02-05', 'mail79551@test.com', '0918712144', 'A222896374', '3', '2023-03-03 08:49:56', '2023-03-04 03:03:49'),
(273, 'Levi', 'male.jpg', 'member156250', 'pass9116', '唐彥廷', '男', '1994-05-29', 'mail82181@test.com', '0918917338', 'A181167259', '2', '2023-03-03 08:49:56', '2023-03-04 17:58:12');
INSERT INTO `member` (`membersid`, `memNickName`, `memHeadshot`, `memAccount`, `memPassword`, `memName`, `memGender`, `memBirth`, `memEmail`, `memMobile`, `memIdentity`, `memLevel`, `memCreatAt`, `memEditAt`) VALUES
(274, 'Hunter', 'male.jpg', 'member611879', 'pass6976', '徐宗翰', '男', '1991-01-28', 'mail14622@test.com', '0918409351', 'C187817779', '3', '2023-03-03 08:49:56', '2023-03-04 14:18:39'),
(275, 'Jackson', 'male.jpg', 'member956882', 'pass8382', '黃承翰', '男', '2019-07-16', 'mail47605@test.com', '0918894133', 'D133903557', '1', '2023-03-03 08:49:56', '2023-03-04 18:15:26'),
(276, 'Hannah', 'female.jpg', 'member123019', 'pass9911', '董怡婷', '女', '1996-04-14', 'mail73257@test.com', '0918475116', 'B225147566', '1', '2023-03-03 08:49:56', '2023-03-04 23:30:40'),
(277, 'Amelia', 'female.jpg', 'member913569', 'pass5673', '高詩涵', '女', '2002-06-22', 'mail56292@test.com', '0918795252', 'C214830341', '3', '2023-03-03 08:49:56', '2023-03-04 04:55:58'),
(278, 'Hunter', 'male.jpg', 'member865910', 'pass4950', '劉彥廷', '男', '2006-11-29', 'mail60236@test.com', '0918248621', 'C194831283', '1', '2023-03-03 08:49:56', '2023-03-04 16:35:24'),
(279, 'Miles', 'male.jpg', 'member237205', 'pass3158', '於冠宇', '男', '1988-02-20', 'mail61409@test.com', '0918341912', 'A105726421', '3', '2023-03-03 08:49:56', '2023-03-04 17:59:58'),
(280, 'Jordan', 'male.jpg', 'member954703', 'pass3788', '謝宗翰', '男', '1985-08-03', 'mail63108@test.com', '0918424814', 'B142978720', '3', '2023-03-03 08:49:56', '2023-03-04 03:29:03'),
(281, 'Rylee', 'female.jpg', 'member507678', 'pass3307', '林宜庭', '女', '1990-06-18', 'mail88251@test.com', '0918560396', 'B296439673', '3', '2023-03-03 08:49:56', '2023-03-04 22:12:19'),
(282, 'Emily', 'female.jpg', 'member692588', 'pass2080', '趙郁婷', '女', '1990-05-26', 'mail86090@test.com', '0918329686', 'A296287087', '3', '2023-03-03 08:49:56', '2023-03-04 05:19:08'),
(283, 'Isla', 'female.jpg', 'member114562', 'pass3969', '曾郁婷', '女', '2019-04-12', 'mail39417@test.com', '0918883933', 'B253321384', '2', '2023-03-03 08:49:56', '2023-03-04 19:45:26'),
(284, 'Hunter', 'male.jpg', 'member279538', 'pass4659', '朱家瑋', '男', '2016-02-03', 'mail74005@test.com', '0918773323', 'C171347091', '3', '2023-03-03 08:49:56', '2023-03-04 21:11:04'),
(285, 'Ruby', 'female.jpg', 'member650924', 'pass5244', '朱雅筑', '女', '1987-03-05', 'mail86375@test.com', '0918706776', 'A239019964', '2', '2023-03-03 08:49:56', '2023-03-04 11:32:38'),
(286, 'Claire', 'female.jpg', 'member705972', 'pass1196', '何詩涵', '女', '1998-01-19', 'mail77624@test.com', '0918266686', 'A222195803', '3', '2023-03-03 08:49:56', '2023-03-04 22:27:59'),
(287, 'Oliver', 'male.jpg', 'member467369', 'pass8001', '羅宗翰', '男', '1993-03-31', 'mail82883@test.com', '0918671060', 'A171399623', '2', '2023-03-03 08:49:56', '2023-03-04 20:32:57'),
(288, 'Elijah', 'male.jpg', 'member223117', 'pass9183', '唐承翰', '男', '2011-05-23', 'mail49915@test.com', '0918932934', 'D169247796', '3', '2023-03-03 08:49:56', '2023-03-04 22:14:42'),
(289, 'Sarah', 'female.jpg', 'member754860', 'pass9274', '馮佳穎', '女', '2003-05-12', 'mail15850@test.com', '0918692762', 'B266960351', '1', '2023-03-03 08:49:56', '2023-03-04 13:46:31'),
(290, 'Roman', 'male.jpg', 'member710515', 'pass6224', '曾家瑋', '男', '1998-03-29', 'mail83235@test.com', '0918231777', 'C148667798', '1', '2023-03-03 08:49:56', '2023-03-04 19:39:35'),
(291, 'Maverick', 'male.jpg', 'member878680', 'pass6241', '鄧家豪', '男', '2011-08-20', 'mail17114@test.com', '0918129456', 'C152994104', '3', '2023-03-03 08:49:56', '2023-03-04 23:17:48'),
(292, 'Jordan', 'male.jpg', 'member629607', 'pass3705', '程宗翰', '男', '1987-12-18', 'mail79600@test.com', '0918429800', 'B173475937', '3', '2023-03-03 08:49:56', '2023-03-04 09:46:24'),
(293, 'Camila', 'female.jpg', 'member865058', 'pass2096', '鄭詩涵', '女', '1997-03-25', 'mail45036@test.com', '0918625213', 'D252402787', '3', '2023-03-03 08:49:56', '2023-03-04 22:36:55'),
(294, 'Valentina', 'female.jpg', 'member130580', 'pass8259', '林佳穎', '女', '2022-07-24', 'mail49282@test.com', '0918854552', 'B263000593', '3', '2023-03-03 08:49:56', '2023-03-04 06:33:57'),
(295, 'Gabriel', 'male.jpg', 'member899784', 'pass8177', '呂冠霖', '男', '1995-09-21', 'mail75388@test.com', '0918237758', 'D184734754', '3', '2023-03-03 08:49:56', '2023-03-04 23:39:58'),
(296, 'Alexander', 'male.jpg', 'member980811', 'pass2692', '羅家豪', '男', '2004-11-01', 'mail21703@test.com', '0918598385', 'C106644625', '1', '2023-03-03 08:49:56', '2023-03-04 02:17:21'),
(297, 'Owen', 'male.jpg', 'member273222', 'pass7070', '孫冠廷', '男', '2011-03-09', 'mail73051@test.com', '0918545889', 'B163360128', '1', '2023-03-03 08:49:56', '2023-03-04 06:47:23'),
(298, 'Jayden', 'male.jpg', 'member135745', 'pass1868', '郭家豪', '男', '2014-08-19', 'mail97811@test.com', '0918995074', 'B167657930', '1', '2023-03-03 08:49:56', '2023-03-04 18:07:21'),
(299, 'Stella', 'female.jpg', 'member705505', 'pass5197', '李怡君', '女', '2001-03-02', 'mail72307@test.com', '0918249898', 'B253873462', '2', '2023-03-03 08:49:56', '2023-03-04 04:07:34'),
(300, 'Kitty', 'female.jpg', 'member188715', 'pass5821', '於詩涵', '女', '2004-01-20', 'mail23732@test.com', '0918125673', 'C201697881', '2', '2023-03-03 08:49:56', '2023-03-04 12:49:13'),
(301, 'Kevin', 'male.jpg', 'member769978', 'pass2209', '傅家瑋', '男', '1988-05-26', 'mail30079@test.com', '0918926903', 'D172163620', '1', '2023-03-03 08:49:56', '2023-03-04 17:42:57'),
(302, 'Emily', 'female.jpg', 'member582401', 'pass5011', '郭佳穎', '女', '2009-11-03', 'mail37448@test.com', '0918643885', 'B231646420', '2', '2023-03-03 08:49:56', '2023-03-04 09:13:48'),
(303, 'Charlie', 'male.jpg', 'member242254', 'pass7774', '何冠宇', '男', '2010-04-26', 'mail97759@test.com', '0918247353', 'B116582262', '1', '2023-03-03 08:49:56', '2023-03-04 11:45:23'),
(304, 'Aria', 'female.jpg', 'member893346', 'pass6937', '何詩涵', '女', '2017-11-15', 'mail39067@test.com', '0918928423', 'B283519014', '3', '2023-03-03 08:49:56', '2023-03-04 06:18:53'),
(305, 'Alexander', 'male.jpg', 'member859827', 'pass3756', '林家瑋', '男', '2019-06-01', 'mail23025@test.com', '0918284177', 'D199759226', '3', '2023-03-03 08:49:56', '2023-03-04 21:03:09'),
(306, 'Isabella', 'female.jpg', 'member735306', 'pass5300', '呂佳穎', '女', '2017-02-27', 'mail43228@test.com', '0918898294', 'D285812305', '1', '2023-03-03 08:49:56', '2023-03-04 18:48:11'),
(307, 'Hannah', 'female.jpg', 'member688591', 'pass5368', '曹怡萱', '女', '1995-05-17', 'mail91430@test.com', '0918103570', 'D219727375', '2', '2023-03-03 08:49:56', '2023-03-04 18:46:56'),
(308, 'Emma', 'female.jpg', 'member599890', 'pass3832', '楊怡婷', '女', '2015-10-30', 'mail61967@test.com', '0918313831', 'C253956412', '2', '2023-03-03 08:49:56', '2023-03-04 08:41:46'),
(309, 'Amelia', 'female.jpg', 'member135396', 'pass8920', '楊怡君', '女', '2009-02-10', 'mail48001@test.com', '0918616833', 'B219742058', '1', '2023-03-03 08:49:56', '2023-03-04 21:53:18'),
(310, 'James', 'male.jpg', 'member618592', 'pass2892', '袁冠宇', '男', '2008-08-13', 'mail82983@test.com', '0918571387', 'D106762263', '2', '2023-03-03 08:49:56', '2023-03-04 02:00:20'),
(311, 'Owen', 'male.jpg', 'member810022', 'pass1938', '沈家瑋', '男', '2012-12-09', 'mail68635@test.com', '0918842067', 'A192408577', '2', '2023-03-03 08:49:56', '2023-03-04 00:31:20'),
(312, 'Ruby', 'female.jpg', 'member205729', 'pass4684', '趙怡婷', '女', '2009-08-03', 'mail53430@test.com', '0918901237', 'C201284380', '1', '2023-03-03 08:49:56', '2023-03-04 00:53:23'),
(313, 'Gianna', 'female.jpg', 'member502388', 'pass8191', '於詩涵', '女', '2000-09-23', 'mail17518@test.com', '0918620799', 'B223998802', '1', '2023-03-03 08:49:56', '2023-03-04 15:10:29'),
(314, 'Emma', 'female.jpg', 'member396857', 'pass5937', '高鈺婷', '女', '1998-02-27', 'mail73036@test.com', '0918683264', 'A285187406', '2', '2023-03-03 08:49:56', '2023-03-04 01:33:19'),
(315, 'Valentina', 'female.jpg', 'member111152', 'pass1928', '沈雅婷', '女', '2016-01-03', 'mail98051@test.com', '0918566902', 'B223320170', '3', '2023-03-03 08:49:56', '2023-03-04 15:39:44'),
(316, 'Julia', 'female.jpg', 'member759591', 'pass2920', '朱詩涵', '女', '1989-03-13', 'mail96979@test.com', '0918339151', 'D205182129', '2', '2023-03-03 08:49:56', '2023-03-04 22:31:42'),
(317, 'Kitty', 'female.jpg', 'member465564', 'pass7582', '周怡婷', '女', '1992-03-16', 'mail71672@test.com', '0918104729', 'D297602405', '3', '2023-03-03 08:49:56', '2023-03-04 13:36:18'),
(318, 'John', 'male.jpg', 'member464219', 'pass7277', '董承翰', '男', '2018-01-28', 'mail37688@test.com', '0918931781', 'A195056242', '2', '2023-03-03 08:49:56', '2023-03-04 11:14:18'),
(319, 'Luna', 'female.jpg', 'member999235', 'pass9760', '曾怡君', '女', '2004-05-06', 'mail86549@test.com', '0918963985', 'A203263823', '2', '2023-03-03 08:49:56', '2023-03-04 15:52:09'),
(320, 'Kate', 'female.jpg', 'member732360', 'pass6113', '唐鈺婷', '女', '2016-09-17', 'mail53672@test.com', '0918623843', 'A236709637', '1', '2023-03-03 08:49:56', '2023-03-04 08:38:10'),
(321, 'Charlie', 'male.jpg', 'member128812', 'pass8451', '董宗翰', '男', '2007-09-06', 'mail16298@test.com', '0918961188', 'A168086293', '2', '2023-03-03 08:49:56', '2023-03-04 15:42:20'),
(322, 'Hudson', 'male.jpg', 'member459605', 'pass8935', '程冠霖', '男', '2011-01-12', 'mail13866@test.com', '0918702874', 'B186081271', '2', '2023-03-03 08:49:56', '2023-03-04 08:30:54'),
(323, 'Lily', 'female.jpg', 'member287681', 'pass7154', '曾詩涵', '女', '2000-11-17', 'mail99138@test.com', '0918863625', 'D255300320', '2', '2023-03-03 08:49:56', '2023-03-04 02:01:52'),
(324, 'River', 'male.jpg', 'member134578', 'pass9163', '楊家瑋', '男', '2009-03-05', 'mail15691@test.com', '0918938796', 'D106630112', '1', '2023-03-03 08:49:56', '2023-03-04 01:10:46'),
(325, 'Bennett', 'male.jpg', 'member834286', 'pass9222', '羅家豪', '男', '2018-08-23', 'mail70454@test.com', '0918267219', 'C100219399', '3', '2023-03-03 08:49:56', '2023-03-04 06:08:19'),
(326, 'Alice', 'female.jpg', 'member906582', 'pass4566', '林郁婷', '女', '2019-04-26', 'mail10982@test.com', '0918797971', 'D287501194', '2', '2023-03-03 08:49:56', '2023-03-04 22:39:35'),
(327, 'Asher', 'male.jpg', 'member879036', 'pass8510', '呂承翰', '男', '1990-08-24', 'mail37430@test.com', '0918814624', 'B175529055', '3', '2023-03-03 08:49:56', '2023-03-04 08:23:14'),
(328, 'Mila', 'female.jpg', 'member751070', 'pass6461', '何怡君', '女', '2009-02-26', 'mail42676@test.com', '0918989272', 'A209673756', '1', '2023-03-03 08:49:56', '2023-03-04 01:54:22'),
(329, 'Candice', 'female.jpg', 'member745199', 'pass4082', '周雅婷', '女', '1992-02-12', 'mail81796@test.com', '0918350930', 'B298065816', '3', '2023-03-03 08:49:56', '2023-03-04 07:34:16'),
(330, 'Gianna', 'female.jpg', 'member660195', 'pass9988', '林宜庭', '女', '2006-02-14', 'mail77987@test.com', '0918285631', 'B239864016', '3', '2023-03-03 08:49:56', '2023-03-04 21:24:46'),
(331, 'Bess', 'female.jpg', 'member786742', 'pass7432', '傅雅婷', '女', '1995-03-30', 'mail39192@test.com', '0918508025', 'A235277521', '1', '2023-03-03 08:49:56', '2023-03-04 21:35:38'),
(332, 'Bess', 'female.jpg', 'member433169', 'pass6281', '周詩涵', '女', '1986-03-02', 'mail63237@test.com', '0918512841', 'B260515828', '2', '2023-03-03 08:49:56', '2023-03-04 13:06:54'),
(333, 'Ethan', 'male.jpg', 'member700012', 'pass3653', '董宗翰', '男', '1992-08-13', 'mail66198@test.com', '0918501476', 'A155463768', '3', '2023-03-03 08:49:56', '2023-03-04 08:27:58'),
(334, 'Bonnie', 'female.jpg', 'member305426', 'pass7077', '曹宜庭', '女', '1998-06-08', 'mail56811@test.com', '0918629867', 'A214260607', '1', '2023-03-03 08:49:56', '2023-03-04 04:41:52'),
(335, 'Sophia', 'female.jpg', 'member854486', 'pass1303', '陳怡婷', '女', '1989-10-24', 'mail41007@test.com', '0918519899', 'B246935968', '1', '2023-03-03 08:49:56', '2023-03-04 14:06:15'),
(336, 'Clare', 'female.jpg', 'member644422', 'pass4320', '何宜庭', '女', '2017-11-14', 'mail42289@test.com', '0918373828', 'B279055762', '1', '2023-03-03 08:49:56', '2023-03-04 07:05:14'),
(337, 'Henry', 'male.jpg', 'member633751', 'pass5117', '羅家瑋', '男', '1990-01-11', 'mail55446@test.com', '0918367731', 'B102164726', '3', '2023-03-03 08:49:56', '2023-03-04 18:53:25'),
(338, 'Olivia', 'female.jpg', 'member655882', 'pass3214', '劉詩涵', '女', '2015-04-28', 'mail23793@test.com', '0918306328', 'D247239123', '2', '2023-03-03 08:49:56', '2023-03-04 15:53:38'),
(339, 'Ethan', 'male.jpg', 'member509559', 'pass8982', '馬柏翰', '男', '2013-10-15', 'mail86379@test.com', '0918183135', 'A179835984', '1', '2023-03-03 08:49:56', '2023-03-04 06:15:17'),
(340, 'Mia', 'female.jpg', 'member987094', 'pass5884', '李怡婷', '女', '1988-12-13', 'mail18347@test.com', '0918637520', 'C283741300', '1', '2023-03-03 08:49:56', '2023-03-04 16:58:01'),
(341, 'Maverick', 'male.jpg', 'member836257', 'pass4791', '胡冠宇', '男', '1996-03-22', 'mail64971@test.com', '0918987526', 'B131509638', '3', '2023-03-03 08:49:56', '2023-03-04 03:38:06'),
(342, 'Candice', 'female.jpg', 'member847330', 'pass5827', '趙宜庭', '女', '2020-05-28', 'mail63813@test.com', '0918261142', 'A259230474', '2', '2023-03-03 08:49:56', '2023-03-04 04:10:36'),
(343, 'Ruby', 'female.jpg', 'member826974', 'pass1252', '孫詩涵', '女', '1991-11-15', 'mail79257@test.com', '0918134417', 'D221836851', '1', '2023-03-03 08:49:56', '2023-03-04 03:21:06'),
(344, 'River', 'male.jpg', 'member123356', 'pass7887', '郭柏翰', '男', '2020-08-13', 'mail25298@test.com', '0918546578', 'B179250590', '2', '2023-03-03 08:49:56', '2023-03-04 05:20:30'),
(345, 'Nora', 'female.jpg', 'member598586', 'pass9085', '傅宜庭', '女', '1986-10-08', 'mail59256@test.com', '0918835070', 'C212041552', '1', '2023-03-03 08:49:56', '2023-03-04 00:28:08'),
(346, 'Emily', 'female.jpg', 'member500792', 'pass9652', '鄧雅婷', '女', '2012-09-04', 'mail40513@test.com', '0918963659', 'A207819377', '3', '2023-03-03 08:49:56', '2023-03-04 16:09:34'),
(347, 'Gianna', 'female.jpg', 'member313320', 'pass8329', '林雅筑', '女', '2012-12-14', 'mail84711@test.com', '0918915020', 'B242238278', '1', '2023-03-03 08:49:56', '2023-03-04 05:50:52'),
(348, 'James', 'male.jpg', 'member798175', 'pass1542', '梁承翰', '男', '2008-09-12', 'mail41796@test.com', '0918698943', 'B113337196', '1', '2023-03-03 08:49:56', '2023-03-04 02:06:16'),
(349, 'Iris', 'female.jpg', 'member186527', 'pass4502', '劉怡婷', '女', '2001-09-08', 'mail99299@test.com', '0918649708', 'A245050442', '3', '2023-03-03 08:49:56', '2023-03-04 20:31:41'),
(350, 'Grace', 'female.jpg', 'member358067', 'pass2680', '楊雅筑', '女', '1990-12-13', 'mail96769@test.com', '0918263812', 'D266894128', '3', '2023-03-03 08:49:56', '2023-03-04 11:31:25'),
(351, 'Alexander', 'male.jpg', 'member738278', 'pass5546', '梁家豪', '男', '2002-04-26', 'mail85401@test.com', '0918538043', 'C174685566', '2', '2023-03-03 08:49:56', '2023-03-04 05:12:09'),
(352, 'Abigail', 'female.jpg', 'member102113', 'pass9261', '許宜庭', '女', '1998-06-27', 'mail56162@test.com', '0918218602', 'B216586046', '2', '2023-03-03 08:49:56', '2023-03-04 04:17:21'),
(353, 'Grace', 'female.jpg', 'member877849', 'pass9128', '朱宜庭', '女', '2008-12-10', 'mail91232@test.com', '0918380027', 'B210537635', '1', '2023-03-03 08:49:56', '2023-03-04 18:43:57'),
(354, 'Bella', 'female.jpg', 'member778916', 'pass1999', '謝郁婷', '女', '2004-12-28', 'mail90261@test.com', '0918606824', 'D226820524', '1', '2023-03-03 08:49:56', '2023-03-04 11:46:52'),
(355, 'Eric', 'male.jpg', 'member789519', 'pass9431', '呂冠霖', '男', '1987-02-02', 'mail70287@test.com', '0918455263', 'B154299160', '2', '2023-03-03 08:49:56', '2023-03-04 12:05:26'),
(356, 'Rebecca', 'female.jpg', 'member321198', 'pass5640', '彭宜庭', '女', '2005-09-13', 'mail15247@test.com', '0918791262', 'D249486971', '2', '2023-03-03 08:49:56', '2023-03-04 00:46:09'),
(357, 'Matthew', 'male.jpg', 'member857070', 'pass3046', '胡家瑋', '男', '2019-02-06', 'mail30663@test.com', '0918371669', 'C132150706', '3', '2023-03-03 08:49:56', '2023-03-04 20:03:00'),
(358, 'Andy', 'male.jpg', 'member963841', 'pass9570', '唐柏翰', '男', '2011-10-11', 'mail18484@test.com', '0918111980', 'B105486696', '3', '2023-03-03 08:49:56', '2023-03-04 01:54:34'),
(359, 'Sebastian', 'male.jpg', 'member341309', 'pass7122', '呂柏翰', '男', '1992-09-28', 'mail63674@test.com', '0918421164', 'A194342456', '1', '2023-03-03 08:49:56', '2023-03-04 03:22:17'),
(360, 'Sarah', 'female.jpg', 'member905086', 'pass3264', '曾宜庭', '女', '2005-10-10', 'mail67981@test.com', '0918980366', 'B245893828', '3', '2023-03-03 08:49:56', '2023-03-04 22:41:19'),
(361, 'Levi', 'male.jpg', 'member629011', 'pass2260', '孫冠宇', '男', '2005-04-16', 'mail40248@test.com', '0918206873', 'D182606902', '2', '2023-03-03 08:49:56', '2023-03-04 09:32:16'),
(362, 'Joseph', 'male.jpg', 'member843677', 'pass9124', '吳家瑋', '男', '2003-08-26', 'mail85509@test.com', '0918355018', 'C190582300', '1', '2023-03-03 08:49:56', '2023-03-04 01:02:57'),
(363, 'Mia', 'female.jpg', 'member796067', 'pass6687', '胡鈺婷', '女', '2013-11-21', 'mail98493@test.com', '0918803796', 'B287164067', '3', '2023-03-03 08:49:56', '2023-03-04 16:06:25'),
(364, 'Elijah', 'male.jpg', 'member425139', 'pass4396', '黃家瑋', '男', '2014-02-22', 'mail33690@test.com', '0918843290', 'D122244608', '2', '2023-03-03 08:49:56', '2023-03-04 02:35:59'),
(365, 'Cooper', 'male.jpg', 'member410888', 'pass1378', '陳家瑋', '男', '2002-08-08', 'mail40606@test.com', '0918936996', 'A125446654', '3', '2023-03-03 08:49:56', '2023-03-04 18:37:08'),
(366, 'Sebastian', 'male.jpg', 'member268333', 'pass8550', '於彥廷', '男', '1992-12-27', 'mail64177@test.com', '0918409877', 'A191258755', '3', '2023-03-03 08:49:56', '2023-03-04 06:33:10'),
(367, 'Muhammad', 'male.jpg', 'member352710', 'pass4987', '朱彥廷', '男', '2012-03-27', 'mail33767@test.com', '0918776494', 'A106506014', '3', '2023-03-03 08:49:56', '2023-03-04 21:19:55'),
(368, 'Abigail', 'female.jpg', 'member835637', 'pass5557', '謝雅筑', '女', '2010-01-22', 'mail94535@test.com', '0918502037', 'C272350346', '1', '2023-03-03 08:49:56', '2023-03-04 01:15:15'),
(369, 'Jack', 'male.jpg', 'member676397', 'pass5170', '蕭家豪', '男', '2021-04-15', 'mail74233@test.com', '0918225945', 'C178309253', '2', '2023-03-03 08:49:56', '2023-03-04 05:22:15'),
(370, 'Luke', 'male.jpg', 'member653990', 'pass2923', '許家瑋', '男', '1999-01-30', 'mail95833@test.com', '0918807423', 'C101898341', '1', '2023-03-03 08:49:56', '2023-03-04 16:01:23'),
(371, 'Maria', 'female.jpg', 'member260489', 'pass7794', '何怡君', '女', '2010-09-02', 'mail20126@test.com', '0918425698', 'C291215214', '2', '2023-03-03 08:49:56', '2023-03-04 01:51:54'),
(372, 'Scarlett', 'female.jpg', 'member714101', 'pass6806', '黃怡君', '女', '1989-08-08', 'mail75030@test.com', '0918719433', 'C268501149', '3', '2023-03-03 08:49:56', '2023-03-04 20:23:45'),
(373, 'Samuel', 'male.jpg', 'member758710', 'pass8888', '王柏翰', '男', '1995-05-23', 'mail34893@test.com', '0918457036', 'A194810187', '3', '2023-03-03 08:49:56', '2023-03-04 09:34:27'),
(374, 'Owen', 'male.jpg', 'member995430', 'pass2855', '郭柏翰', '男', '2004-04-25', 'mail35320@test.com', '0918793506', 'C136331161', '1', '2023-03-03 08:49:56', '2023-03-04 22:40:21'),
(375, 'Hunter', 'male.jpg', 'member599222', 'pass7263', '王冠霖', '男', '2007-11-04', 'mail50659@test.com', '0918560274', 'B193666921', '1', '2023-03-03 08:49:56', '2023-03-04 23:01:30'),
(376, 'Andy', 'male.jpg', 'member801172', 'pass5589', '彭冠廷', '男', '1995-03-25', 'mail38468@test.com', '0918548766', 'A171484655', '3', '2023-03-03 08:49:56', '2023-03-04 16:42:58'),
(377, 'Bella', 'female.jpg', 'member557472', 'pass9487', '韓雅婷', '女', '2016-07-30', 'mail84112@test.com', '0918636756', 'D251913566', '3', '2023-03-03 08:49:56', '2023-03-04 05:51:48'),
(378, 'Sofia', 'female.jpg', 'member994918', 'pass9713', '羅雅筑', '女', '2005-05-26', 'mail20979@test.com', '0918219880', 'C203582832', '1', '2023-03-03 08:49:56', '2023-03-04 16:34:12'),
(379, 'Harper', 'female.jpg', 'member249579', 'pass5519', '袁鈺婷', '女', '2001-07-30', 'mail37395@test.com', '0918862116', 'B227278446', '2', '2023-03-03 08:49:56', '2023-03-04 00:00:35'),
(380, 'Isla', 'female.jpg', 'member815942', 'pass9444', '梁雅婷', '女', '2001-03-05', 'mail68324@test.com', '0918191547', 'A228913504', '1', '2023-03-03 08:49:56', '2023-03-04 02:52:54'),
(381, 'Elena', 'female.jpg', 'member379861', 'pass8319', '曹鈺婷', '女', '2022-04-01', 'mail76401@test.com', '0918562703', 'D265030393', '2', '2023-03-03 08:49:56', '2023-03-04 16:30:18'),
(382, 'Kevin', 'male.jpg', 'member480043', 'pass4634', '鄧柏翰', '男', '2003-11-30', 'mail64483@test.com', '0918205358', 'D171826673', '1', '2023-03-03 08:49:56', '2023-03-04 21:05:13'),
(383, 'Alexander', 'male.jpg', 'member514971', 'pass9259', '楊宗翰', '男', '2004-10-26', 'mail16249@test.com', '0918753203', 'B120011538', '2', '2023-03-03 08:49:56', '2023-03-04 23:41:16'),
(384, 'Kevin', 'male.jpg', 'member350119', 'pass4459', '王承翰', '男', '1986-05-27', 'mail58816@test.com', '0918763784', 'B122002848', '1', '2023-03-03 08:49:56', '2023-03-04 22:15:39'),
(385, 'Grayson', 'male.jpg', 'member415376', 'pass8535', '彭宗翰', '男', '2012-01-16', 'mail66179@test.com', '0918432129', 'A159753114', '1', '2023-03-03 08:49:56', '2023-03-04 04:20:35'),
(386, 'Kai', 'male.jpg', 'member408320', 'pass3305', '羅宗翰', '男', '2020-01-30', 'mail15742@test.com', '0918598094', 'A116913457', '3', '2023-03-03 08:49:56', '2023-03-04 04:58:12'),
(387, 'Samuel', 'male.jpg', 'member199405', 'pass3828', '吳家瑋', '男', '2018-08-30', 'mail62822@test.com', '0918194223', 'B150898941', '1', '2023-03-03 08:49:56', '2023-03-04 06:24:04'),
(388, 'Jade', 'female.jpg', 'member480662', 'pass3850', '高郁婷', '女', '1986-07-28', 'mail48405@test.com', '0918124730', 'C237922480', '1', '2023-03-03 08:49:56', '2023-03-04 01:10:24'),
(389, 'Hannah', 'female.jpg', 'member848107', 'pass1660', '傅怡萱', '女', '2006-08-31', 'mail43231@test.com', '0918896476', 'B206238931', '1', '2023-03-03 08:49:56', '2023-03-04 10:20:54'),
(390, 'Robert', 'male.jpg', 'member970482', 'pass5766', '周冠霖', '男', '2001-10-09', 'mail28990@test.com', '0918431785', 'C143285825', '3', '2023-03-03 08:49:56', '2023-03-04 07:45:28'),
(391, 'Elijah', 'male.jpg', 'member808731', 'pass4495', '曾冠霖', '男', '2010-01-22', 'mail58549@test.com', '0918571089', 'D178429719', '2', '2023-03-03 08:49:56', '2023-03-04 17:47:01'),
(392, 'Henry', 'male.jpg', 'member425971', 'pass9668', '鄭彥廷', '男', '2022-01-09', 'mail86107@test.com', '0918878008', 'C116845521', '2', '2023-03-03 08:49:56', '2023-03-04 09:44:08'),
(393, 'Stella', 'female.jpg', 'member158108', 'pass6398', '梁宜庭', '女', '2021-11-21', 'mail68697@test.com', '0918712980', 'A276753795', '2', '2023-03-03 08:49:56', '2023-03-04 17:35:00'),
(394, 'Matthew', 'male.jpg', 'member258930', 'pass5938', '李冠宇', '男', '1987-11-16', 'mail76735@test.com', '0918511953', 'B108251742', '1', '2023-03-03 08:49:56', '2023-03-04 11:48:24'),
(395, 'Daniel', 'male.jpg', 'member854388', 'pass3641', '林宇軒', '男', '2021-07-03', 'mail15820@test.com', '0918260990', 'B116083260', '2', '2023-03-03 08:49:56', '2023-03-04 10:05:24'),
(396, 'Bonnie', 'female.jpg', 'member940111', 'pass1610', '劉怡萱', '女', '2017-12-21', 'mail93713@test.com', '0918969861', 'C253900661', '3', '2023-03-03 08:49:56', '2023-03-04 09:59:51'),
(397, 'Luca', 'male.jpg', 'member200141', 'pass6052', '王家豪', '男', '2011-01-31', 'mail56205@test.com', '0918969727', 'C182647024', '3', '2023-03-03 08:49:56', '2023-03-04 14:52:56'),
(398, 'Theo', 'male.jpg', 'member275357', 'pass5914', '梁宗翰', '男', '2011-04-08', 'mail34226@test.com', '0918241901', 'C111093925', '2', '2023-03-03 08:49:56', '2023-03-04 17:55:22'),
(399, 'Bonnie', 'female.jpg', 'member413587', 'pass4903', '周雅婷', '女', '2012-04-09', 'mail63688@test.com', '0918566032', 'C207033726', '3', '2023-03-03 08:49:56', '2023-03-04 13:42:17'),
(400, 'Grace', 'female.jpg', 'member337666', 'pass2151', '吳雅婷', '女', '2019-11-17', 'mail34395@test.com', '0918259114', 'B229651167', '1', '2023-03-03 08:49:56', '2023-03-04 09:13:15'),
(401, 'John', 'male.jpg', 'member389107', 'pass1137', '謝柏翰', '男', '1991-10-13', 'mail22188@test.com', '0918539182', 'D117800567', '2', '2023-03-03 08:49:56', '2023-03-04 14:24:22'),
(402, 'Anthony', 'male.jpg', 'member192306', 'pass7254', '吳宗翰', '男', '2014-09-10', 'mail67062@test.com', '0918330530', 'B100492157', '2', '2023-03-03 08:49:56', '2023-03-04 13:36:20'),
(403, 'Doris', 'female.jpg', 'member255475', 'pass1885', '高雅筑', '女', '2017-02-17', 'mail49343@test.com', '0918100417', 'C246843092', '3', '2023-03-03 08:49:56', '2023-03-04 10:54:08'),
(404, 'Hank', 'male.jpg', 'member354668', 'pass2120', '徐家豪', '男', '1997-12-11', 'mail31587@test.com', '0918248031', 'A171078224', '3', '2023-03-03 08:49:56', '2023-03-04 13:33:53'),
(405, 'Rebecca', 'female.jpg', 'member147804', 'pass4328', '馮宜庭', '女', '2006-01-06', 'mail26475@test.com', '0918763873', 'B254660791', '3', '2023-03-03 08:49:56', '2023-03-04 21:32:15'),
(406, 'Theo', 'male.jpg', 'member694686', 'pass4965', '謝冠宇', '男', '1986-05-02', 'mail67904@test.com', '0918981099', 'C161056151', '1', '2023-03-03 08:49:56', '2023-03-04 09:11:54'),
(407, 'Lily', 'female.jpg', 'member213857', 'pass7195', '梁怡萱', '女', '2017-06-24', 'mail33186@test.com', '0918797020', 'B283455661', '3', '2023-03-03 08:49:56', '2023-03-04 01:08:59'),
(408, 'Beau', 'male.jpg', 'member485501', 'pass2413', '於冠宇', '男', '2007-04-02', 'mail51804@test.com', '0918998105', 'D141817404', '2', '2023-03-03 08:49:56', '2023-03-04 02:36:24'),
(409, 'Charlotte', 'female.jpg', 'member190372', 'pass7264', '唐雅婷', '女', '1985-11-21', 'mail41904@test.com', '0918316264', 'D246557611', '3', '2023-03-03 08:49:56', '2023-03-04 08:52:53'),
(410, 'Gary', 'male.jpg', 'member812108', 'pass7381', '何家瑋', '男', '2020-01-26', 'mail70036@test.com', '0918511183', 'C150416340', '3', '2023-03-03 08:49:56', '2023-03-04 11:07:44'),
(411, 'Maverick', 'male.jpg', 'member309194', 'pass9625', '郭彥廷', '男', '2001-11-14', 'mail61360@test.com', '0918832095', 'C163150504', '2', '2023-03-03 08:49:56', '2023-03-04 20:51:05'),
(412, 'Maverick', 'male.jpg', 'member363788', 'pass1276', '李家瑋', '男', '1995-09-06', 'mail53692@test.com', '0918712949', 'A170571326', '2', '2023-03-03 08:49:56', '2023-03-04 19:17:38'),
(413, 'Asher', 'male.jpg', 'member495456', 'pass8645', '程宗翰', '男', '1989-10-04', 'mail47172@test.com', '0918963545', 'D114215541', '2', '2023-03-03 08:49:56', '2023-03-04 03:32:10'),
(414, 'Ruby', 'female.jpg', 'member765387', 'pass3926', '許怡婷', '女', '1994-02-05', 'mail73878@test.com', '0918874676', 'C209226973', '1', '2023-03-03 08:49:56', '2023-03-04 21:50:52'),
(415, 'Daisy', 'female.jpg', 'member546632', 'pass6616', '何雅筑', '女', '1988-10-01', 'mail52108@test.com', '0918385423', 'D232734116', '3', '2023-03-03 08:49:56', '2023-03-04 03:07:07'),
(416, 'Katherine', 'female.jpg', 'member703713', 'pass9436', '謝怡婷', '女', '2016-05-02', 'mail55203@test.com', '0918552934', 'D246302445', '2', '2023-03-03 08:49:56', '2023-03-04 15:54:36'),
(417, 'Ryan', 'male.jpg', 'member869212', 'pass1379', '陳宇軒', '男', '1990-03-19', 'mail18076@test.com', '0918264585', 'D156892709', '2', '2023-03-03 08:49:56', '2023-03-04 18:51:05'),
(418, 'Mia', 'female.jpg', 'member840844', 'pass7443', '劉雅筑', '女', '1991-05-03', 'mail36683@test.com', '0918130550', 'A250334817', '1', '2023-03-03 08:49:56', '2023-03-04 17:15:00'),
(419, 'Luca', 'male.jpg', 'member223129', 'pass9344', '趙家豪', '男', '2019-06-17', 'mail55401@test.com', '0918625365', 'D121852034', '2', '2023-03-03 08:49:56', '2023-03-04 10:11:45'),
(420, 'Noah', 'male.jpg', 'member834085', 'pass1733', '徐冠霖', '男', '2012-01-14', 'mail77053@test.com', '0918248374', 'C130288631', '1', '2023-03-03 08:49:56', '2023-03-04 00:02:17'),
(421, 'Jameson', 'male.jpg', 'member901242', 'pass1819', '郭宇軒', '男', '2015-04-03', 'mail16702@test.com', '0918242489', 'B165905622', '2', '2023-03-03 08:49:56', '2023-03-04 13:28:46'),
(422, 'Doris', 'female.jpg', 'member327469', 'pass7179', '趙詩涵', '女', '2010-09-25', 'mail41843@test.com', '0918443111', 'D226045781', '3', '2023-03-03 08:49:56', '2023-03-04 06:53:08'),
(423, 'Noah', 'male.jpg', 'member650023', 'pass4321', '孫承翰', '男', '2021-11-03', 'mail52543@test.com', '0918523638', 'D127044140', '3', '2023-03-03 08:49:56', '2023-03-04 17:26:07'),
(424, 'Michael', 'male.jpg', 'member340542', 'pass3213', '袁柏翰', '男', '2014-06-17', 'mail75143@test.com', '0918964250', 'B128491390', '2', '2023-03-03 08:49:56', '2023-03-04 02:51:37'),
(425, 'Elena', 'female.jpg', 'member171992', 'pass1058', '王鈺婷', '女', '2002-07-13', 'mail26711@test.com', '0918900689', 'D252870611', '2', '2023-03-03 08:49:56', '2023-03-04 04:23:27'),
(426, 'Katherine', 'female.jpg', 'member516536', 'pass3360', '吳雅筑', '女', '2010-12-12', 'mail73189@test.com', '0918894178', 'D295247709', '1', '2023-03-03 08:49:56', '2023-03-04 04:43:26'),
(427, 'Doris', 'female.jpg', 'member513825', 'pass6671', '傅詩涵', '女', '2017-04-01', 'mail93659@test.com', '0918754569', 'B269570191', '1', '2023-03-03 08:49:56', '2023-03-04 06:12:25'),
(428, 'Alice', 'female.jpg', 'member832103', 'pass6589', '馬詩涵', '女', '2019-09-30', 'mail11578@test.com', '0918587490', 'D245440084', '2', '2023-03-03 08:49:56', '2023-03-04 16:19:56'),
(429, 'Layla', 'female.jpg', 'member281004', 'pass3349', '黃詩涵', '女', '2020-01-11', 'mail90860@test.com', '0918882506', 'B234958384', '1', '2023-03-03 08:49:56', '2023-03-04 06:13:19'),
(430, 'Kai', 'male.jpg', 'member151900', 'pass6877', '徐宇軒', '男', '1990-06-09', 'mail93590@test.com', '0918599914', 'A107160294', '2', '2023-03-03 08:49:56', '2023-03-04 16:33:13'),
(431, 'Bonnie', 'female.jpg', 'member413317', 'pass2911', '董怡君', '女', '2016-07-16', 'mail60847@test.com', '0918810166', 'C279257016', '3', '2023-03-03 08:49:56', '2023-03-04 23:33:21'),
(432, 'Bess', 'female.jpg', 'member543907', 'pass5684', '馬宜庭', '女', '1991-10-03', 'mail74041@test.com', '0918115132', 'B202845930', '1', '2023-03-03 08:49:56', '2023-03-04 05:52:56'),
(433, 'Beau', 'male.jpg', 'member816878', 'pass5393', '韓家豪', '男', '2007-04-19', 'mail93310@test.com', '0918969306', 'C161192325', '3', '2023-03-03 08:49:56', '2023-03-04 04:32:00'),
(434, 'Aiden', 'male.jpg', 'member531259', 'pass8877', '曾承翰', '男', '2013-05-02', 'mail37345@test.com', '0918473030', 'B158816064', '1', '2023-03-03 08:49:56', '2023-03-04 18:46:06'),
(435, 'Levi', 'male.jpg', 'member375442', 'pass6115', '孫家瑋', '男', '1989-02-26', 'mail60196@test.com', '0918436868', 'C110431776', '1', '2023-03-03 08:49:56', '2023-03-04 19:36:50'),
(436, 'Doris', 'female.jpg', 'member526612', 'pass5446', '許怡萱', '女', '2012-03-06', 'mail68534@test.com', '0918466200', 'C211601792', '3', '2023-03-03 08:49:56', '2023-03-04 12:54:03'),
(437, 'Jacob', 'male.jpg', 'member197940', 'pass6967', '孫冠霖', '男', '2008-11-02', 'mail73132@test.com', '0918610442', 'C162646243', '1', '2023-03-03 08:49:56', '2023-03-04 09:45:08'),
(438, 'Alexander', 'male.jpg', 'member852421', 'pass4583', '馬家豪', '男', '1998-02-03', 'mail21902@test.com', '0918702759', 'B105848315', '2', '2023-03-03 08:49:56', '2023-03-04 15:54:02'),
(439, 'Amelia', 'female.jpg', 'member478291', 'pass4540', '彭郁婷', '女', '2006-08-14', 'mail31239@test.com', '0918208982', 'B215022840', '3', '2023-03-03 08:49:56', '2023-03-04 12:05:53'),
(440, 'Mateo', 'male.jpg', 'member717116', 'pass3899', '馮彥廷', '男', '1988-10-30', 'mail98987@test.com', '0918313496', 'C191971680', '1', '2023-03-03 08:49:56', '2023-03-04 17:47:55'),
(442, 'Matthew', 'male.jpg', 'member630880', 'pass8745', '曾宇軒', '男', '2014-11-08', 'mail62197@test.com', '0918923093', 'B180285288', '2', '2023-03-03 08:50:32', '2023-03-04 08:40:39'),
(443, 'Jack', 'male.jpg', 'member722663', 'pass2521', '許家瑋', '男', '2022-07-22', 'mail47795@test.com', '0918628506', 'A130452151', '3', '2023-03-03 08:50:32', '2023-03-04 00:51:57'),
(444, 'William', 'male.jpg', 'member184999', 'pass3073', '陳冠霖', '男', '1987-02-10', 'mail53159@test.com', '0918297939', 'D102222604', '3', '2023-03-03 08:50:32', '2023-03-04 03:52:20'),
(445, 'Sofia', 'female.jpg', 'member790903', 'pass8500', '許佳穎', '女', '2003-07-31', 'mail50573@test.com', '0918916860', 'C298582764', '1', '2023-03-03 08:50:32', '2023-03-04 08:06:15'),
(446, 'Bess', 'female.jpg', 'member875989', 'pass2764', '唐郁婷', '女', '2000-12-13', 'mail74096@test.com', '0918944973', 'C251316329', '1', '2023-03-03 08:50:32', '2023-03-04 18:45:13'),
(447, 'Maria', 'female.jpg', 'member690056', 'pass3580', '鄭怡婷', '女', '2008-12-14', 'mail82085@test.com', '0918778612', 'D284415777', '2', '2023-03-03 08:50:32', '2023-03-04 21:47:01'),
(448, 'Jade', 'female.jpg', 'member637241', 'pass8029', '袁怡萱', '女', '1993-06-27', 'mail47805@test.com', '0918347015', 'D267188830', '1', '2023-03-03 08:50:32', '2023-03-04 09:08:38'),
(449, 'Luna', 'female.jpg', 'member351413', 'pass1958', '周詩涵', '女', '2019-07-23', 'mail40128@test.com', '0918908653', 'D221460583', '3', '2023-03-03 08:50:32', '2023-03-04 05:29:25'),
(450, 'Rylee', 'female.jpg', 'member159505', 'pass7973', '彭怡萱', '女', '2011-09-29', 'mail79458@test.com', '0918648204', 'B273767145', '3', '2023-03-03 08:50:32', '2023-03-04 17:40:06'),
(451, 'Evelyn', 'female.jpg', 'member569804', 'pass7615', '呂宜庭', '女', '2000-10-28', 'mail32211@test.com', '0918825093', 'A259620294', '2', '2023-03-03 08:50:32', '2023-03-04 06:20:23'),
(452, 'Clare', 'female.jpg', 'member172498', 'pass7085', '董郁婷', '女', '1997-10-16', 'mail62562@test.com', '0918563253', 'D215680873', '2', '2023-03-03 08:50:32', '2023-03-04 17:22:25'),
(453, 'Alexander', 'male.jpg', 'member408655', 'pass9658', '董彥廷', '男', '2009-10-14', 'mail38505@test.com', '0918148706', 'B148720531', '2', '2023-03-03 08:50:32', '2023-03-04 22:08:33'),
(454, 'Silas', 'male.jpg', 'member272764', 'pass1925', '蕭家瑋', '男', '1992-01-21', 'mail38159@test.com', '0918501363', 'C134189474', '3', '2023-03-03 08:50:32', '2023-03-04 22:13:53'),
(455, 'Grayson', 'male.jpg', 'member452706', 'pass1649', '曾柏翰', '男', '2008-04-21', 'mail58120@test.com', '0918175148', 'C161266255', '3', '2023-03-03 08:50:32', '2023-03-04 18:20:47'),
(456, 'Grace', 'female.jpg', 'member264884', 'pass3718', '趙雅筑', '女', '1998-04-09', 'mail73524@test.com', '0918698972', 'B269826470', '2', '2023-03-03 08:50:32', '2023-03-04 19:13:35'),
(457, 'Candice', 'female.jpg', 'member871584', 'pass9795', '馬怡君', '女', '2011-06-08', 'mail94650@test.com', '0918702258', 'D214584009', '1', '2023-03-03 08:50:32', '2023-03-04 06:32:19'),
(458, 'Parker', 'male.jpg', 'member174648', 'pass8396', '郭彥廷', '男', '1995-10-25', 'mail81292@test.com', '0918512271', 'A161794433', '1', '2023-03-03 08:50:32', '2023-03-04 06:02:15'),
(459, 'Ava', 'female.jpg', 'member618530', 'pass7008', '李詩涵', '女', '1990-10-18', 'mail62746@test.com', '0918780080', 'A253501223', '2', '2023-03-03 08:50:32', '2023-03-04 00:04:30'),
(460, 'Bess', 'female.jpg', 'member258345', 'pass8198', '劉宜庭', '女', '1997-02-23', 'mail23389@test.com', '0918391190', 'C268343034', '3', '2023-03-03 08:50:32', '2023-03-04 23:11:38'),
(461, 'Bess', 'female.jpg', 'member515768', 'pass9763', '曾宜庭', '女', '1990-09-09', 'mail17756@test.com', '0918177475', 'A230157121', '2', '2023-03-03 08:50:32', '2023-03-04 14:20:48'),
(462, 'Olivia', 'female.jpg', 'member910654', 'pass3145', '羅詩涵', '女', '1996-08-18', 'mail72079@test.com', '0918109961', 'A282660434', '1', '2023-03-03 08:50:32', '2023-03-04 10:27:20'),
(463, 'River', 'male.jpg', 'member811729', 'pass3806', '馬承翰', '男', '1993-06-29', 'mail90273@test.com', '0918511060', 'A166812955', '1', '2023-03-03 08:50:32', '2023-03-04 07:42:09'),
(464, 'Doris', 'female.jpg', 'member425490', 'pass7236', '周怡君', '女', '1997-11-28', 'mail77218@test.com', '0918200817', 'A241156507', '3', '2023-03-03 08:50:32', '2023-03-04 11:05:55'),
(465, 'Elijah', 'male.jpg', 'member143794', 'pass4956', '曾冠霖', '男', '2020-03-11', 'mail43178@test.com', '0918365856', 'C168622127', '2', '2023-03-03 08:50:32', '2023-03-04 17:32:49'),
(466, 'Mila', 'female.jpg', 'member394229', 'pass5261', '高宜庭', '女', '2018-11-07', 'mail18249@test.com', '0918457816', 'A269062141', '1', '2023-03-03 08:50:32', '2023-03-04 20:59:29'),
(467, 'Kinsley', 'female.jpg', 'member635575', 'pass5666', '劉鈺婷', '女', '1988-07-10', 'mail17506@test.com', '0918526560', 'C258329242', '3', '2023-03-03 08:50:32', '2023-03-04 21:37:33'),
(468, 'Aria', 'female.jpg', 'member440869', 'pass4070', '韓鈺婷', '女', '1989-10-21', 'mail18526@test.com', '0918491485', 'B257751237', '3', '2023-03-03 08:50:32', '2023-03-04 05:32:42'),
(469, 'Joseph', 'male.jpg', 'member490555', 'pass3505', '鄧承翰', '男', '2009-07-31', 'mail95599@test.com', '0918635206', 'B143736331', '1', '2023-03-03 08:50:32', '2023-03-04 05:10:44'),
(470, 'Logan', 'male.jpg', 'member606668', 'pass5086', '李柏翰', '男', '1991-10-03', 'mail54958@test.com', '0918491796', 'B138282034', '1', '2023-03-03 08:50:32', '2023-03-04 01:44:13'),
(471, 'Amelia', 'female.jpg', 'member422831', 'pass6064', '傅雅婷', '女', '1990-05-24', 'mail57298@test.com', '0918265864', 'C264488748', '1', '2023-03-03 08:50:32', '2023-03-04 02:38:29'),
(472, 'John', 'male.jpg', 'member750682', 'pass2244', '朱宇軒', '男', '2016-06-04', 'mail29722@test.com', '0918275805', 'C116162125', '1', '2023-03-03 08:50:32', '2023-03-04 04:45:38'),
(473, 'Parker', 'male.jpg', 'member861860', 'pass9865', '曾冠廷', '男', '2021-01-17', 'mail76788@test.com', '0918969247', 'A112115284', '1', '2023-03-03 08:50:32', '2023-03-04 23:59:36'),
(474, 'Kitty', 'female.jpg', 'member141914', 'pass4989', '高怡君', '女', '2022-10-31', 'mail77242@test.com', '0918413295', 'D209788132', '1', '2023-03-03 08:50:32', '2023-03-04 12:03:04'),
(475, 'Ella', 'female.jpg', 'member527352', 'pass3622', '吳怡君', '女', '1990-06-13', 'mail82250@test.com', '0918380244', 'B289323730', '1', '2023-03-03 08:50:32', '2023-03-04 07:21:05'),
(476, 'Gary', 'male.jpg', 'member916237', 'pass1118', '呂家瑋', '男', '1997-12-15', 'mail67569@test.com', '0918218646', 'A175259520', '2', '2023-03-03 08:50:32', '2023-03-04 17:39:20'),
(477, 'Ezra', 'male.jpg', 'member186813', 'pass9399', '徐家瑋', '男', '2009-11-16', 'mail84856@test.com', '0918258217', 'B187117674', '3', '2023-03-03 08:50:32', '2023-03-04 00:37:43'),
(478, 'Isabella', 'female.jpg', 'member902727', 'pass2048', '王宜庭', '女', '2010-05-08', 'mail20446@test.com', '0918815567', 'A284903839', '1', '2023-03-03 08:50:32', '2023-03-04 06:03:19'),
(479, 'Abigail', 'female.jpg', 'member503187', 'pass8322', '鄭佳穎', '女', '2005-10-10', 'mail78614@test.com', '0918913638', 'A217428729', '2', '2023-03-03 08:50:32', '2023-03-04 18:59:09'),
(480, 'Alexander', 'male.jpg', 'member621471', 'pass6669', '曾宇軒', '男', '2011-06-20', 'mail98998@test.com', '0918111187', 'A199219598', '3', '2023-03-03 08:50:32', '2023-03-04 02:00:56'),
(481, 'Lily', 'female.jpg', 'member768282', 'pass1188', '呂怡婷', '女', '2005-11-05', 'mail48626@test.com', '0918147788', 'A235523705', '3', '2023-03-03 08:50:32', '2023-03-04 02:36:40'),
(482, 'Silas', 'male.jpg', 'member413638', 'pass6829', '吳家瑋', '男', '1994-03-15', 'mail94426@test.com', '0918458004', 'A145433596', '3', '2023-03-03 08:50:32', '2023-03-04 14:04:05'),
(483, 'David', 'male.jpg', 'member273287', 'pass5040', '吳家瑋', '男', '2014-01-30', 'mail79241@test.com', '0918600446', 'C197592427', '1', '2023-03-03 08:50:32', '2023-03-04 12:26:28'),
(484, 'Charlie', 'male.jpg', 'member636097', 'pass9784', '張冠霖', '男', '2000-08-11', 'mail38651@test.com', '0918547212', 'A179228584', '1', '2023-03-03 08:50:32', '2023-03-04 18:00:42'),
(485, 'Bennett', 'male.jpg', 'member311872', 'pass9625', '胡家豪', '男', '2012-06-13', 'mail89630@test.com', '0918765701', 'C193210972', '3', '2023-03-03 08:50:32', '2023-03-04 04:35:09'),
(486, 'Bella', 'female.jpg', 'member817461', 'pass4065', '何鈺婷', '女', '2021-10-18', 'mail79318@test.com', '0918613852', 'A252940713', '1', '2023-03-03 08:50:32', '2023-03-04 22:29:23'),
(487, 'Daniel', 'male.jpg', 'member427815', 'pass9152', '蕭宗翰', '男', '1987-08-25', 'mail82276@test.com', '0918157616', 'A171490533', '3', '2023-03-03 08:50:32', '2023-03-04 20:46:17'),
(488, 'Doris', 'female.jpg', 'member109370', 'pass6684', '許雅婷', '女', '2008-11-29', 'mail65698@test.com', '0918694590', 'A244699506', '3', '2023-03-03 08:50:32', '2023-03-04 08:39:11'),
(489, 'Kevin', 'male.jpg', 'member416093', 'pass2382', '韓承翰', '男', '1991-09-04', 'mail81825@test.com', '0918413407', 'A121812644', '2', '2023-03-03 08:50:32', '2023-03-04 07:54:03'),
(490, 'Nolan', 'male.jpg', 'member137978', 'pass7718', '徐冠霖', '男', '1998-10-16', 'mail59961@test.com', '0918828833', 'B127105274', '2', '2023-03-03 08:50:32', '2023-03-04 18:33:46'),
(491, 'Melody', 'female.jpg', 'member447958', 'pass9120', '袁怡君', '女', '1989-12-25', 'mail86652@test.com', '0918109909', 'B258714635', '2', '2023-03-03 08:50:32', '2023-03-04 13:33:03'),
(492, 'Nova', 'female.jpg', 'member593497', 'pass5070', '沈佳穎', '女', '1993-01-10', 'mail78253@test.com', '0918862180', 'B299424970', '3', '2023-03-03 08:50:32', '2023-03-04 00:53:26'),
(493, 'Stella', 'female.jpg', 'member778899', 'pass2592', '鄧宜庭', '女', '2014-01-09', 'mail92734@test.com', '0918938864', 'C235186050', '1', '2023-03-03 08:50:32', '2023-03-04 01:30:03'),
(494, 'Theo', 'male.jpg', 'member373542', 'pass5241', '楊宇軒', '男', '2010-06-18', 'mail15235@test.com', '0918974371', 'A198887929', '3', '2023-03-03 08:50:32', '2023-03-04 18:33:26'),
(495, 'Gary', 'male.jpg', 'member490495', 'pass4096', '孫冠宇', '男', '1991-04-08', 'mail73056@test.com', '0918279183', 'C123162331', '1', '2023-03-03 08:50:32', '2023-03-04 19:12:06'),
(496, 'Jayden', 'male.jpg', 'member115597', 'pass8237', '孫承翰', '男', '2011-01-16', 'mail54775@test.com', '0918175116', 'D144972912', '3', '2023-03-03 08:50:32', '2023-03-04 22:26:37'),
(497, 'Anthony', 'male.jpg', 'member929192', 'pass5151', '沈宗翰', '男', '2004-09-06', 'mail98749@test.com', '0918541641', 'A113691011', '1', '2023-03-03 08:50:32', '2023-03-04 18:40:01'),
(498, 'Grayson', 'male.jpg', 'member946222', 'pass1839', '曹宇軒', '男', '2009-06-06', 'mail98103@test.com', '0918826058', 'B189592273', '2', '2023-03-03 08:50:32', '2023-03-04 07:31:26'),
(499, 'Amelia', 'female.jpg', 'member852584', 'pass5924', '吳佳穎', '女', '1991-05-27', 'mail21323@test.com', '0918984953', 'A261968546', '1', '2023-03-03 08:50:32', '2023-03-04 02:42:05'),
(500, 'Benjamin', 'male.jpg', 'member489109', 'pass2225', '曹宇軒', '男', '2018-09-15', 'mail76206@test.com', '0918211322', 'D134015347', '3', '2023-03-03 08:50:32', '2023-03-04 09:53:51'),
(501, 'Ellie', 'female.jpg', 'member178176', 'pass7655', '林宜庭', '女', '2012-07-01', 'mail16737@test.com', '0918254302', 'B285945921', '1', '2023-03-03 08:50:32', '2023-03-04 18:08:34'),
(502, 'Dana', 'female.jpg', 'member985741', 'pass4368', '馬雅婷', '女', '2011-07-28', 'mail36913@test.com', '0918258565', 'D226213779', '1', '2023-03-03 08:50:32', '2023-03-04 22:17:09'),
(503, 'David', 'male.jpg', 'member756849', 'pass9808', '曾冠廷', '男', '2004-10-05', 'mail13627@test.com', '0918937839', 'A185077786', '1', '2023-03-03 08:50:32', '2023-03-04 01:36:36'),
(504, 'Mila', 'female.jpg', 'member781092', 'pass5284', '劉怡萱', '女', '2015-07-30', 'mail95704@test.com', '0918959882', 'B269360652', '1', '2023-03-03 08:50:32', '2023-03-04 13:47:14'),
(505, 'Parker', 'male.jpg', 'member307591', 'pass6859', '唐宇軒', '男', '2019-02-24', 'mail68775@test.com', '0918155857', 'A184405335', '3', '2023-03-03 08:50:32', '2023-03-04 23:13:06'),
(506, 'Levi', 'male.jpg', 'member998002', 'pass9436', '鄭冠廷', '男', '1988-05-12', 'mail15802@test.com', '0918580239', 'D145238601', '2', '2023-03-03 08:50:32', '2023-03-04 05:54:54'),
(507, 'Charlotte', 'female.jpg', 'member630006', 'pass7942', '梁詩涵', '女', '2020-03-15', 'mail37903@test.com', '0918913794', 'D270133466', '2', '2023-03-03 08:50:32', '2023-03-04 22:06:31'),
(508, 'Gary', 'male.jpg', 'member431048', 'pass4690', '袁承翰', '男', '2019-10-03', 'mail29440@test.com', '0918930866', 'D105198470', '2', '2023-03-03 08:50:32', '2023-03-04 02:07:40'),
(509, 'Mila', 'female.jpg', 'member924078', 'pass6088', '謝怡君', '女', '1996-09-30', 'mail47286@test.com', '0918975707', 'A240105132', '2', '2023-03-03 08:50:32', '2023-03-04 13:41:05'),
(510, 'Stella', 'female.jpg', 'member706119', 'pass9393', '李雅婷', '女', '2014-07-23', 'mail75659@test.com', '0918283580', 'B279791373', '2', '2023-03-03 08:50:32', '2023-03-04 20:50:56'),
(511, 'Stella', 'female.jpg', 'member221027', 'pass7532', '梁雅筑', '女', '2022-04-22', 'mail56467@test.com', '0918607948', 'D290898870', '2', '2023-03-03 08:50:32', '2023-03-04 01:42:36'),
(512, 'Anthony', 'male.jpg', 'member329902', 'pass9487', '曾家瑋', '男', '2019-03-08', 'mail33783@test.com', '0918325932', 'A157530345', '3', '2023-03-03 08:50:32', '2023-03-04 15:33:22'),
(513, 'Kinsley', 'female.jpg', 'member900106', 'pass2767', '傅郁婷', '女', '2016-10-11', 'mail29523@test.com', '0918301670', 'A273568677', '2', '2023-03-03 08:50:32', '2023-03-04 18:57:49'),
(514, 'Ivy', 'female.jpg', 'member798538', 'pass9228', '朱怡婷', '女', '2009-04-25', 'mail17784@test.com', '0918297825', 'A275990334', '2', '2023-03-03 08:50:32', '2023-03-04 18:45:48'),
(515, 'Iris', 'female.jpg', 'member775712', 'pass8185', '許鈺婷', '女', '2019-06-08', 'mail75311@test.com', '0918785221', 'A248294712', '1', '2023-03-03 08:50:32', '2023-03-04 19:17:44'),
(516, 'Flora', 'female.jpg', 'member747035', 'pass3434', '董雅婷', '女', '1993-12-31', 'mail80920@test.com', '0918118528', 'C229731081', '2', '2023-03-03 08:50:32', '2023-03-04 02:01:27'),
(517, 'Ella', 'female.jpg', 'member510799', 'pass8130', '蕭怡婷', '女', '1998-09-25', 'mail51010@test.com', '0918358848', 'C210806073', '1', '2023-03-03 08:50:32', '2023-03-04 19:56:32'),
(518, 'Grayson', 'male.jpg', 'member405385', 'pass2899', '梁冠霖', '男', '1987-04-11', 'mail98070@test.com', '0918403345', 'B130150996', '3', '2023-03-03 08:50:32', '2023-03-04 07:37:37'),
(519, 'Lucas', 'male.jpg', 'member455493', 'pass1685', '孫承翰', '男', '2014-08-24', 'mail86459@test.com', '0918279903', 'B132522421', '1', '2023-03-03 08:50:32', '2023-03-04 12:41:13'),
(520, 'Daniel', 'male.jpg', 'member775959', 'pass6119', '沈冠宇', '男', '2013-09-17', 'mail65156@test.com', '0918363889', 'D151710186', '3', '2023-03-03 08:50:32', '2023-03-04 15:22:54'),
(521, 'Nolan', 'male.jpg', 'member521672', 'pass3233', '李柏翰', '男', '2001-11-26', 'mail88287@test.com', '0918955177', 'D155871786', '2', '2023-03-03 08:50:32', '2023-03-04 14:13:50'),
(522, 'Grace', 'female.jpg', 'member418854', 'pass8255', '黃怡婷', '女', '1992-02-13', 'mail98624@test.com', '0918613943', 'B268671896', '3', '2023-03-03 08:50:32', '2023-03-04 08:21:49'),
(523, 'Jameson', 'male.jpg', 'member708520', 'pass8054', '周冠宇', '男', '2018-03-29', 'mail96596@test.com', '0918745955', 'A122967451', '3', '2023-03-03 08:50:32', '2023-03-04 21:17:14'),
(524, 'Kevin', 'male.jpg', 'member512002', 'pass5761', '傅冠廷', '男', '2006-11-28', 'mail75036@test.com', '0918933689', 'B126146889', '2', '2023-03-03 08:50:32', '2023-03-04 15:32:51'),
(525, 'Olivia', 'female.jpg', 'member194409', 'pass8370', '王郁婷', '女', '2017-05-14', 'mail53243@test.com', '0918349366', 'D249428838', '2', '2023-03-03 08:50:32', '2023-03-04 03:14:27'),
(526, 'Jacob', 'male.jpg', 'member642356', 'pass7252', '曹家瑋', '男', '1995-07-13', 'mail63574@test.com', '0918362374', 'B101694943', '3', '2023-03-03 08:50:32', '2023-03-04 20:00:59'),
(527, 'Jameson', 'male.jpg', 'member167317', 'pass8486', '李冠廷', '男', '2012-03-22', 'mail40857@test.com', '0918494076', 'B174673071', '1', '2023-03-03 08:50:32', '2023-03-04 16:47:49'),
(528, 'Claire', 'female.jpg', 'member763066', 'pass1814', '徐詩涵', '女', '2010-03-30', 'mail55947@test.com', '0918799772', 'C243244348', '1', '2023-03-03 08:50:32', '2023-03-04 02:16:14'),
(529, 'James', 'male.jpg', 'member886189', 'pass1152', '馬宗翰', '男', '2015-03-10', 'mail35636@test.com', '0918616301', 'A176644478', '3', '2023-03-03 08:50:32', '2023-03-04 17:07:18'),
(530, 'Flora', 'female.jpg', 'member715188', 'pass6710', '許鈺婷', '女', '2007-10-07', 'mail88506@test.com', '0918246603', 'A202202352', '2', '2023-03-03 08:50:32', '2023-03-04 20:40:45'),
(531, 'Valentina', 'female.jpg', 'member733202', 'pass6581', '彭詩涵', '女', '2014-07-18', 'mail78333@test.com', '0918799104', 'B245638836', '1', '2023-03-03 08:50:32', '2023-03-04 09:08:12'),
(532, 'Gary', 'male.jpg', 'member211483', 'pass7515', '馮宇軒', '男', '2006-06-30', 'mail86774@test.com', '0918134102', 'C175192368', '3', '2023-03-03 08:50:32', '2023-03-04 19:31:53'),
(533, 'Emily', 'female.jpg', 'member628673', 'pass1091', '唐郁婷', '女', '1998-04-15', 'mail42331@test.com', '0918948085', 'C283397909', '2', '2023-03-03 08:50:32', '2023-03-04 17:06:09'),
(534, 'Dana', 'female.jpg', 'member423659', 'pass7289', '孫詩涵', '女', '1995-11-12', 'mail61951@test.com', '0918673966', 'C224815667', '3', '2023-03-03 08:50:32', '2023-03-04 02:42:31'),
(535, 'Grayson', 'male.jpg', 'member333178', 'pass6286', '黃家豪', '男', '1990-05-06', 'mail26423@test.com', '0918573284', 'A103990799', '1', '2023-03-03 08:50:32', '2023-03-04 02:28:19'),
(536, 'Scarlett', 'female.jpg', 'member971962', 'pass2939', '朱雅婷', '女', '2004-06-30', 'mail58881@test.com', '0918402442', 'D218429344', '1', '2023-03-03 08:50:32', '2023-03-04 10:05:17'),
(537, 'Amelia', 'female.jpg', 'member704540', 'pass6744', '曾怡婷', '女', '2015-03-15', 'mail26407@test.com', '0918884133', 'C227632502', '2', '2023-03-03 08:50:32', '2023-03-04 17:18:02'),
(538, 'Gianna', 'female.jpg', 'member104449', 'pass9398', '呂怡萱', '女', '1989-04-17', 'mail88145@test.com', '0918847847', 'B262151217', '3', '2023-03-03 08:50:32', '2023-03-04 01:37:00'),
(539, 'Elizabeth', 'female.jpg', 'member425897', 'pass3629', '張雅婷', '女', '1998-12-26', 'mail13176@test.com', '0918104623', 'C213904587', '2', '2023-03-03 08:50:32', '2023-03-04 21:22:21'),
(540, 'Oliver', 'male.jpg', 'member726238', 'pass5607', '鄧家瑋', '男', '2001-10-20', 'mail19966@test.com', '0918639714', 'D182761041', '3', '2023-03-03 08:50:32', '2023-03-04 07:56:33'),
(541, 'Theo', 'male.jpg', 'member818895', 'pass8976', '許宇軒', '男', '2003-12-17', 'mail43490@test.com', '0918601072', 'D111753182', '2', '2023-03-03 08:50:32', '2023-03-04 13:30:52'),
(542, 'Ethan', 'male.jpg', 'member361383', 'pass1447', '羅宗翰', '男', '2000-08-23', 'mail48349@test.com', '0918783574', 'A135909573', '1', '2023-03-03 08:50:32', '2023-03-04 04:09:35'),
(543, 'Lucy', 'female.jpg', 'member171191', 'pass8573', '吳宜庭', '女', '2010-07-07', 'mail38790@test.com', '0918623060', 'A251252897', '2', '2023-03-03 08:50:32', '2023-03-04 09:25:06'),
(544, 'Anthony', 'male.jpg', 'member934774', 'pass8485', '高柏翰', '男', '2008-01-07', 'mail60879@test.com', '0918512893', 'B188633159', '1', '2023-03-03 08:50:32', '2023-03-04 04:58:54'),
(545, 'Carter', 'male.jpg', 'member345151', 'pass4884', '曾冠廷', '男', '1992-08-01', 'mail87611@test.com', '0918977079', 'A124213065', '1', '2023-03-03 08:50:32', '2023-03-04 19:29:59'),
(546, 'Layla', 'female.jpg', 'member272087', 'pass4581', '唐雅婷', '女', '2018-11-24', 'mail15242@test.com', '0918423856', 'C209332812', '3', '2023-03-03 08:50:32', '2023-03-04 02:47:23');
INSERT INTO `member` (`membersid`, `memNickName`, `memHeadshot`, `memAccount`, `memPassword`, `memName`, `memGender`, `memBirth`, `memEmail`, `memMobile`, `memIdentity`, `memLevel`, `memCreatAt`, `memEditAt`) VALUES
(547, 'Isla', 'female.jpg', 'member947597', 'pass8631', '傅怡婷', '女', '1996-09-27', 'mail17697@test.com', '0918805434', 'C241738133', '2', '2023-03-03 08:50:32', '2023-03-04 18:16:35'),
(548, 'Amy', 'female.jpg', 'member307519', 'pass8903', '呂郁婷', '女', '2000-11-12', 'mail66335@test.com', '0918545440', 'C297462050', '3', '2023-03-03 08:50:32', '2023-03-04 06:32:56'),
(549, 'Katherine', 'female.jpg', 'member789461', 'pass6844', '韓佳穎', '女', '1988-02-16', 'mail53517@test.com', '0918945684', 'A208664716', '2', '2023-03-03 08:50:32', '2023-03-04 01:38:26'),
(550, 'Hudson', 'male.jpg', 'member383593', 'pass3199', '羅家豪', '男', '1995-08-15', 'mail66949@test.com', '0918238610', 'B125071732', '2', '2023-03-03 08:50:32', '2023-03-04 19:16:02'),
(551, 'Scarlett', 'female.jpg', 'member866667', 'pass9721', '黃佳穎', '女', '2021-01-23', 'mail12640@test.com', '0918363771', 'A293718075', '3', '2023-03-03 08:50:32', '2023-03-04 15:06:24'),
(552, 'Mateo', 'male.jpg', 'member930419', 'pass7929', '程彥廷', '男', '2016-10-07', 'mail99005@test.com', '0918152720', 'B118901108', '3', '2023-03-03 08:50:32', '2023-03-04 14:24:20'),
(553, 'Zoey', 'female.jpg', 'member723962', 'pass1222', '羅怡君', '女', '1997-01-02', 'mail73677@test.com', '0918893527', 'B202523205', '2', '2023-03-03 08:50:32', '2023-03-04 03:33:06'),
(554, 'Charlie', 'male.jpg', 'member581262', 'pass2308', '宋彥廷', '男', '2004-03-24', 'mail74428@test.com', '0918756683', 'A126006187', '3', '2023-03-03 08:50:32', '2023-03-04 14:47:24'),
(555, 'River', 'male.jpg', 'member672007', 'pass6841', '朱冠廷', '男', '2022-02-01', 'mail94114@test.com', '0918929184', 'D176811499', '2', '2023-03-03 08:50:32', '2023-03-04 05:12:05'),
(556, 'Theo', 'male.jpg', 'member315451', 'pass2020', '孫承翰', '男', '2014-12-13', 'mail23984@test.com', '0918567420', 'C105311377', '2', '2023-03-03 08:50:32', '2023-03-04 00:51:15'),
(557, 'Maria', 'female.jpg', 'member299078', 'pass6326', '梁雅筑', '女', '2000-08-13', 'mail17125@test.com', '0918590821', 'D278413093', '3', '2023-03-03 08:50:32', '2023-03-04 22:39:18'),
(558, 'Emma', 'female.jpg', 'member210858', 'pass5690', '程佳穎', '女', '1994-08-28', 'mail23463@test.com', '0918691908', 'D281645273', '2', '2023-03-03 08:50:32', '2023-03-04 15:14:22'),
(559, 'Beau', 'male.jpg', 'member700392', 'pass1145', '孫承翰', '男', '2021-04-26', 'mail39361@test.com', '0918334505', 'C116340383', '1', '2023-03-03 08:50:32', '2023-03-04 14:57:28'),
(560, 'Lucy', 'female.jpg', 'member535969', 'pass8615', '鄧怡君', '女', '1999-12-03', 'mail69485@test.com', '0918364482', 'D216291868', '1', '2023-03-03 08:50:32', '2023-03-04 02:32:18'),
(561, 'Jackson', 'male.jpg', 'member460097', 'pass4341', '董冠霖', '男', '1991-06-06', 'mail18497@test.com', '0918916031', 'A111074066', '3', '2023-03-03 08:50:32', '2023-03-04 23:41:13'),
(562, 'Asher', 'male.jpg', 'member620969', 'pass2959', '張承翰', '男', '2018-04-30', 'mail67252@test.com', '0918999303', 'D185268871', '1', '2023-03-03 08:50:32', '2023-03-04 02:18:06'),
(563, 'Candice', 'female.jpg', 'member258844', 'pass9461', '韓怡婷', '女', '2018-10-04', 'mail29306@test.com', '0918128177', 'C211212664', '3', '2023-03-03 08:50:32', '2023-03-04 04:02:48'),
(564, 'Hannah', 'female.jpg', 'member718581', 'pass9233', '於鈺婷', '女', '1986-09-28', 'mail72814@test.com', '0918750506', 'B255899001', '1', '2023-03-03 08:50:32', '2023-03-04 23:17:17'),
(565, 'Silas', 'male.jpg', 'member317530', 'pass4569', '鄭宇軒', '男', '2010-05-26', 'mail26878@test.com', '0918685708', 'C198433685', '3', '2023-03-03 08:50:32', '2023-03-04 21:13:14'),
(566, 'Hannah', 'female.jpg', 'member379925', 'pass7921', '鄧雅筑', '女', '2018-07-03', 'mail95195@test.com', '0918429296', 'C280450308', '1', '2023-03-03 08:50:32', '2023-03-04 17:49:24'),
(567, 'Wyatt', 'male.jpg', 'member602690', 'pass9457', '徐冠宇', '男', '1990-06-23', 'mail34678@test.com', '0918661577', 'D184085588', '3', '2023-03-03 08:50:32', '2023-03-04 02:18:40'),
(568, 'John', 'male.jpg', 'member469976', 'pass7734', '孫承翰', '男', '2005-10-31', 'mail32768@test.com', '0918409378', 'B125040626', '3', '2023-03-03 08:50:32', '2023-03-04 19:24:02'),
(569, 'Sebastian', 'male.jpg', 'member626525', 'pass8905', '謝柏翰', '男', '1992-08-27', 'mail37015@test.com', '0918684103', 'C135863807', '3', '2023-03-03 08:50:32', '2023-03-04 23:19:33'),
(570, 'Cooper', 'male.jpg', 'member846313', 'pass8946', '郭彥廷', '男', '1987-08-13', 'mail35796@test.com', '0918173182', 'A169569998', '1', '2023-03-03 08:50:32', '2023-03-04 14:52:50'),
(571, 'Ivy', 'female.jpg', 'member647921', 'pass5512', '林怡君', '女', '2020-08-28', 'mail17237@test.com', '0918713160', 'C236183729', '1', '2023-03-03 08:50:32', '2023-03-04 05:12:32'),
(572, 'Nora', 'female.jpg', 'member766619', 'pass3669', '黃怡婷', '女', '1987-04-13', 'mail20663@test.com', '0918873636', 'D235250663', '3', '2023-03-03 08:50:32', '2023-03-04 06:53:58'),
(573, 'Jackson', 'male.jpg', 'member890202', 'pass1107', '何宗翰', '男', '1990-03-28', 'mail31088@test.com', '0918154418', 'D166902277', '1', '2023-03-03 08:50:32', '2023-03-04 21:13:28'),
(574, 'Bess', 'female.jpg', 'member413161', 'pass9780', '劉詩涵', '女', '2003-02-18', 'mail82927@test.com', '0918143128', 'C281135784', '1', '2023-03-03 08:50:32', '2023-03-04 11:01:52'),
(575, 'Elizabeth', 'female.jpg', 'member886814', 'pass2633', '曾詩涵', '女', '2005-06-07', 'mail68804@test.com', '0918945573', 'D288981417', '1', '2023-03-03 08:50:32', '2023-03-04 22:04:25'),
(576, 'Daisy', 'female.jpg', 'member195858', 'pass6457', '黃佳穎', '女', '2011-05-02', 'mail81476@test.com', '0918309112', 'B222322722', '3', '2023-03-03 08:50:32', '2023-03-04 20:10:50'),
(577, 'Dana', 'female.jpg', 'member787174', 'pass7114', '吳怡婷', '女', '1992-02-08', 'mail55320@test.com', '0918418452', 'A259373278', '2', '2023-03-03 08:50:32', '2023-03-04 08:45:24'),
(578, 'Muhammad', 'male.jpg', 'member924357', 'pass2394', '吳宇軒', '男', '1996-10-13', 'mail43569@test.com', '0918537348', 'B157068141', '2', '2023-03-03 08:50:32', '2023-03-04 17:36:55'),
(579, 'Jack', 'male.jpg', 'member158023', 'pass2432', '袁彥廷', '男', '1995-01-24', 'mail23278@test.com', '0918406019', 'B172607844', '1', '2023-03-03 08:50:32', '2023-03-04 10:50:15'),
(580, 'Jessica', 'female.jpg', 'member409508', 'pass7819', '於宜庭', '女', '1985-01-22', 'mail99381@test.com', '0918531228', 'B298738820', '2', '2023-03-03 08:50:32', '2023-03-04 13:27:05'),
(581, 'Sophia', 'female.jpg', 'member696418', 'pass9769', '羅怡婷', '女', '2001-07-04', 'mail38261@test.com', '0918929845', 'D217038042', '1', '2023-03-03 08:50:32', '2023-03-04 11:31:58'),
(582, 'Elizabeth', 'female.jpg', 'member336224', 'pass8476', '唐佳穎', '女', '1997-04-05', 'mail25925@test.com', '0918993050', 'C232561996', '1', '2023-03-03 08:50:32', '2023-03-04 14:53:30'),
(583, 'Amelia', 'female.jpg', 'member805317', 'pass3740', '鄧佳穎', '女', '1996-06-21', 'mail33834@test.com', '0918871031', 'C236221558', '2', '2023-03-03 08:50:32', '2023-03-04 14:21:55'),
(584, 'Julia', 'female.jpg', 'member118777', 'pass1541', '蕭佳穎', '女', '2017-07-27', 'mail14517@test.com', '0918385559', 'D210276060', '1', '2023-03-03 08:50:32', '2023-03-04 13:37:15'),
(585, 'Isla', 'female.jpg', 'member717000', 'pass7539', '傅怡君', '女', '1996-01-22', 'mail56592@test.com', '0918594776', 'A248826058', '2', '2023-03-03 08:50:32', '2023-03-04 16:41:17'),
(586, 'Olivia', 'female.jpg', 'member845197', 'pass7047', '許雅婷', '女', '2012-04-21', 'mail74936@test.com', '0918721836', 'C219883332', '3', '2023-03-03 08:50:32', '2023-03-04 07:51:51'),
(587, 'Joseph', 'male.jpg', 'member254992', 'pass3495', '宋宗翰', '男', '2001-09-13', 'mail73902@test.com', '0918448224', 'C196083828', '3', '2023-03-03 08:50:32', '2023-03-04 16:57:20'),
(588, 'Athena', 'female.jpg', 'member952932', 'pass5556', '傅詩涵', '女', '2021-01-14', 'mail11972@test.com', '0918889978', 'D203913881', '2', '2023-03-03 08:50:32', '2023-03-04 23:30:27'),
(589, 'Gabriel', 'male.jpg', 'member402081', 'pass4927', '曾冠霖', '男', '2022-09-25', 'mail72918@test.com', '0918372497', 'D124300011', '2', '2023-03-03 08:50:32', '2023-03-04 03:22:28'),
(590, 'Silas', 'male.jpg', 'member322196', 'pass5908', '彭冠宇', '男', '2021-09-06', 'mail23339@test.com', '0918511091', 'C190018000', '2', '2023-03-03 08:50:32', '2023-03-04 00:12:46'),
(591, 'Rebecca', 'female.jpg', 'member143195', 'pass5905', '蕭怡君', '女', '2012-04-12', 'mail21804@test.com', '0918883752', 'C232924751', '1', '2023-03-03 08:50:32', '2023-03-04 01:43:10'),
(592, 'Stella', 'female.jpg', 'member765295', 'pass8344', '楊怡萱', '女', '1985-12-21', 'mail89288@test.com', '0918962128', 'C208313175', '2', '2023-03-03 08:50:32', '2023-03-04 07:50:00'),
(593, 'Sophia', 'female.jpg', 'member574295', 'pass4591', '鄭雅婷', '女', '1999-10-08', 'mail94248@test.com', '0918179553', 'D263685056', '2', '2023-03-03 08:50:32', '2023-03-04 20:42:06'),
(594, 'Stella', 'female.jpg', 'member429369', 'pass4352', '楊詩涵', '女', '1998-07-01', 'mail84548@test.com', '0918649056', 'C247331681', '3', '2023-03-03 08:50:32', '2023-03-04 06:46:24'),
(595, 'Flora', 'female.jpg', 'member127942', 'pass8249', '董怡婷', '女', '2004-08-23', 'mail51775@test.com', '0918885401', 'D262445590', '3', '2023-03-03 08:50:32', '2023-03-04 10:14:08'),
(596, 'Katherine', 'female.jpg', 'member496402', 'pass5008', '鄧宜庭', '女', '2020-03-24', 'mail78016@test.com', '0918914697', 'D274207821', '3', '2023-03-03 08:50:32', '2023-03-04 18:26:23'),
(597, 'Hudson', 'male.jpg', 'member908056', 'pass3691', '朱宇軒', '男', '1986-10-09', 'mail39909@test.com', '0918232153', 'B190581043', '2', '2023-03-03 08:50:32', '2023-03-04 09:47:12'),
(598, 'Danny', 'male.jpg', 'member578131', 'pass6803', '周冠宇', '男', '2011-10-06', 'mail20044@test.com', '0918422189', 'B102600957', '2', '2023-03-03 08:50:32', '2023-03-04 13:50:45'),
(599, 'Sebastian', 'male.jpg', 'member990639', 'pass8146', '羅冠霖', '男', '1987-01-29', 'mail67532@test.com', '0918582897', 'B160389998', '1', '2023-03-03 08:50:32', '2023-03-04 03:21:13'),
(600, 'Clare', 'female.jpg', 'member989900', 'pass4838', '董鈺婷', '女', '1996-10-20', 'mail31188@test.com', '0918429429', 'C282039302', '3', '2023-03-03 08:50:32', '2023-03-04 04:52:08'),
(601, 'Daisy', 'female.jpg', 'member262397', 'pass7041', '陳宜庭', '女', '1988-08-20', 'mail66702@test.com', '0918259754', 'B254741962', '3', '2023-03-03 08:50:32', '2023-03-04 13:14:16'),
(602, 'Nolan', 'male.jpg', 'member269885', 'pass9089', '韓柏翰', '男', '1990-10-04', 'mail24516@test.com', '0918688189', 'A137007449', '1', '2023-03-03 08:50:32', '2023-03-04 17:04:01'),
(603, 'Luke', 'male.jpg', 'member667787', 'pass3514', '謝柏翰', '男', '1994-01-16', 'mail43398@test.com', '0918764728', 'D161030072', '2', '2023-03-03 08:50:32', '2023-03-04 08:26:03'),
(604, 'Grayson', 'male.jpg', 'member156492', 'pass3409', '郭冠霖', '男', '1990-06-09', 'mail18470@test.com', '0918515021', 'A198250493', '2', '2023-03-03 08:50:32', '2023-03-04 10:26:23'),
(605, 'Parker', 'male.jpg', 'member885652', 'pass9162', '彭冠廷', '男', '2014-01-25', 'mail90219@test.com', '0918740142', 'D146529777', '3', '2023-03-03 08:50:32', '2023-03-04 12:52:25'),
(606, 'Joseph', 'male.jpg', 'member882970', 'pass9992', '唐冠廷', '男', '2018-10-28', 'mail58433@test.com', '0918162982', 'A180735558', '1', '2023-03-03 08:50:32', '2023-03-04 12:47:14'),
(607, 'Isabella', 'female.jpg', 'member527550', 'pass2803', '陳郁婷', '女', '1998-08-26', 'mail41697@test.com', '0918184171', 'B205212642', '2', '2023-03-03 08:50:32', '2023-03-04 01:16:43'),
(608, 'Gary', 'male.jpg', 'member882258', 'pass2180', '梁冠霖', '男', '2010-12-20', 'mail41745@test.com', '0918517158', 'A145521361', '3', '2023-03-03 08:50:32', '2023-03-04 11:09:09'),
(609, 'Danny', 'male.jpg', 'member496259', 'pass4117', '胡冠宇', '男', '1991-07-23', 'mail56694@test.com', '0918656519', 'B119461400', '2', '2023-03-03 08:50:32', '2023-03-04 16:23:53'),
(610, 'Gina', 'female.jpg', 'member192755', 'pass4674', '徐郁婷', '女', '1986-12-05', 'mail18359@test.com', '0918970316', 'B200724144', '1', '2023-03-03 08:50:32', '2023-03-04 06:07:08'),
(611, 'Carter', 'male.jpg', 'member802676', 'pass1281', '孫冠廷', '男', '1986-07-13', 'mail58785@test.com', '0918458700', 'A158972663', '3', '2023-03-03 08:50:32', '2023-03-04 04:13:34'),
(612, 'Kinsley', 'female.jpg', 'member467184', 'pass5485', '徐鈺婷', '女', '2004-06-17', 'mail27549@test.com', '0918252409', 'B268916832', '1', '2023-03-03 08:50:32', '2023-03-04 04:53:38'),
(613, 'Emily', 'female.jpg', 'member611351', 'pass8080', '唐詩涵', '女', '1988-10-10', 'mail31254@test.com', '0918843549', 'A209300750', '3', '2023-03-03 08:50:32', '2023-03-04 07:11:56'),
(614, 'Ethan', 'male.jpg', 'member194619', 'pass7557', '彭柏翰', '男', '2018-03-04', 'mail39765@test.com', '0918768788', 'D150585276', '1', '2023-03-03 08:50:32', '2023-03-04 16:01:05'),
(615, 'Flora', 'female.jpg', 'member178436', 'pass2156', '陳雅婷', '女', '2019-12-29', 'mail76513@test.com', '0918712082', 'A273495130', '3', '2023-03-03 08:50:32', '2023-03-04 15:26:29'),
(616, 'Violet', 'female.jpg', 'member863590', 'pass2160', '曾怡萱', '女', '2001-11-28', 'mail62559@test.com', '0918314725', 'C230883499', '3', '2023-03-03 08:50:32', '2023-03-04 05:06:14'),
(617, 'Mia', 'female.jpg', 'member745623', 'pass4408', '宋怡君', '女', '1997-01-30', 'mail49862@test.com', '0918534329', 'C299075973', '1', '2023-03-03 08:50:32', '2023-03-04 14:20:32'),
(618, 'William', 'male.jpg', 'member483573', 'pass1655', '許承翰', '男', '2006-11-06', 'mail90651@test.com', '0918148705', 'B147141086', '2', '2023-03-03 08:50:32', '2023-03-04 03:15:44'),
(619, 'Oliver', 'male.jpg', 'member440657', 'pass6976', '梁家豪', '男', '1992-01-04', 'mail97452@test.com', '0918771930', 'D172849953', '1', '2023-03-03 08:50:32', '2023-03-04 15:35:38'),
(620, 'Bella', 'female.jpg', 'member503712', 'pass2719', '許怡君', '女', '1992-10-18', 'mail83536@test.com', '0918729315', 'C213592501', '1', '2023-03-03 08:50:32', '2023-03-04 00:02:40'),
(621, 'Maya', 'female.jpg', 'member897684', 'pass1200', '呂雅婷', '女', '1993-05-01', 'mail80602@test.com', '0918783108', 'D208934529', '2', '2023-03-03 08:50:32', '2023-03-04 05:11:50'),
(622, 'Isla', 'female.jpg', 'member122431', 'pass9517', '趙宜庭', '女', '1998-10-07', 'mail54521@test.com', '0918677166', 'C215216435', '1', '2023-03-03 08:50:32', '2023-03-04 21:04:01'),
(623, 'Sebastian', 'male.jpg', 'member629259', 'pass6941', '王柏翰', '男', '1991-06-21', 'mail49595@test.com', '0918822297', 'B143141781', '2', '2023-03-03 08:50:32', '2023-03-04 09:26:12'),
(624, 'Daisy', 'female.jpg', 'member406902', 'pass1980', '胡怡君', '女', '1999-02-07', 'mail17895@test.com', '0918299873', 'D218346574', '1', '2023-03-03 08:50:32', '2023-03-04 10:35:24'),
(625, 'Hudson', 'male.jpg', 'member244586', 'pass7944', '彭宇軒', '男', '2006-07-20', 'mail18159@test.com', '0918999592', 'B102227245', '3', '2023-03-03 08:50:32', '2023-03-04 05:33:05'),
(626, 'Parker', 'male.jpg', 'member721893', 'pass9677', '鄭宗翰', '男', '2018-07-20', 'mail59255@test.com', '0918815436', 'A110200950', '3', '2023-03-03 08:50:32', '2023-03-04 20:43:19'),
(627, 'Charlie', 'male.jpg', 'member872278', 'pass2840', '黃宗翰', '男', '1986-08-25', 'mail11477@test.com', '0918996799', 'C124243809', '3', '2023-03-03 08:50:32', '2023-03-04 10:38:25'),
(628, 'Isabella', 'female.jpg', 'member756847', 'pass6665', '周鈺婷', '女', '2004-01-07', 'mail55616@test.com', '0918413749', 'D294022601', '3', '2023-03-03 08:50:32', '2023-03-04 16:02:56'),
(629, 'Violet', 'female.jpg', 'member344615', 'pass1685', '林郁婷', '女', '2017-03-18', 'mail89063@test.com', '0918601076', 'A282355466', '1', '2023-03-03 08:50:32', '2023-03-04 08:20:38'),
(630, 'Aria', 'female.jpg', 'member886380', 'pass8027', '張怡萱', '女', '2017-09-07', 'mail94219@test.com', '0918193857', 'A275161004', '1', '2023-03-03 08:50:32', '2023-03-04 02:30:54'),
(631, 'John', 'male.jpg', 'member637448', 'pass1711', '鄧家瑋', '男', '2019-01-20', 'mail80893@test.com', '0918507897', 'A150861126', '1', '2023-03-03 08:50:32', '2023-03-04 18:07:40'),
(632, 'Olivia', 'female.jpg', 'member520034', 'pass9230', '吳佳穎', '女', '2002-05-09', 'mail67105@test.com', '0918508134', 'A299027374', '3', '2023-03-03 08:50:32', '2023-03-04 06:17:53'),
(633, 'Ethan', 'male.jpg', 'member666907', 'pass1641', '董家豪', '男', '2001-03-10', 'mail38810@test.com', '0918851813', 'A178762878', '3', '2023-03-03 08:50:32', '2023-03-04 09:41:55'),
(634, 'William', 'male.jpg', 'member801570', 'pass6764', '程冠宇', '男', '2019-06-28', 'mail78092@test.com', '0918905406', 'B143868263', '3', '2023-03-03 08:50:32', '2023-03-04 16:28:24'),
(635, 'Wyatt', 'male.jpg', 'member840474', 'pass1770', '呂柏翰', '男', '1996-06-23', 'mail86572@test.com', '0918295302', 'A192776204', '1', '2023-03-03 08:50:32', '2023-03-04 16:49:57'),
(636, 'Kinsley', 'female.jpg', 'member908081', 'pass1971', '何怡君', '女', '1993-02-05', 'mail91639@test.com', '0918731224', 'B213185880', '1', '2023-03-03 08:50:32', '2023-03-04 09:29:02'),
(637, 'Noah', 'male.jpg', 'member671104', 'pass7384', '徐冠宇', '男', '2009-06-04', 'mail75932@test.com', '0918528568', 'C198543184', '1', '2023-03-03 08:50:32', '2023-03-04 05:35:54'),
(638, 'Kate', 'female.jpg', 'member743235', 'pass4642', '黃詩涵', '女', '1993-10-18', 'mail77371@test.com', '0918343782', 'D272138298', '3', '2023-03-03 08:50:32', '2023-03-04 21:01:41'),
(639, 'Charlie', 'male.jpg', 'member766800', 'pass8071', '彭承翰', '男', '2002-11-01', 'mail88104@test.com', '0918926117', 'A117974317', '1', '2023-03-03 08:50:32', '2023-03-04 16:10:27'),
(640, 'Jordan', 'male.jpg', 'member223407', 'pass4907', '徐冠廷', '男', '2003-06-24', 'mail50163@test.com', '0918963949', 'C189613529', '3', '2023-03-03 08:50:32', '2023-03-04 21:36:13'),
(641, 'Luna', 'female.jpg', 'member810464', 'pass9350', '曾怡萱', '女', '2008-03-16', 'mail37653@test.com', '0918800083', 'C214218732', '3', '2023-03-03 08:50:32', '2023-03-04 18:39:38'),
(642, 'Ella', 'female.jpg', 'member634754', 'pass2087', '胡雅婷', '女', '2001-12-12', 'mail84065@test.com', '0918352326', 'A282290685', '3', '2023-03-03 08:50:32', '2023-03-04 19:16:05'),
(643, 'Ethan', 'male.jpg', 'member509508', 'pass8724', '周宇軒', '男', '1999-06-12', 'mail58135@test.com', '0918923851', 'C174303865', '2', '2023-03-03 08:50:32', '2023-03-04 11:08:00'),
(644, 'Mia', 'female.jpg', 'member998029', 'pass3544', '王雅婷', '女', '2001-09-10', 'mail25501@test.com', '0918323437', 'B248528747', '3', '2023-03-03 08:50:32', '2023-03-04 20:37:07'),
(645, 'Aria', 'female.jpg', 'member373656', 'pass5166', '程宜庭', '女', '1993-11-04', 'mail38488@test.com', '0918778874', 'C209276860', '1', '2023-03-03 08:50:32', '2023-03-04 12:43:55'),
(646, 'John', 'male.jpg', 'member402070', 'pass2419', '馮家瑋', '男', '1986-01-31', 'mail62485@test.com', '0918902135', 'B185702009', '2', '2023-03-03 08:50:32', '2023-03-04 11:08:26'),
(647, 'Anthony', 'male.jpg', 'member839085', 'pass5387', '馬柏翰', '男', '2015-04-28', 'mail65323@test.com', '0918946131', 'C176768984', '3', '2023-03-03 08:50:32', '2023-03-04 07:24:20'),
(648, 'Cooper', 'male.jpg', 'member846604', 'pass5295', '楊柏翰', '男', '2013-02-16', 'mail49646@test.com', '0918491703', 'A109578618', '1', '2023-03-03 08:50:32', '2023-03-04 07:07:53'),
(649, 'Mia', 'female.jpg', 'member384666', 'pass7119', '趙宜庭', '女', '2021-12-19', 'mail62186@test.com', '0918341506', 'A203241285', '1', '2023-03-03 08:50:32', '2023-03-04 10:06:42'),
(650, 'Matthew', 'male.jpg', 'member316971', 'pass6441', '唐家瑋', '男', '2007-01-23', 'mail47406@test.com', '0918527724', 'D150868576', '2', '2023-03-03 08:50:32', '2023-03-04 12:36:41'),
(651, 'Emily', 'female.jpg', 'member445967', 'pass4174', '謝宜庭', '女', '2009-05-25', 'mail82472@test.com', '0918185438', 'C207743615', '1', '2023-03-03 08:50:32', '2023-03-04 10:19:06'),
(652, 'Levi', 'male.jpg', 'member665529', 'pass1605', '孫冠霖', '男', '2013-06-23', 'mail64995@test.com', '0918605858', 'D198561307', '2', '2023-03-03 08:50:32', '2023-03-04 20:03:10'),
(653, 'Evelyn', 'female.jpg', 'member817897', 'pass3633', '馮佳穎', '女', '2011-11-19', 'mail48935@test.com', '0918601263', 'A219529248', '1', '2023-03-03 08:50:32', '2023-03-04 00:15:39'),
(654, 'Ethan', 'male.jpg', 'member990079', 'pass8958', '呂冠廷', '男', '2019-04-01', 'mail77014@test.com', '0918878778', 'D180284267', '1', '2023-03-03 08:50:32', '2023-03-04 01:20:32'),
(655, 'Sofia', 'female.jpg', 'member692334', 'pass8753', '許雅婷', '女', '2022-12-18', 'mail99726@test.com', '0918553708', 'D291212944', '3', '2023-03-03 08:50:32', '2023-03-04 03:51:30'),
(656, 'William', 'male.jpg', 'member584220', 'pass1537', '周宗翰', '男', '2010-01-18', 'mail83046@test.com', '0918205898', 'B187930991', '2', '2023-03-03 08:50:32', '2023-03-04 04:03:02'),
(657, 'River', 'male.jpg', 'member633252', 'pass7982', '林宇軒', '男', '1987-02-18', 'mail69551@test.com', '0918610423', 'C156819452', '3', '2023-03-03 08:50:32', '2023-03-04 07:17:38'),
(658, 'Claire', 'female.jpg', 'member478557', 'pass8107', '趙佳穎', '女', '1989-01-12', 'mail66128@test.com', '0918744911', 'C218601925', '2', '2023-03-03 08:50:32', '2023-03-04 13:38:55'),
(659, 'Bella', 'female.jpg', 'member420188', 'pass5299', '高鈺婷', '女', '2014-01-29', 'mail97979@test.com', '0918521832', 'A231873451', '1', '2023-03-03 08:50:32', '2023-03-04 07:54:53'),
(660, 'Flora', 'female.jpg', 'member798150', 'pass4514', '劉怡萱', '女', '2012-10-14', 'mail71611@test.com', '0918166140', 'A269530571', '2', '2023-03-03 08:50:32', '2023-03-04 06:54:20'),
(661, 'Gina', 'female.jpg', 'member467741', 'pass3833', '傅詩涵', '女', '2012-03-08', 'mail13334@test.com', '0918654831', 'C207628601', '2', '2023-03-03 08:50:32', '2023-03-04 14:03:26'),
(662, 'Robert', 'male.jpg', 'member242930', 'pass2203', '孫彥廷', '男', '1999-02-06', 'mail75210@test.com', '0918330820', 'C165733751', '3', '2023-03-03 08:50:32', '2023-03-04 01:10:12'),
(663, 'Kitty', 'female.jpg', 'member983419', 'pass8926', '傅雅婷', '女', '2009-10-31', 'mail33066@test.com', '0918246178', 'C205605753', '3', '2023-03-03 08:50:32', '2023-03-04 13:36:04'),
(664, 'Layla', 'female.jpg', 'member450930', 'pass5066', '陳怡萱', '女', '2016-08-25', 'mail76997@test.com', '0918285682', 'C280884953', '3', '2023-03-03 08:50:32', '2023-03-04 07:51:06'),
(665, 'Katherine', 'female.jpg', 'member709372', 'pass9375', '徐雅筑', '女', '1987-11-26', 'mail10058@test.com', '0918815017', 'D285085905', '3', '2023-03-03 08:50:32', '2023-03-04 16:44:30'),
(666, 'Evelyn', 'female.jpg', 'member920029', 'pass8765', '羅佳穎', '女', '2021-06-24', 'mail66606@test.com', '0918133393', 'B284019608', '3', '2023-03-03 08:50:32', '2023-03-04 03:22:46'),
(667, 'Aiden', 'male.jpg', 'member347705', 'pass5731', '孫冠霖', '男', '1992-03-23', 'mail60249@test.com', '0918467726', 'B105111769', '3', '2023-03-03 08:50:32', '2023-03-04 00:21:56'),
(668, 'Mia', 'female.jpg', 'member623919', 'pass1303', '宋鈺婷', '女', '2005-01-20', 'mail44234@test.com', '0918619965', 'B244125017', '1', '2023-03-03 08:50:32', '2023-03-04 01:45:12'),
(669, 'Robert', 'male.jpg', 'member734447', 'pass6946', '陳冠霖', '男', '2019-12-25', 'mail58855@test.com', '0918616696', 'C139949270', '1', '2023-03-03 08:50:32', '2023-03-04 21:20:52'),
(670, 'Amy', 'female.jpg', 'member249690', 'pass6359', '許怡萱', '女', '1986-03-14', 'mail17509@test.com', '0918347663', 'A250007136', '2', '2023-03-03 08:50:32', '2023-03-04 22:26:55'),
(671, 'Amelia', 'female.jpg', 'member865191', 'pass4691', '曹怡君', '女', '2022-12-01', 'mail73367@test.com', '0918740015', 'C207965506', '2', '2023-03-03 08:50:32', '2023-03-04 19:04:59'),
(672, 'Roman', 'male.jpg', 'member307117', 'pass3432', '郭冠宇', '男', '2006-11-09', 'mail27074@test.com', '0918370756', 'B172062360', '3', '2023-03-03 08:50:32', '2023-03-04 21:29:15'),
(673, 'Ella', 'female.jpg', 'member884661', 'pass2276', '鄭怡婷', '女', '2013-11-02', 'mail69251@test.com', '0918658673', 'C296231048', '1', '2023-03-03 08:50:32', '2023-03-04 14:34:06'),
(674, 'Jackson', 'male.jpg', 'member456886', 'pass5241', '郭冠霖', '男', '2022-01-29', 'mail76617@test.com', '0918925773', 'D143590407', '1', '2023-03-03 08:50:32', '2023-03-04 00:10:56'),
(675, 'Muhammad', 'male.jpg', 'member184455', 'pass3091', '謝冠宇', '男', '1998-02-20', 'mail50749@test.com', '0918420494', 'B147768795', '1', '2023-03-03 08:50:32', '2023-03-04 03:40:27'),
(676, 'Riley', 'male.jpg', 'member118656', 'pass2094', '李柏翰', '男', '2009-05-23', 'mail45108@test.com', '0918425844', 'A109592756', '2', '2023-03-03 08:50:32', '2023-03-04 15:05:50'),
(677, 'Ethan', 'male.jpg', 'member480495', 'pass1058', '呂彥廷', '男', '2003-02-13', 'mail68644@test.com', '0918268078', 'C153120663', '2', '2023-03-03 08:50:32', '2023-03-04 12:31:47'),
(678, 'Ella', 'female.jpg', 'member565006', 'pass3116', '彭雅婷', '女', '2021-04-28', 'mail57113@test.com', '0918435848', 'D213806884', '2', '2023-03-03 08:50:32', '2023-03-04 13:54:51'),
(679, 'Ruby', 'female.jpg', 'member672950', 'pass1929', '董郁婷', '女', '2018-01-11', 'mail49428@test.com', '0918371806', 'D214998307', '2', '2023-03-03 08:50:32', '2023-03-04 10:15:44'),
(680, 'Emma', 'female.jpg', 'member481982', 'pass1296', '周雅筑', '女', '2001-08-20', 'mail72715@test.com', '0918460440', 'C252616086', '2', '2023-03-03 08:50:32', '2023-03-04 12:04:08'),
(681, 'Gary', 'male.jpg', 'member619896', 'pass4415', '何承翰', '男', '2009-04-24', 'mail89569@test.com', '0918982679', 'A123268947', '3', '2023-03-03 08:50:32', '2023-03-04 09:23:41'),
(682, 'Jameson', 'male.jpg', 'member462516', 'pass9047', '彭冠霖', '男', '1985-04-15', 'mail84582@test.com', '0918332377', 'D199818944', '3', '2023-03-03 08:50:32', '2023-03-04 17:57:41'),
(683, 'Danny', 'male.jpg', 'member345526', 'pass2615', '蕭彥廷', '男', '2021-11-13', 'mail93970@test.com', '0918817892', 'A133560043', '1', '2023-03-03 08:50:32', '2023-03-04 22:28:40'),
(684, 'Gabriel', 'male.jpg', 'member216081', 'pass8930', '馮宗翰', '男', '1998-07-24', 'mail69743@test.com', '0918908562', 'A178241959', '3', '2023-03-03 08:50:32', '2023-03-04 18:55:57'),
(685, 'Amelia', 'female.jpg', 'member930502', 'pass7214', '周宜庭', '女', '2009-07-16', 'mail12580@test.com', '0918580676', 'C278912077', '2', '2023-03-03 08:50:32', '2023-03-04 17:11:51'),
(686, 'Aiden', 'male.jpg', 'member913798', 'pass4010', '傅宗翰', '男', '2022-03-24', 'mail51288@test.com', '0918451003', 'D139056771', '2', '2023-03-03 08:50:32', '2023-03-04 10:57:01'),
(687, 'Jackson', 'male.jpg', 'member810372', 'pass4677', '傅彥廷', '男', '2001-10-30', 'mail84544@test.com', '0918121131', 'C109799423', '1', '2023-03-03 08:50:32', '2023-03-04 01:33:32'),
(688, 'Julia', 'female.jpg', 'member840989', 'pass9382', '曾宜庭', '女', '2001-10-11', 'mail22381@test.com', '0918765307', 'A243569182', '1', '2023-03-03 08:50:32', '2023-03-04 07:13:11'),
(689, 'Valentina', 'female.jpg', 'member425622', 'pass5855', '曹宜庭', '女', '2010-07-09', 'mail46123@test.com', '0918977621', 'B247294357', '2', '2023-03-03 08:50:32', '2023-03-04 04:21:10'),
(690, 'Hank', 'male.jpg', 'member409273', 'pass7902', '吳冠霖', '男', '2010-02-02', 'mail83623@test.com', '0918956236', 'D117630128', '3', '2023-03-03 08:50:32', '2023-03-04 16:00:55'),
(691, 'Matthew', 'male.jpg', 'member268192', 'pass7885', '程冠宇', '男', '1985-09-11', 'mail22327@test.com', '0918558975', 'C148815152', '2', '2023-03-03 08:50:32', '2023-03-04 07:26:24'),
(692, 'Natalia', 'female.jpg', 'member925758', 'pass1184', '馬詩涵', '女', '1995-09-12', 'mail67051@test.com', '0918309286', 'A267383675', '3', '2023-03-03 08:50:32', '2023-03-04 09:12:41'),
(693, 'Lucas', 'male.jpg', 'member331388', 'pass9999', '董宗翰', '男', '2012-08-01', 'mail50424@test.com', '0918535624', 'B177229796', '3', '2023-03-03 08:50:32', '2023-03-04 06:17:43'),
(694, 'Amy', 'female.jpg', 'member158992', 'pass2983', '曾鈺婷', '女', '2007-02-07', 'mail15194@test.com', '0918803806', 'D296253479', '2', '2023-03-03 08:50:32', '2023-03-04 19:03:33'),
(695, 'Roman', 'male.jpg', 'member204382', 'pass7220', '馬家豪', '男', '2006-05-11', 'mail41625@test.com', '0918275041', 'C145442153', '1', '2023-03-03 08:50:32', '2023-03-04 22:33:09'),
(696, 'Jordan', 'male.jpg', 'member622883', 'pass7628', '何冠廷', '男', '2016-08-14', 'mail42676@test.com', '0918756625', 'C157768171', '1', '2023-03-03 08:50:32', '2023-03-04 20:06:23'),
(697, 'Gianna', 'female.jpg', 'member675750', 'pass5089', '馬雅筑', '女', '1993-03-27', 'mail96240@test.com', '0918746365', 'B247216423', '2', '2023-03-03 08:50:32', '2023-03-04 18:49:25'),
(698, 'Grayson', 'male.jpg', 'member123260', 'pass1501', '何冠廷', '男', '2008-09-01', 'mail37597@test.com', '0918153453', 'C189925179', '1', '2023-03-03 08:50:32', '2023-03-04 22:10:51'),
(699, 'Beau', 'male.jpg', 'member938309', 'pass2831', '郭彥廷', '男', '2010-04-28', 'mail84560@test.com', '0918437054', 'D117895918', '3', '2023-03-03 08:50:32', '2023-03-04 16:36:22'),
(700, 'Muhammad', 'male.jpg', 'member264445', 'pass8278', '朱冠廷', '男', '1995-06-17', 'mail49724@test.com', '0918272307', 'B126885892', '2', '2023-03-03 08:50:32', '2023-03-04 05:30:30'),
(701, 'Bonnie', 'female.jpg', 'member983651', 'pass4246', '鄧怡婷', '女', '1992-02-20', 'mail74755@test.com', '0918997796', 'D225480676', '2', '2023-03-03 08:50:32', '2023-03-04 21:21:27'),
(702, 'Charlie', 'male.jpg', 'member458593', 'pass1238', '蕭家豪', '男', '2008-02-08', 'mail12353@test.com', '0918249509', 'D166374473', '3', '2023-03-03 08:50:32', '2023-03-04 22:21:08'),
(703, 'Ava', 'female.jpg', 'member197741', 'pass2862', '於怡婷', '女', '2016-01-06', 'mail58070@test.com', '0918426755', 'A274415965', '3', '2023-03-03 08:50:32', '2023-03-04 19:26:41'),
(704, 'Miles', 'male.jpg', 'member934629', 'pass7015', '林宗翰', '男', '2020-11-06', 'mail96181@test.com', '0918268520', 'A147191309', '3', '2023-03-03 08:50:32', '2023-03-04 01:57:35'),
(705, 'Bella', 'female.jpg', 'member310291', 'pass4028', '馮郁婷', '女', '2017-12-26', 'mail99978@test.com', '0918159929', 'A218490495', '2', '2023-03-03 08:50:32', '2023-03-04 23:50:29'),
(706, 'Oliver', 'male.jpg', 'member825535', 'pass6907', '傅冠廷', '男', '2012-03-28', 'mail64409@test.com', '0918961977', 'A186872043', '2', '2023-03-03 08:50:32', '2023-03-04 05:32:00'),
(707, 'Stella', 'female.jpg', 'member923808', 'pass8806', '沈郁婷', '女', '1986-09-12', 'mail97066@test.com', '0918601879', 'D250723646', '1', '2023-03-03 08:50:32', '2023-03-04 18:27:12'),
(708, 'Matthew', 'male.jpg', 'member444086', 'pass5597', '袁冠宇', '男', '1993-11-06', 'mail64458@test.com', '0918118929', 'C150922349', '2', '2023-03-03 08:50:32', '2023-03-04 14:31:10'),
(709, 'Carter', 'male.jpg', 'member647760', 'pass5658', '馮冠廷', '男', '2022-11-01', 'mail82994@test.com', '0918656676', 'C139202450', '2', '2023-03-03 08:50:32', '2023-03-04 01:15:20'),
(710, 'Elizabeth', 'female.jpg', 'member576904', 'pass1663', '傅怡萱', '女', '2013-10-22', 'mail84976@test.com', '0918921010', 'C213796670', '3', '2023-03-03 08:50:32', '2023-03-04 11:40:49'),
(711, 'Owen', 'male.jpg', 'member438918', 'pass3989', '李冠霖', '男', '2002-03-10', 'mail59646@test.com', '0918786571', 'C144552146', '1', '2023-03-03 08:50:32', '2023-03-04 07:59:16'),
(712, 'Jessica', 'female.jpg', 'member718048', 'pass8461', '張宜庭', '女', '2013-08-27', 'mail72859@test.com', '0918515650', 'C280535044', '1', '2023-03-03 08:50:32', '2023-03-04 00:32:41'),
(713, 'Carter', 'male.jpg', 'member308718', 'pass6160', '傅家豪', '男', '2021-09-16', 'mail78435@test.com', '0918786042', 'C128843258', '1', '2023-03-03 08:50:32', '2023-03-04 11:00:01'),
(714, 'Benjamin', 'male.jpg', 'member168311', 'pass5920', '李宗翰', '男', '1985-05-08', 'mail74528@test.com', '0918919523', 'C177661213', '3', '2023-03-03 08:50:32', '2023-03-04 23:37:11'),
(715, 'Eric', 'male.jpg', 'member960342', 'pass6088', '吳冠廷', '男', '2015-03-23', 'mail94112@test.com', '0918464579', 'C162049730', '1', '2023-03-03 08:50:32', '2023-03-04 14:50:35'),
(716, 'Evelyn', 'female.jpg', 'member479040', 'pass7396', '梁雅婷', '女', '2017-08-21', 'mail23576@test.com', '0918649513', 'B251121678', '3', '2023-03-03 08:50:32', '2023-03-04 21:59:16'),
(717, 'Jade', 'female.jpg', 'member904023', 'pass6923', '周怡君', '女', '2012-11-02', 'mail37475@test.com', '0918425522', 'A229188410', '3', '2023-03-03 08:50:32', '2023-03-04 15:04:51'),
(718, 'Charlotte', 'female.jpg', 'member929153', 'pass8679', '孫宜庭', '女', '1996-01-24', 'mail43668@test.com', '0918448948', 'A295777316', '1', '2023-03-03 08:50:32', '2023-03-04 02:31:11'),
(719, 'Bonnie', 'female.jpg', 'member730740', 'pass3912', '何詩涵', '女', '1998-07-08', 'mail90857@test.com', '0918720701', 'A208302091', '3', '2023-03-03 08:50:32', '2023-03-04 09:45:33'),
(720, 'Gina', 'female.jpg', 'member276859', 'pass9759', '呂鈺婷', '女', '2001-11-30', 'mail23757@test.com', '0918965606', 'D214422288', '1', '2023-03-03 08:50:32', '2023-03-04 02:27:29'),
(721, 'Ezra', 'male.jpg', 'member453414', 'pass4818', '彭宗翰', '男', '1997-11-04', 'mail81579@test.com', '0918540448', 'A111062611', '2', '2023-03-03 08:50:32', '2023-03-04 05:33:59'),
(722, 'Bennett', 'male.jpg', 'member964371', 'pass2713', '朱冠霖', '男', '1997-01-22', 'mail53921@test.com', '0918563791', 'A174154651', '3', '2023-03-03 08:50:32', '2023-03-04 08:51:05'),
(723, 'Sophia', 'female.jpg', 'member871565', 'pass1939', '高雅筑', '女', '2006-09-02', 'mail46241@test.com', '0918969840', 'B254362465', '3', '2023-03-03 08:50:32', '2023-03-04 12:44:59'),
(724, 'Grace', 'female.jpg', 'member336443', 'pass2074', '沈雅婷', '女', '2011-05-04', 'mail94057@test.com', '0918931106', 'C281665951', '1', '2023-03-03 08:50:32', '2023-03-04 03:59:27'),
(725, 'Gary', 'male.jpg', 'member679985', 'pass6210', '於家瑋', '男', '2015-09-28', 'mail63200@test.com', '0918653555', 'D119286638', '2', '2023-03-03 08:50:32', '2023-03-04 05:29:26'),
(726, 'Gary', 'male.jpg', 'member945060', 'pass6091', '趙宇軒', '男', '1985-02-21', 'mail94570@test.com', '0918417829', 'A186312193', '1', '2023-03-03 08:50:32', '2023-03-04 20:57:45'),
(727, 'William', 'male.jpg', 'member734599', 'pass1808', '羅家豪', '男', '1996-09-13', 'mail88178@test.com', '0918294784', 'A138899971', '3', '2023-03-03 08:50:32', '2023-03-04 21:15:07'),
(728, 'Kinsley', 'female.jpg', 'member675352', 'pass6957', '呂雅筑', '女', '1986-02-09', 'mail32570@test.com', '0918980247', 'C257280937', '2', '2023-03-03 08:50:32', '2023-03-04 04:24:31'),
(729, 'Michael', 'male.jpg', 'member654165', 'pass3435', '吳宗翰', '男', '2013-01-14', 'mail66401@test.com', '0918299466', 'C192858241', '1', '2023-03-03 08:50:32', '2023-03-04 14:53:43'),
(730, 'Adam', 'male.jpg', 'member671311', 'pass5199', '高冠宇', '男', '2019-08-23', 'mail84501@test.com', '0918492930', 'D179426258', '2', '2023-03-03 08:50:32', '2023-03-04 23:47:15'),
(731, 'Melody', 'female.jpg', 'member817055', 'pass2547', '宋佳穎', '女', '2005-08-07', 'mail43037@test.com', '0918765639', 'C216872650', '3', '2023-03-03 08:50:32', '2023-03-04 07:41:36'),
(732, 'Hudson', 'male.jpg', 'member325962', 'pass7163', '王冠廷', '男', '2005-07-11', 'mail45541@test.com', '0918934309', 'C155473691', '2', '2023-03-03 08:50:32', '2023-03-04 14:34:11'),
(733, 'Hank', 'male.jpg', 'member570765', 'pass5528', '彭冠廷', '男', '2018-07-31', 'mail60930@test.com', '0918433628', 'D142580828', '3', '2023-03-03 08:50:32', '2023-03-04 07:21:21'),
(734, 'Flora', 'female.jpg', 'member252195', 'pass3273', '黃怡萱', '女', '2000-09-18', 'mail65364@test.com', '0918367636', 'C276368327', '2', '2023-03-03 08:50:32', '2023-03-04 03:56:31'),
(735, 'Noah', 'male.jpg', 'member567921', 'pass5651', '陳承翰', '男', '1999-02-07', 'mail86109@test.com', '0918900136', 'C115890420', '1', '2023-03-03 08:50:32', '2023-03-04 22:57:42'),
(736, 'William', 'male.jpg', 'member737881', 'pass7534', '唐彥廷', '男', '2017-06-01', 'mail34318@test.com', '0918713241', 'A130368973', '2', '2023-03-03 08:50:32', '2023-03-04 07:06:37'),
(737, 'Ava', 'female.jpg', 'member186052', 'pass6081', '郭郁婷', '女', '2020-12-18', 'mail88350@test.com', '0918591948', 'B215404617', '2', '2023-03-03 08:50:32', '2023-03-04 17:58:09'),
(738, 'Lily', 'female.jpg', 'member253589', 'pass4995', '呂雅婷', '女', '2000-04-22', 'mail25739@test.com', '0918614328', 'A296304822', '3', '2023-03-03 08:50:32', '2023-03-04 19:12:06'),
(739, 'Andrew', 'male.jpg', 'member517152', 'pass3002', '董柏翰', '男', '2003-07-22', 'mail37952@test.com', '0918185402', 'B112678295', '2', '2023-03-03 08:50:32', '2023-03-04 10:44:18'),
(740, 'Dana', 'female.jpg', 'member311002', 'pass5015', '程郁婷', '女', '1985-05-14', 'mail44659@test.com', '0918272521', 'A286216017', '2', '2023-03-03 08:50:32', '2023-03-04 00:13:32'),
(741, 'Owen', 'male.jpg', 'member118266', 'pass6900', '李彥廷', '男', '2021-07-08', 'mail90576@test.com', '0918616054', 'A114603787', '2', '2023-03-03 08:50:32', '2023-03-04 02:14:04'),
(742, 'Asher', 'male.jpg', 'member594622', 'pass6726', '楊宗翰', '男', '2010-03-06', 'mail94054@test.com', '0918774749', 'D189623452', '2', '2023-03-03 08:50:32', '2023-03-04 20:47:43'),
(743, 'Daniel', 'male.jpg', 'member703951', 'pass5163', '羅冠廷', '男', '2004-08-22', 'mail89499@test.com', '0918589925', 'C139188097', '1', '2023-03-03 08:50:32', '2023-03-04 13:27:47'),
(744, 'Grace', 'female.jpg', 'member897235', 'pass6706', '呂怡君', '女', '2022-11-17', 'mail55851@test.com', '0918923338', 'B239171679', '2', '2023-03-03 08:50:32', '2023-03-04 03:13:24'),
(745, 'Ruby', 'female.jpg', 'member733389', 'pass1219', '馮詩涵', '女', '2020-04-01', 'mail16875@test.com', '0918206038', 'B297994548', '3', '2023-03-03 08:50:32', '2023-03-04 05:41:09'),
(746, 'Hank', 'male.jpg', 'member168813', 'pass5347', '李冠廷', '男', '1985-07-21', 'mail28520@test.com', '0918861026', 'B134629474', '3', '2023-03-03 08:50:32', '2023-03-04 13:07:36'),
(747, 'River', 'male.jpg', 'member136640', 'pass1967', '黃冠廷', '男', '2013-03-14', 'mail65450@test.com', '0918775309', 'B152468241', '1', '2023-03-03 08:50:32', '2023-03-04 19:59:22'),
(748, 'Clare', 'female.jpg', 'member784557', 'pass7118', '馬佳穎', '女', '2000-12-03', 'mail46038@test.com', '0918280177', 'A224547958', '3', '2023-03-03 08:50:32', '2023-03-04 00:53:23'),
(749, 'Lucy', 'female.jpg', 'member892440', 'pass3061', '曾郁婷', '女', '1999-10-23', 'mail22365@test.com', '0918809020', 'D257496641', '3', '2023-03-03 08:50:32', '2023-03-04 20:23:27'),
(750, 'Kate', 'female.jpg', 'member787461', 'pass6884', '呂怡君', '女', '1989-11-07', 'mail15140@test.com', '0918904722', 'C262535676', '3', '2023-03-03 08:50:32', '2023-03-04 11:31:28'),
(751, 'Oliver', 'male.jpg', 'member824731', 'pass1231', '楊家豪', '男', '2002-04-24', 'mail32997@test.com', '0918200513', 'C168392940', '2', '2023-03-03 08:50:32', '2023-03-04 05:41:11'),
(752, 'Michael', 'male.jpg', 'member308715', 'pass7345', '程家瑋', '男', '1990-06-04', 'mail62007@test.com', '0918334660', 'D158353123', '1', '2023-03-03 08:50:32', '2023-03-04 16:18:44'),
(753, 'Ellie', 'female.jpg', 'member565220', 'pass1648', '程怡君', '女', '1995-05-13', 'mail84738@test.com', '0918636153', 'B290634835', '3', '2023-03-03 08:50:32', '2023-03-04 16:22:56'),
(754, 'Robert', 'male.jpg', 'member952608', 'pass9397', '林宗翰', '男', '1998-06-08', 'mail42791@test.com', '0918264628', 'A145309310', '3', '2023-03-03 08:50:32', '2023-03-04 02:32:07'),
(755, 'Charlie', 'male.jpg', 'member930229', 'pass7824', '程彥廷', '男', '2001-06-20', 'mail43873@test.com', '0918220021', 'D168127684', '1', '2023-03-03 08:50:32', '2023-03-04 15:46:59'),
(756, 'Ivy', 'female.jpg', 'member883125', 'pass7096', '彭宜庭', '女', '2002-07-06', 'mail11106@test.com', '0918474757', 'B283724132', '3', '2023-03-03 08:50:32', '2023-03-04 05:49:11'),
(757, 'Parker', 'male.jpg', 'member112355', 'pass3537', '陳宇軒', '男', '2016-05-20', 'mail62509@test.com', '0918226212', 'D144106781', '2', '2023-03-03 08:50:32', '2023-03-04 20:40:44'),
(758, 'John', 'male.jpg', 'member736195', 'pass7795', '於柏翰', '男', '2006-02-12', 'mail55911@test.com', '0918711584', 'B124528533', '3', '2023-03-03 08:50:32', '2023-03-04 08:37:59'),
(759, 'Samuel', 'male.jpg', 'member161490', 'pass1047', '袁冠廷', '男', '2004-05-18', 'mail44167@test.com', '0918383659', 'C151419172', '2', '2023-03-03 08:50:32', '2023-03-04 21:56:28'),
(760, 'Mateo', 'male.jpg', 'member618647', 'pass1357', '徐柏翰', '男', '2013-08-28', 'mail53628@test.com', '0918452145', 'B168164756', '3', '2023-03-03 08:50:32', '2023-03-04 17:43:11'),
(761, 'Roman', 'male.jpg', 'member368629', 'pass8801', '何宇軒', '男', '2021-02-05', 'mail10834@test.com', '0918551835', 'B195573055', '1', '2023-03-03 08:50:32', '2023-03-04 22:53:08'),
(762, 'Sophia', 'female.jpg', 'member773343', 'pass2246', '周雅婷', '女', '2022-06-01', 'mail85009@test.com', '0918233864', 'B203361559', '1', '2023-03-03 08:50:32', '2023-03-04 03:28:49'),
(763, 'Hank', 'male.jpg', 'member197852', 'pass8725', '董冠宇', '男', '2017-04-10', 'mail28098@test.com', '0918401663', 'A109856507', '2', '2023-03-03 08:50:32', '2023-03-04 18:03:19'),
(764, 'Ryan', 'male.jpg', 'member685134', 'pass8122', '郭冠宇', '男', '2004-01-03', 'mail39208@test.com', '0918696632', 'D110415472', '1', '2023-03-03 08:50:32', '2023-03-04 10:48:33'),
(765, 'Carter', 'male.jpg', 'member654979', 'pass9762', '唐冠霖', '男', '1988-12-28', 'mail45379@test.com', '0918167495', 'C169428306', '2', '2023-03-03 08:50:32', '2023-03-04 15:49:11'),
(766, 'Oliver', 'male.jpg', 'member506284', 'pass3725', '董家瑋', '男', '2008-04-29', 'mail44342@test.com', '0918740320', 'C169670185', '2', '2023-03-03 08:50:32', '2023-03-04 06:11:09'),
(767, 'Jordan', 'male.jpg', 'member598558', 'pass2376', '郭冠霖', '男', '2008-09-12', 'mail66181@test.com', '0918171391', 'D171916250', '2', '2023-03-03 08:50:32', '2023-03-04 00:48:00'),
(768, 'Kate', 'female.jpg', 'member372049', 'pass7364', '黃佳穎', '女', '1993-09-06', 'mail81855@test.com', '0918713657', 'D283934900', '2', '2023-03-03 08:50:32', '2023-03-04 23:20:09'),
(769, 'Ivy', 'female.jpg', 'member652374', 'pass6096', '周鈺婷', '女', '1991-07-20', 'mail70886@test.com', '0918528478', 'C238911373', '1', '2023-03-03 08:50:32', '2023-03-04 20:40:28'),
(770, 'Olivia', 'female.jpg', 'member278692', 'pass5889', '鄭鈺婷', '女', '2010-04-04', 'mail73666@test.com', '0918353025', 'A278660939', '3', '2023-03-03 08:50:32', '2023-03-04 15:32:00'),
(771, 'Dana', 'female.jpg', 'member297686', 'pass7179', '周詩涵', '女', '1993-05-27', 'mail13329@test.com', '0918783438', 'A281624941', '1', '2023-03-03 08:50:32', '2023-03-04 04:11:47'),
(772, 'Kinsley', 'female.jpg', 'member969663', 'pass5773', '袁詩涵', '女', '1988-02-16', 'mail99899@test.com', '0918687765', 'D238722567', '2', '2023-03-03 08:50:32', '2023-03-04 08:37:03'),
(773, 'Dana', 'female.jpg', 'member611593', 'pass1126', '鄧雅筑', '女', '2005-01-08', 'mail85132@test.com', '0918182545', 'D299318737', '2', '2023-03-03 08:50:32', '2023-03-04 15:27:11'),
(774, 'Violet', 'female.jpg', 'member778280', 'pass6091', '朱怡婷', '女', '1992-10-24', 'mail51151@test.com', '0918744632', 'C291269032', '3', '2023-03-03 08:50:32', '2023-03-04 15:17:11'),
(775, 'Abigail', 'female.jpg', 'member877200', 'pass3007', '吳郁婷', '女', '1991-10-12', 'mail73668@test.com', '0918651980', 'B210760289', '2', '2023-03-03 08:50:32', '2023-03-04 10:10:13'),
(776, 'Daisy', 'female.jpg', 'member646730', 'pass9981', '劉佳穎', '女', '2017-09-19', 'mail68347@test.com', '0918761179', 'C219717923', '2', '2023-03-03 08:50:32', '2023-03-04 13:15:38'),
(777, 'Olivia', 'female.jpg', 'member962042', 'pass1830', '董鈺婷', '女', '2015-04-28', 'mail29044@test.com', '0918996843', 'C242382421', '1', '2023-03-03 08:50:32', '2023-03-04 15:20:23'),
(778, 'Melody', 'female.jpg', 'member384650', 'pass9158', '孫怡君', '女', '2019-12-25', 'mail97099@test.com', '0918448422', 'C297318015', '2', '2023-03-03 08:50:32', '2023-03-04 08:39:58'),
(779, 'Andrew', 'male.jpg', 'member203413', 'pass9680', '劉冠廷', '男', '1988-07-03', 'mail98069@test.com', '0918378626', 'C124266553', '2', '2023-03-03 08:50:32', '2023-03-04 12:08:03'),
(780, 'Noah', 'male.jpg', 'member172390', 'pass1531', '梁宇軒', '男', '2012-05-12', 'mail77314@test.com', '0918839727', 'A145771103', '2', '2023-03-03 08:50:32', '2023-03-04 12:24:36'),
(781, 'Lily', 'female.jpg', 'member123831', 'pass6687', '蕭雅筑', '女', '1990-11-28', 'mail20871@test.com', '0918129764', 'D215293899', '2', '2023-03-03 08:50:32', '2023-03-04 14:14:38'),
(782, 'Leo', 'male.jpg', 'member640207', 'pass7010', '趙家瑋', '男', '2011-06-29', 'mail43321@test.com', '0918944196', 'B106738064', '2', '2023-03-03 08:50:32', '2023-03-04 23:27:10'),
(783, 'Claire', 'female.jpg', 'member687516', 'pass4808', '徐雅筑', '女', '1986-03-03', 'mail80170@test.com', '0918992763', 'D201176009', '1', '2023-03-03 08:50:32', '2023-03-04 17:13:30'),
(784, 'Jameson', 'male.jpg', 'member289934', 'pass5901', '許彥廷', '男', '1993-09-10', 'mail64397@test.com', '0918691323', 'B147428026', '1', '2023-03-03 08:50:32', '2023-03-04 02:22:13'),
(785, 'Maria', 'female.jpg', 'member317462', 'pass3566', '宋怡婷', '女', '1987-12-25', 'mail83200@test.com', '0918515743', 'C296996760', '1', '2023-03-03 08:50:32', '2023-03-04 00:42:01'),
(786, 'Gianna', 'female.jpg', 'member211764', 'pass8072', '呂詩涵', '女', '1997-03-26', 'mail86725@test.com', '0918577715', 'D271803381', '3', '2023-03-03 08:50:32', '2023-03-04 03:26:30'),
(787, 'Samuel', 'male.jpg', 'member987884', 'pass5164', '程承翰', '男', '1987-04-06', 'mail38213@test.com', '0918135105', 'A190435691', '1', '2023-03-03 08:50:32', '2023-03-04 04:17:41'),
(788, 'Michael', 'male.jpg', 'member764405', 'pass1343', '於承翰', '男', '1991-04-30', 'mail65106@test.com', '0918734527', 'B118525988', '2', '2023-03-03 08:50:32', '2023-03-04 11:01:31'),
(789, 'Valentina', 'female.jpg', 'member757073', 'pass4430', '鄭怡萱', '女', '2005-01-28', 'mail56462@test.com', '0918496371', 'B259066929', '2', '2023-03-03 08:50:32', '2023-03-04 18:15:10'),
(790, 'Theodore', 'male.jpg', 'member845275', 'pass6052', '鄭承翰', '男', '2022-12-11', 'mail53662@test.com', '0918350910', 'A121684111', '1', '2023-03-03 08:50:32', '2023-03-04 12:39:06'),
(791, 'Matthew', 'male.jpg', 'member128858', 'pass5213', '沈宗翰', '男', '1985-10-15', 'mail73783@test.com', '0918812597', 'A168057140', '1', '2023-03-03 08:50:32', '2023-03-04 19:09:00'),
(792, 'Bella', 'female.jpg', 'member716341', 'pass2412', '張怡君', '女', '1996-08-03', 'mail67247@test.com', '0918466938', 'C282640359', '2', '2023-03-03 08:50:32', '2023-03-04 20:00:54'),
(793, 'Nova', 'female.jpg', 'member640752', 'pass2573', '林怡君', '女', '2022-08-02', 'mail68768@test.com', '0918805708', 'D257579680', '1', '2023-03-03 08:50:32', '2023-03-04 12:16:23'),
(794, 'Wyatt', 'male.jpg', 'member969384', 'pass3852', '楊柏翰', '男', '1999-08-18', 'mail87787@test.com', '0918826108', 'A125605148', '1', '2023-03-03 08:50:32', '2023-03-04 22:35:19'),
(795, 'Benjamin', 'male.jpg', 'member127266', 'pass2357', '何冠宇', '男', '1994-03-30', 'mail80553@test.com', '0918491717', 'A155777652', '3', '2023-03-03 08:50:32', '2023-03-04 02:10:04'),
(796, 'Doris', 'female.jpg', 'member789875', 'pass3120', '劉怡君', '女', '2007-09-14', 'mail91341@test.com', '0918222860', 'B221652840', '1', '2023-03-03 08:50:32', '2023-03-04 23:42:06'),
(797, 'Flora', 'female.jpg', 'member691255', 'pass7905', '傅宜庭', '女', '2020-01-22', 'mail63020@test.com', '0918370323', 'A216970376', '1', '2023-03-03 08:50:32', '2023-03-04 01:08:41'),
(798, 'William', 'male.jpg', 'member877671', 'pass7546', '孫宗翰', '男', '1987-03-26', 'mail46927@test.com', '0918546509', 'A126768768', '1', '2023-03-03 08:50:32', '2023-03-04 18:45:46'),
(799, 'David', 'male.jpg', 'member552963', 'pass7992', '沈宇軒', '男', '2006-07-30', 'mail72088@test.com', '0918459515', 'C112228244', '3', '2023-03-03 08:50:32', '2023-03-04 13:24:30'),
(800, 'Luke', 'male.jpg', 'member228503', 'pass8277', '許冠宇', '男', '1985-11-24', 'mail38977@test.com', '0918106655', 'D116652790', '2', '2023-03-03 08:50:32', '2023-03-04 09:02:34'),
(801, 'Emma', 'female.jpg', 'member697125', 'pass1632', '於怡君', '女', '1997-01-25', 'mail27784@test.com', '0918812558', 'B269555357', '2', '2023-03-03 08:50:32', '2023-03-04 22:40:15'),
(802, 'Nora', 'female.jpg', 'member378893', 'pass3934', '吳雅筑', '女', '1985-02-25', 'mail81246@test.com', '0918718658', 'A231200440', '2', '2023-03-03 08:50:32', '2023-03-04 00:30:10'),
(803, 'Benjamin', 'male.jpg', 'member955758', 'pass5388', '蕭宇軒', '男', '1996-12-25', 'mail10596@test.com', '0918547075', 'C152809486', '3', '2023-03-03 08:50:32', '2023-03-04 09:57:39'),
(804, 'Owen', 'male.jpg', 'member746376', 'pass4477', '趙柏翰', '男', '2014-02-20', 'mail49006@test.com', '0918829474', 'C115939909', '2', '2023-03-03 08:50:32', '2023-03-04 18:50:52'),
(805, 'Scarlett', 'female.jpg', 'member623982', 'pass8862', '張佳穎', '女', '2020-03-17', 'mail13807@test.com', '0918505212', 'B298544431', '3', '2023-03-03 08:50:32', '2023-03-04 00:24:17'),
(806, 'Michael', 'male.jpg', 'member675037', 'pass7614', '陳冠廷', '男', '1998-08-11', 'mail30786@test.com', '0918557331', 'A130251910', '2', '2023-03-03 08:50:32', '2023-03-04 15:20:28'),
(807, 'Aiden', 'male.jpg', 'member179199', 'pass5317', '蕭宗翰', '男', '2010-05-07', 'mail11868@test.com', '0918457854', 'C161718030', '1', '2023-03-03 08:50:32', '2023-03-04 22:43:11'),
(808, 'Logan', 'male.jpg', 'member175112', 'pass8871', '沈承翰', '男', '2009-08-13', 'mail87700@test.com', '0918483671', 'A135044189', '2', '2023-03-03 08:50:32', '2023-03-04 08:57:46'),
(809, 'Elijah', 'male.jpg', 'member932818', 'pass3529', '於宇軒', '男', '2005-11-23', 'mail97760@test.com', '0918932347', 'D109531666', '2', '2023-03-03 08:50:32', '2023-03-04 00:21:26'),
(810, 'Doris', 'female.jpg', 'member206888', 'pass1691', '黃怡萱', '女', '1998-01-17', 'mail35974@test.com', '0918214851', 'D237979280', '3', '2023-03-03 08:50:32', '2023-03-04 07:46:15'),
(811, 'Silas', 'male.jpg', 'member495677', 'pass3780', '張冠宇', '男', '2001-12-09', 'mail23591@test.com', '0918731054', 'C136513786', '2', '2023-03-03 08:50:32', '2023-03-04 14:17:28'),
(812, 'Bennett', 'male.jpg', 'member337309', 'pass4306', '宋家瑋', '男', '2005-09-30', 'mail57534@test.com', '0918562974', 'C161510266', '2', '2023-03-03 08:50:32', '2023-03-04 07:52:17'),
(813, 'Logan', 'male.jpg', 'member162316', 'pass4484', '張冠宇', '男', '1997-08-15', 'mail42539@test.com', '0918643467', 'B190265463', '2', '2023-03-03 08:50:32', '2023-03-04 12:06:38'),
(814, 'Elena', 'female.jpg', 'member658575', 'pass4664', '彭怡萱', '女', '2003-02-03', 'mail10781@test.com', '0918519570', 'D211326456', '3', '2023-03-03 08:50:32', '2023-03-04 10:01:09'),
(815, 'Danny', 'male.jpg', 'member407546', 'pass5789', '劉宇軒', '男', '2004-12-19', 'mail71435@test.com', '0918784324', 'D197693341', '3', '2023-03-03 08:50:32', '2023-03-04 13:01:41'),
(816, 'Beau', 'male.jpg', 'member427891', 'pass1232', '林家豪', '男', '2004-07-03', 'mail95197@test.com', '0918723408', 'B159474294', '2', '2023-03-03 08:50:32', '2023-03-04 09:21:08'),
(817, 'Riley', 'male.jpg', 'member296229', 'pass3495', '徐彥廷', '男', '1995-02-09', 'mail61297@test.com', '0918777551', 'A106806290', '1', '2023-03-03 08:50:32', '2023-03-04 04:38:57'),
(818, 'Bella', 'female.jpg', 'member166742', 'pass7760', '鄧宜庭', '女', '2021-11-02', 'mail79403@test.com', '0918363039', 'D201467039', '1', '2023-03-03 08:50:32', '2023-03-04 13:22:50');
INSERT INTO `member` (`membersid`, `memNickName`, `memHeadshot`, `memAccount`, `memPassword`, `memName`, `memGender`, `memBirth`, `memEmail`, `memMobile`, `memIdentity`, `memLevel`, `memCreatAt`, `memEditAt`) VALUES
(819, 'Kitty', 'female.jpg', 'member701909', 'pass6457', '蕭佳穎', '女', '2020-04-01', 'mail93072@test.com', '0918593502', 'D208717360', '2', '2023-03-03 08:50:32', '2023-03-04 08:02:57'),
(820, 'Luca', 'male.jpg', 'member693559', 'pass4964', '趙宗翰', '男', '2017-06-17', 'mail85667@test.com', '0918327014', 'D125890820', '1', '2023-03-03 08:50:32', '2023-03-04 06:59:13'),
(821, 'Kai', 'male.jpg', 'member361138', 'pass8073', '傅冠宇', '男', '2016-10-12', 'mail24650@test.com', '0918395163', 'C157626143', '2', '2023-03-03 08:50:32', '2023-03-04 20:00:29'),
(822, 'Ellie', 'female.jpg', 'member274441', 'pass9298', '曹鈺婷', '女', '1993-08-05', 'mail15546@test.com', '0918396631', 'B263323979', '3', '2023-03-03 08:50:32', '2023-03-04 23:05:13'),
(823, 'Scarlett', 'female.jpg', 'member443887', 'pass4043', '趙鈺婷', '女', '2016-11-11', 'mail67663@test.com', '0918873477', 'D228847876', '1', '2023-03-03 08:50:32', '2023-03-04 20:46:54'),
(824, 'Lucy', 'female.jpg', 'member887075', 'pass7486', '趙怡萱', '女', '2000-11-10', 'mail44328@test.com', '0918388049', 'C219095440', '1', '2023-03-03 08:50:32', '2023-03-04 04:06:32'),
(825, 'Bonnie', 'female.jpg', 'member347914', 'pass7421', '孫佳穎', '女', '1996-03-21', 'mail40006@test.com', '0918485353', 'A276207368', '1', '2023-03-03 08:50:32', '2023-03-04 19:13:09'),
(826, 'Sarah', 'female.jpg', 'member737137', 'pass7036', '楊雅婷', '女', '2011-05-21', 'mail68001@test.com', '0918185540', 'C218468849', '1', '2023-03-03 08:50:32', '2023-03-04 06:03:10'),
(827, 'Sebastian', 'male.jpg', 'member149109', 'pass1388', '曹冠廷', '男', '2004-12-03', 'mail10398@test.com', '0918689975', 'D131979048', '2', '2023-03-03 08:50:32', '2023-03-04 17:40:19'),
(828, 'Layla', 'female.jpg', 'member276419', 'pass9844', '梁雅筑', '女', '2018-11-21', 'mail64800@test.com', '0918385781', 'C241918276', '1', '2023-03-03 08:50:32', '2023-03-04 20:06:47'),
(829, 'Gary', 'male.jpg', 'member911934', 'pass6127', '呂冠廷', '男', '1990-06-23', 'mail20353@test.com', '0918709630', 'D149211843', '3', '2023-03-03 08:50:32', '2023-03-04 23:27:27'),
(830, 'Olivia', 'female.jpg', 'member311240', 'pass1752', '韓宜庭', '女', '2012-04-14', 'mail99931@test.com', '0918228542', 'A266928770', '3', '2023-03-03 08:50:32', '2023-03-04 04:50:11'),
(831, 'Bonnie', 'female.jpg', 'member466402', 'pass2627', '程雅筑', '女', '2004-07-10', 'mail66534@test.com', '0918595846', 'A228146683', '1', '2023-03-03 08:50:32', '2023-03-04 18:56:21'),
(832, 'Hannah', 'female.jpg', 'member603041', 'pass2593', '謝佳穎', '女', '1987-07-10', 'mail68403@test.com', '0918582919', 'D278159024', '3', '2023-03-03 08:50:32', '2023-03-04 19:27:42'),
(833, 'Aria', 'female.jpg', 'member797943', 'pass4466', '宋怡君', '女', '2014-07-14', 'mail51200@test.com', '0918783917', 'D280368814', '1', '2023-03-03 08:50:32', '2023-03-04 12:50:40'),
(834, 'Grayson', 'male.jpg', 'member460871', 'pass3340', '徐彥廷', '男', '2006-01-09', 'mail41382@test.com', '0918152303', 'A188412763', '2', '2023-03-03 08:50:32', '2023-03-04 20:04:52'),
(835, 'Stella', 'female.jpg', 'member919103', 'pass9989', '孫怡君', '女', '2015-04-13', 'mail89069@test.com', '0918856414', 'D247516404', '2', '2023-03-03 08:50:32', '2023-03-04 21:07:47'),
(836, 'John', 'male.jpg', 'member929732', 'pass6173', '黃彥廷', '男', '2014-01-03', 'mail44413@test.com', '0918617152', 'C131645036', '3', '2023-03-03 08:50:32', '2023-03-04 05:24:29'),
(837, 'Robert', 'male.jpg', 'member762803', 'pass1311', '朱宗翰', '男', '2003-06-01', 'mail77798@test.com', '0918386047', 'B142018965', '2', '2023-03-03 08:50:32', '2023-03-04 13:53:17'),
(838, 'Hunter', 'male.jpg', 'member235466', 'pass1479', '黃冠霖', '男', '1999-02-06', 'mail66094@test.com', '0918879111', 'A103248250', '3', '2023-03-03 08:50:32', '2023-03-04 05:18:45'),
(839, 'Elijah', 'male.jpg', 'member809732', 'pass1448', '孫彥廷', '男', '2013-01-29', 'mail64255@test.com', '0918216432', 'D151124838', '2', '2023-03-03 08:50:32', '2023-03-04 03:29:01'),
(840, 'Rebecca', 'female.jpg', 'member169184', 'pass2869', '鄧宜庭', '女', '1997-05-27', 'mail15625@test.com', '0918796067', 'D220581818', '1', '2023-03-03 08:50:32', '2023-03-04 02:37:28'),
(841, 'Scarlett', 'female.jpg', 'member606417', 'pass7650', '許詩涵', '女', '1997-09-26', 'mail56105@test.com', '0918319239', 'B271208822', '3', '2023-03-03 08:50:32', '2023-03-04 20:03:10'),
(842, 'Iris', 'female.jpg', 'member202169', 'pass1367', '袁雅婷', '女', '2005-04-18', 'mail98011@test.com', '0918168855', 'D241818890', '3', '2023-03-03 08:50:32', '2023-03-04 18:53:59'),
(843, 'Jessica', 'female.jpg', 'member235313', 'pass1484', '宋鈺婷', '女', '2021-08-27', 'mail53539@test.com', '0918233012', 'D253118254', '1', '2023-03-03 08:50:32', '2023-03-04 01:02:39'),
(844, 'Gianna', 'female.jpg', 'member920147', 'pass6478', '徐宜庭', '女', '2001-06-25', 'mail72626@test.com', '0918812531', 'A241503236', '1', '2023-03-03 08:50:32', '2023-03-04 07:08:19'),
(845, 'Julia', 'female.jpg', 'member955753', 'pass7808', '馮雅筑', '女', '1988-03-27', 'mail34839@test.com', '0918737032', 'C221831878', '3', '2023-03-03 08:50:32', '2023-03-04 11:36:51'),
(846, 'Isla', 'female.jpg', 'member137576', 'pass1274', '董雅筑', '女', '2006-05-04', 'mail30440@test.com', '0918910825', 'C299570914', '2', '2023-03-03 08:50:32', '2023-03-04 00:24:57'),
(847, 'Jacob', 'male.jpg', 'member115204', 'pass2425', '呂宇軒', '男', '2011-12-20', 'mail46254@test.com', '0918567531', 'A156839923', '2', '2023-03-03 08:50:32', '2023-03-04 04:23:22'),
(848, 'Kinsley', 'female.jpg', 'member298382', 'pass5420', '宋雅婷', '女', '1986-03-18', 'mail14034@test.com', '0918172432', 'D236052635', '3', '2023-03-03 08:50:32', '2023-03-04 10:14:55'),
(849, 'Elena', 'female.jpg', 'member108077', 'pass4961', '李詩涵', '女', '1996-06-16', 'mail87769@test.com', '0918705594', 'A249614654', '2', '2023-03-03 08:50:32', '2023-03-04 04:58:34'),
(850, 'Dana', 'female.jpg', 'member686686', 'pass7146', '蕭怡婷', '女', '1985-10-05', 'mail54344@test.com', '0918509985', 'A247045889', '2', '2023-03-03 08:50:32', '2023-03-04 13:36:43'),
(851, 'Kitty', 'female.jpg', 'member413731', 'pass3174', '唐郁婷', '女', '2013-03-07', 'mail80749@test.com', '0918759476', 'B297360912', '2', '2023-03-03 08:50:32', '2023-03-04 13:35:11'),
(852, 'Claire', 'female.jpg', 'member113595', 'pass1030', '何雅婷', '女', '2017-01-08', 'mail61645@test.com', '0918381832', 'D213218351', '3', '2023-03-03 08:50:32', '2023-03-04 21:23:51'),
(853, 'Alexander', 'male.jpg', 'member513913', 'pass9306', '唐冠霖', '男', '2004-12-27', 'mail55145@test.com', '0918648571', 'B190622233', '1', '2023-03-03 08:50:32', '2023-03-04 16:20:39'),
(854, 'Logan', 'male.jpg', 'member317334', 'pass1781', '彭柏翰', '男', '2012-06-21', 'mail57646@test.com', '0918887022', 'C118964149', '2', '2023-03-03 08:50:32', '2023-03-04 09:13:19'),
(855, 'Alice', 'female.jpg', 'member215314', 'pass2887', '於雅婷', '女', '1993-05-01', 'mail41568@test.com', '0918736980', 'B246293185', '1', '2023-03-03 08:50:32', '2023-03-04 18:29:59'),
(856, 'Lucy', 'female.jpg', 'member566232', 'pass6488', '黃宜庭', '女', '2002-01-12', 'mail17549@test.com', '0918214269', 'B234514945', '2', '2023-03-03 08:50:32', '2023-03-04 04:34:34'),
(857, 'Camila', 'female.jpg', 'member245625', 'pass4264', '於雅筑', '女', '2007-01-20', 'mail31992@test.com', '0918480495', 'A224067967', '3', '2023-03-03 08:50:32', '2023-03-04 13:18:11'),
(858, 'Melody', 'female.jpg', 'member156539', 'pass7383', '李怡婷', '女', '2003-02-20', 'mail65816@test.com', '0918617023', 'D212998567', '3', '2023-03-03 08:50:32', '2023-03-04 21:44:22'),
(859, 'Harper', 'female.jpg', 'member708255', 'pass3281', '黃佳穎', '女', '1988-01-12', 'mail36724@test.com', '0918239584', 'D220191453', '1', '2023-03-03 08:50:32', '2023-03-04 05:11:24'),
(860, 'Nora', 'female.jpg', 'member150387', 'pass4693', '曾詩涵', '女', '2011-09-24', 'mail64975@test.com', '0918463893', 'A246600464', '2', '2023-03-03 08:50:32', '2023-03-04 16:02:23'),
(861, 'Maria', 'female.jpg', 'member150891', 'pass1769', '郭鈺婷', '女', '2021-04-27', 'mail51564@test.com', '0918778062', 'A270463482', '3', '2023-03-03 08:50:32', '2023-03-04 11:47:57'),
(862, 'Clare', 'female.jpg', 'member743678', 'pass5228', '吳怡君', '女', '2014-08-16', 'mail73003@test.com', '0918190511', 'A231684320', '3', '2023-03-03 08:50:32', '2023-03-04 04:06:21'),
(863, 'Sebastian', 'male.jpg', 'member378383', 'pass8153', '林宗翰', '男', '2017-01-05', 'mail84749@test.com', '0918918871', 'C165799087', '2', '2023-03-03 08:50:32', '2023-03-04 11:15:47'),
(864, 'Theodore', 'male.jpg', 'member551216', 'pass9974', '許宗翰', '男', '2015-11-04', 'mail37469@test.com', '0918354266', 'D184564253', '3', '2023-03-03 08:50:32', '2023-03-04 09:37:40'),
(865, 'Charlie', 'male.jpg', 'member444865', 'pass6479', '楊家瑋', '男', '2001-06-05', 'mail76956@test.com', '0918668515', 'A107251523', '3', '2023-03-03 08:50:32', '2023-03-04 04:36:41'),
(866, 'Zoey', 'female.jpg', 'member197141', 'pass8432', '宋佳穎', '女', '1993-07-23', 'mail64301@test.com', '0918222928', 'C266425589', '3', '2023-03-03 08:50:32', '2023-03-04 06:37:23'),
(867, 'Silas', 'male.jpg', 'member869835', 'pass9421', '鄭宇軒', '男', '2020-02-02', 'mail56824@test.com', '0918948873', 'B166829230', '1', '2023-03-03 08:50:32', '2023-03-04 11:34:12'),
(868, 'Doris', 'female.jpg', 'member695970', 'pass3722', '許佳穎', '女', '2021-03-20', 'mail65384@test.com', '0918886920', 'B249612697', '3', '2023-03-03 08:50:32', '2023-03-04 15:38:23'),
(869, 'Jade', 'female.jpg', 'member282067', 'pass4677', '楊雅筑', '女', '1987-06-25', 'mail33107@test.com', '0918756083', 'B279528520', '2', '2023-03-03 08:50:32', '2023-03-04 04:27:36'),
(870, 'Amy', 'female.jpg', 'member458359', 'pass1382', '朱怡婷', '女', '2010-04-15', 'mail51929@test.com', '0918771317', 'C265203764', '3', '2023-03-03 08:50:32', '2023-03-04 22:43:20'),
(871, 'Alice', 'female.jpg', 'member995110', 'pass5115', '傅雅筑', '女', '2002-10-05', 'mail25075@test.com', '0918707685', 'D217439969', '1', '2023-03-03 08:50:32', '2023-03-04 10:07:05'),
(872, 'Iris', 'female.jpg', 'member198842', 'pass6523', '馬怡君', '女', '2015-11-21', 'mail10789@test.com', '0918848439', 'D261485485', '2', '2023-03-03 08:50:32', '2023-03-04 06:24:21'),
(873, 'Camila', 'female.jpg', 'member199880', 'pass2827', '黃鈺婷', '女', '2012-04-02', 'mail65315@test.com', '0918301267', 'D208356806', '1', '2023-03-03 08:50:32', '2023-03-04 21:30:22'),
(874, 'Roman', 'male.jpg', 'member308774', 'pass8207', '羅家豪', '男', '1991-03-26', 'mail48056@test.com', '0918273132', 'D125078229', '3', '2023-03-03 08:50:32', '2023-03-04 01:44:35'),
(875, 'Kinsley', 'female.jpg', 'member398180', 'pass4194', '徐佳穎', '女', '1996-04-03', 'mail76276@test.com', '0918424215', 'C285440307', '3', '2023-03-03 08:50:32', '2023-03-04 00:08:24'),
(876, 'Camila', 'female.jpg', 'member441743', 'pass2741', '董詩涵', '女', '2009-11-12', 'mail85849@test.com', '0918335270', 'C240841095', '1', '2023-03-03 08:50:32', '2023-03-04 09:21:46'),
(877, 'Maya', 'female.jpg', 'member276292', 'pass1945', '何怡萱', '女', '2015-10-23', 'mail47153@test.com', '0918798130', 'D297459365', '2', '2023-03-03 08:50:32', '2023-03-04 09:00:17'),
(878, 'Kinsley', 'female.jpg', 'member653720', 'pass2804', '胡怡萱', '女', '2004-03-29', 'mail28409@test.com', '0918996872', 'C282891461', '1', '2023-03-03 08:50:32', '2023-03-04 08:35:31'),
(879, 'Sarah', 'female.jpg', 'member599216', 'pass9619', '傅雅筑', '女', '1997-10-20', 'mail23941@test.com', '0918782424', 'C277819057', '1', '2023-03-03 08:50:32', '2023-03-04 21:40:42'),
(880, 'Sofia', 'female.jpg', 'member339306', 'pass4663', '馮怡君', '女', '2018-10-07', 'mail37831@test.com', '0918569167', 'D284113195', '1', '2023-03-03 08:50:32', '2023-03-04 13:54:45'),
(881, 'Doris', 'female.jpg', 'member120212', 'pass4420', '胡雅筑', '女', '1997-12-03', 'mail33885@test.com', '0918813583', 'A221126512', '1', '2023-03-03 08:50:32', '2023-03-04 10:57:25'),
(882, 'William', 'male.jpg', 'member871447', 'pass3653', '王承翰', '男', '1998-07-08', 'mail44169@test.com', '0918917812', 'C154190632', '3', '2023-03-03 08:50:32', '2023-03-04 12:23:14'),
(883, 'Camila', 'female.jpg', 'member283023', 'pass4289', '孫郁婷', '女', '2002-04-03', 'mail25392@test.com', '0918894088', 'B230129524', '2', '2023-03-03 08:50:32', '2023-03-04 06:13:57'),
(884, 'Asher', 'male.jpg', 'member547322', 'pass4535', '孫冠廷', '男', '1986-09-27', 'mail95881@test.com', '0918317359', 'A102083284', '1', '2023-03-03 08:50:32', '2023-03-04 08:43:46'),
(885, 'Amelia', 'female.jpg', 'member748722', 'pass9681', '趙怡婷', '女', '1988-05-16', 'mail38438@test.com', '0918852156', 'C287478278', '1', '2023-03-03 08:50:32', '2023-03-04 08:49:30'),
(886, 'Doris', 'female.jpg', 'member943244', 'pass8990', '宋詩涵', '女', '1999-09-01', 'mail28009@test.com', '0918974158', 'B278861673', '2', '2023-03-03 08:50:32', '2023-03-04 11:40:40'),
(887, 'Alice', 'female.jpg', 'member895490', 'pass7211', '何宜庭', '女', '2004-03-18', 'mail21910@test.com', '0918359528', 'C253117800', '2', '2023-03-03 08:50:32', '2023-03-04 09:36:47'),
(888, 'Parker', 'male.jpg', 'member882501', 'pass6085', '彭冠宇', '男', '2015-02-08', 'mail99698@test.com', '0918572283', 'A191748965', '2', '2023-03-03 08:50:32', '2023-03-04 02:04:35'),
(889, 'Sofia', 'female.jpg', 'member298118', 'pass6595', '林怡萱', '女', '1999-04-24', 'mail92345@test.com', '0918798378', 'C290712532', '1', '2023-03-03 08:50:32', '2023-03-04 10:14:59'),
(890, 'Ezra', 'male.jpg', 'member254222', 'pass8879', '傅宇軒', '男', '1985-08-05', 'mail87727@test.com', '0918742636', 'D121836886', '3', '2023-03-03 08:50:32', '2023-03-04 23:29:34'),
(891, 'Elizabeth', 'female.jpg', 'member839840', 'pass5556', '黃雅婷', '女', '2006-03-08', 'mail63411@test.com', '0918458701', 'C220555045', '1', '2023-03-03 08:50:32', '2023-03-04 16:55:11'),
(892, 'Carol', 'female.jpg', 'member238919', 'pass5325', '趙佳穎', '女', '2006-06-21', 'mail11304@test.com', '0918683894', 'D221130337', '3', '2023-03-03 08:50:32', '2023-03-04 09:25:33'),
(893, 'Adam', 'male.jpg', 'member144937', 'pass1379', '鄧柏翰', '男', '1997-04-25', 'mail55651@test.com', '0918260241', 'C157946539', '1', '2023-03-03 08:50:32', '2023-03-04 08:21:32'),
(894, 'Jacob', 'male.jpg', 'member510629', 'pass8955', '周彥廷', '男', '2008-06-11', 'mail63664@test.com', '0918714343', 'D183737818', '3', '2023-03-03 08:50:32', '2023-03-04 14:05:25'),
(895, 'Elizabeth', 'female.jpg', 'member789170', 'pass3892', '黃鈺婷', '女', '1998-09-17', 'mail80951@test.com', '0918171539', 'A281835818', '3', '2023-03-03 08:50:32', '2023-03-04 08:41:17'),
(896, 'Joseph', 'male.jpg', 'member157037', 'pass9578', '羅冠廷', '男', '2014-03-20', 'mail97903@test.com', '0918321369', 'B191181675', '3', '2023-03-03 08:50:32', '2023-03-04 22:39:37'),
(897, 'Stella', 'female.jpg', 'member420235', 'pass7509', '彭詩涵', '女', '2013-09-28', 'mail20933@test.com', '0918342046', 'C263140739', '1', '2023-03-03 08:50:32', '2023-03-04 08:05:56'),
(898, 'Gina', 'female.jpg', 'member573214', 'pass9451', '趙詩涵', '女', '2021-02-03', 'mail78368@test.com', '0918702744', 'A204799502', '3', '2023-03-03 08:50:32', '2023-03-04 13:21:29'),
(899, 'Levi', 'male.jpg', 'member591468', 'pass5289', '曾冠霖', '男', '2020-08-17', 'mail25627@test.com', '0918508586', 'B166521536', '1', '2023-03-03 08:50:32', '2023-03-04 00:07:55'),
(900, 'Camila', 'female.jpg', 'member715183', 'pass1658', '吳怡君', '女', '2001-11-04', 'mail20604@test.com', '0918409392', 'A280041424', '2', '2023-03-03 08:50:32', '2023-03-04 18:52:24'),
(901, 'Emma', 'female.jpg', 'member898880', 'pass5917', '黃詩涵', '女', '2012-09-18', 'mail72137@test.com', '0918956414', 'C234211799', '2', '2023-03-03 08:50:32', '2023-03-04 00:58:34'),
(902, 'Ezra', 'male.jpg', 'member369004', 'pass8417', '趙柏翰', '男', '2022-10-31', 'mail60010@test.com', '0918185590', 'B119986128', '3', '2023-03-03 08:50:32', '2023-03-04 17:49:33'),
(903, 'River', 'male.jpg', 'member717514', 'pass7276', '林冠宇', '男', '2016-05-03', 'mail32987@test.com', '0918147775', 'D179891465', '2', '2023-03-03 08:50:32', '2023-03-04 23:02:12'),
(904, 'Benjamin', 'male.jpg', 'member975334', 'pass7976', '趙家豪', '男', '2002-05-19', 'mail38353@test.com', '0918770793', 'A186466877', '3', '2023-03-03 08:50:32', '2023-03-04 17:52:10'),
(905, 'Grace', 'female.jpg', 'member743767', 'pass1973', '蕭怡君', '女', '1993-07-08', 'mail24102@test.com', '0918521648', 'B218159521', '1', '2023-03-03 08:50:32', '2023-03-04 15:27:03'),
(906, 'Daisy', 'female.jpg', 'member184612', 'pass8579', '高雅筑', '女', '1992-07-20', 'mail93947@test.com', '0918343551', 'C230121059', '3', '2023-03-03 08:50:32', '2023-03-04 15:17:54'),
(907, 'Sophia', 'female.jpg', 'member760843', 'pass9413', '李郁婷', '女', '1986-09-03', 'mail22746@test.com', '0918653638', 'B200861043', '3', '2023-03-03 08:50:32', '2023-03-04 05:06:07'),
(908, 'Ella', 'female.jpg', 'member358630', 'pass9733', '王鈺婷', '女', '1985-04-13', 'mail70649@test.com', '0918673617', 'A259943093', '2', '2023-03-03 08:50:32', '2023-03-04 05:57:54'),
(909, 'Gary', 'male.jpg', 'member788519', 'pass8645', '何家豪', '男', '1998-06-09', 'mail89877@test.com', '0918615576', 'D116745046', '1', '2023-03-03 08:50:32', '2023-03-04 00:39:31'),
(910, 'Maya', 'female.jpg', 'member406190', 'pass8060', '鄭雅婷', '女', '2003-06-16', 'mail13858@test.com', '0918601986', 'D268032457', '2', '2023-03-03 08:50:32', '2023-03-04 15:01:50'),
(911, 'Cooper', 'male.jpg', 'member960187', 'pass7909', '袁冠宇', '男', '1986-04-04', 'mail44739@test.com', '0918715927', 'B181010029', '1', '2023-03-03 08:50:32', '2023-03-04 07:41:31'),
(912, 'Adam', 'male.jpg', 'member756483', 'pass3940', '趙冠廷', '男', '2007-01-17', 'mail44310@test.com', '0918903176', 'C128040624', '3', '2023-03-03 08:50:32', '2023-03-04 04:30:13'),
(913, 'Elizabeth', 'female.jpg', 'member580026', 'pass1526', '鄧宜庭', '女', '1992-09-14', 'mail15089@test.com', '0918377095', 'C261801726', '1', '2023-03-03 08:50:32', '2023-03-04 17:58:11'),
(914, 'Owen', 'male.jpg', 'member418839', 'pass7112', '傅家豪', '男', '2012-03-24', 'mail76841@test.com', '0918211036', 'C162400026', '1', '2023-03-03 08:50:32', '2023-03-04 10:47:39'),
(915, 'Maria', 'female.jpg', 'member421268', 'pass9941', '羅郁婷', '女', '2014-03-09', 'mail55614@test.com', '0918135986', 'B239603200', '1', '2023-03-03 08:50:32', '2023-03-04 22:40:24'),
(916, 'Hannah', 'female.jpg', 'member525808', 'pass5130', '袁鈺婷', '女', '2007-11-12', 'mail13794@test.com', '0918485659', 'B216926647', '2', '2023-03-03 08:50:32', '2023-03-04 15:05:27'),
(917, 'Mateo', 'male.jpg', 'member705822', 'pass7394', '宋承翰', '男', '2002-02-17', 'mail48173@test.com', '0918347352', 'D114299734', '1', '2023-03-03 08:50:32', '2023-03-04 11:11:26'),
(918, 'Flora', 'female.jpg', 'member372193', 'pass6588', '唐雅婷', '女', '2011-01-30', 'mail85697@test.com', '0918333107', 'D204855293', '1', '2023-03-03 08:50:32', '2023-03-04 21:02:24'),
(919, 'Camila', 'female.jpg', 'member416143', 'pass2076', '曹怡君', '女', '1994-10-11', 'mail10087@test.com', '0918711943', 'D209379647', '2', '2023-03-03 08:50:32', '2023-03-04 08:27:26'),
(920, 'Bess', 'female.jpg', 'member348747', 'pass2432', '鄧宜庭', '女', '2021-01-18', 'mail32089@test.com', '0918888977', 'C298640811', '1', '2023-03-03 08:50:32', '2023-03-04 22:58:57'),
(921, 'Camila', 'female.jpg', 'member560226', 'pass9681', '徐佳穎', '女', '1999-12-13', 'mail46369@test.com', '0918988275', 'B265205075', '3', '2023-03-03 08:50:32', '2023-03-04 15:57:01'),
(922, 'Rylee', 'female.jpg', 'member332058', 'pass2382', '林佳穎', '女', '1987-06-16', 'mail96568@test.com', '0918109599', 'C245074322', '1', '2023-03-03 08:50:32', '2023-03-04 08:27:47'),
(923, 'Jameson', 'male.jpg', 'member527192', 'pass8193', '趙柏翰', '男', '2017-08-19', 'mail25116@test.com', '0918823753', 'C139438119', '1', '2023-03-03 08:50:32', '2023-03-04 06:20:58'),
(924, 'Roman', 'male.jpg', 'member376819', 'pass3476', '楊宇軒', '男', '2000-12-10', 'mail30501@test.com', '0918570929', 'A111894688', '1', '2023-03-03 08:50:32', '2023-03-04 09:22:05'),
(925, 'Bennett', 'male.jpg', 'member147378', 'pass7476', '許彥廷', '男', '1996-04-27', 'mail19941@test.com', '0918307854', 'D164422228', '2', '2023-03-03 08:50:32', '2023-03-04 05:42:06'),
(926, 'Katherine', 'female.jpg', 'member360736', 'pass4033', '林雅筑', '女', '2000-04-15', 'mail81262@test.com', '0918774143', 'D203699535', '2', '2023-03-03 08:50:32', '2023-03-04 01:13:48'),
(927, 'Hank', 'male.jpg', 'member691249', 'pass8107', '趙家瑋', '男', '1985-08-04', 'mail73652@test.com', '0918246479', 'C111578915', '2', '2023-03-03 08:50:32', '2023-03-04 19:11:38'),
(928, 'Emily', 'female.jpg', 'member621374', 'pass8329', '曾雅婷', '女', '1996-09-14', 'mail52270@test.com', '0918646144', 'B297680076', '2', '2023-03-03 08:50:32', '2023-03-04 11:13:54'),
(929, 'Lucas', 'male.jpg', 'member932960', 'pass4311', '曹彥廷', '男', '1993-06-17', 'mail75135@test.com', '0918262079', 'C122399614', '3', '2023-03-03 08:50:32', '2023-03-04 15:09:59'),
(930, 'Abigail', 'female.jpg', 'member966663', 'pass3905', '宋佳穎', '女', '2010-04-17', 'mail58346@test.com', '0918348755', 'C252570720', '2', '2023-03-03 08:50:32', '2023-03-04 21:46:20'),
(931, 'Jacob', 'male.jpg', 'member860728', 'pass3725', '曹承翰', '男', '1989-10-25', 'mail10367@test.com', '0918511088', 'D132268881', '1', '2023-03-03 08:50:32', '2023-03-04 03:05:10'),
(932, 'Natalia', 'female.jpg', 'member901694', 'pass7900', '於佳穎', '女', '2019-09-02', 'mail16372@test.com', '0918530688', 'C249547772', '3', '2023-03-03 08:50:32', '2023-03-04 05:52:47'),
(933, 'Sarah', 'female.jpg', 'member280981', 'pass4225', '袁怡君', '女', '1995-07-23', 'mail77085@test.com', '0918165408', 'A233296099', '3', '2023-03-03 08:50:32', '2023-03-04 18:48:50'),
(934, 'Jordan', 'male.jpg', 'member433435', 'pass2302', '周承翰', '男', '2005-03-16', 'mail47073@test.com', '0918889305', 'C151055449', '3', '2023-03-03 08:50:32', '2023-03-04 17:37:40'),
(935, 'Alice', 'female.jpg', 'member325812', 'pass2401', '林郁婷', '女', '1999-07-26', 'mail92248@test.com', '0918314783', 'B223670009', '2', '2023-03-03 08:50:32', '2023-03-04 18:39:51'),
(936, 'Maya', 'female.jpg', 'member165583', 'pass3118', '袁怡君', '女', '2021-06-13', 'mail13407@test.com', '0918194251', 'C281368360', '3', '2023-03-03 08:50:32', '2023-03-04 17:48:25'),
(937, 'Andrew', 'male.jpg', 'member519739', 'pass5489', '曾彥廷', '男', '2016-06-28', 'mail62806@test.com', '0918167705', 'D116578778', '3', '2023-03-03 08:50:32', '2023-03-04 01:11:11'),
(938, 'Katherine', 'female.jpg', 'member196855', 'pass7712', '劉怡君', '女', '2012-07-25', 'mail93400@test.com', '0918703711', 'B298934008', '2', '2023-03-03 08:50:32', '2023-03-04 04:40:15'),
(939, 'Charlotte', 'female.jpg', 'member270233', 'pass2820', '鄧雅婷', '女', '1992-07-21', 'mail36593@test.com', '0918521668', 'B297474581', '2', '2023-03-03 08:50:32', '2023-03-04 02:06:12'),
(940, 'Maya', 'female.jpg', 'member814822', 'pass6416', '陳雅筑', '女', '2014-12-27', 'mail91143@test.com', '0918696816', 'A272701979', '2', '2023-03-03 08:50:32', '2023-03-04 09:54:40'),
(941, 'Miles', 'male.jpg', 'member408693', 'pass5606', '韓冠霖', '男', '1999-08-14', 'mail55558@test.com', '0918330943', 'B166576030', '3', '2023-03-03 08:50:32', '2023-03-04 08:55:56');

-- --------------------------------------------------------

--
-- 資料表結構 `order_summary`
--

CREATE TABLE `order_summary` (
  `orderSid` int(5) NOT NULL,
  `memberSid` int(4) NOT NULL COMMENT '會員編號',
  `gameSid` int(4) NOT NULL COMMENT '遊戲編號',
  `checkPrice` int(5) NOT NULL COMMENT '金額',
  `checkQuantity` int(2) NOT NULL COMMENT '遊玩人數',
  `orderState` int(255) NOT NULL COMMENT '訂單狀態',
  `orderTime` varchar(255) NOT NULL COMMENT '預約時間',
  `orderDate` varchar(255) NOT NULL,
  `orderUsername` varchar(255) NOT NULL,
  `orderPhone` varchar(255) NOT NULL,
  `orderAdress` varchar(255) NOT NULL,
  `orderEmail` varchar(255) NOT NULL,
  `orderRemark` varchar(255) DEFAULT NULL,
  `orderDiscount` int(11) DEFAULT NULL,
  `create_at` datetime NOT NULL
) ENGINE=InnoDB DEFAULT CHARSET=utf8mb4 COLLATE=utf8mb4_general_ci;

--
-- 傾印資料表的資料 `order_summary`
--

INSERT INTO `order_summary` (`orderSid`, `memberSid`, `gameSid`, `checkPrice`, `checkQuantity`, `orderState`, `orderTime`, `orderDate`, `orderUsername`, `orderPhone`, `orderAdress`, `orderEmail`, `orderRemark`, `orderDiscount`, `create_at`) VALUES
(1677779977, 555, 2, 2360, 3, 0, '11:00', '2023-3-15', '我是誰', '0911011821', '台北市松山區南京東路五段399號九樓11', 'mail39422@test.com', '', 1, '2023-03-03 00:00:00'),
(1677780068, 555, 193, 960, 3, 1, '11:00', '2023-3-4', '嬰兒', '0911011821', '台北市松山區南京東路五段399號九樓11', 'mail39422@test.com', '', 1, '2023-03-03 02:01:09'),
(1677795801, 555, 193, 1210, 3, 1, '15:30', '2023-3-18', '我是誰', '0911011821', '台北市松山區南京東路五段399號九樓11', 'mail39422@test.com', '', 2, '2023-03-03 06:23:21'),
(1677806990, 555, 3, 2360, 3, 1, '11:30', '2023-3-8', '我是POST', '0915045767', '新竹市南大路241號3樓', '121@gmail.com', '', 50, '2023-03-03 09:29:50'),
(1677807581, 555, 173, 1980, 3, 1, '15:00', '2023-3-4', '我是get ', '0910545120', '新竹市南大路241號3樓', '121@gmail.comaaa', '', 50, '2023-03-03 09:39:41');

-- --------------------------------------------------------

--
-- 資料表結構 `payment_types`
--

CREATE TABLE `payment_types` (
  `paymentTypeSid` int(11) NOT NULL,
  `paymentTypeName` varchar(255) NOT NULL COMMENT '付款方式名稱',
  `paymentTypeImg` varchar(255) NOT NULL COMMENT '付款方式圖片名稱',
  `created_at` datetime NOT NULL DEFAULT current_timestamp() COMMENT '新增時間',
  `updated_at` datetime NOT NULL COMMENT '更新時間'
) ENGINE=InnoDB DEFAULT CHARSET=utf8mb4 COLLATE=utf8mb4_general_ci;

--
-- 傾印資料表的資料 `payment_types`
--

INSERT INTO `payment_types` (`paymentTypeSid`, `paymentTypeName`, `paymentTypeImg`, `created_at`, `updated_at`) VALUES
(1, 'Line pay', 'payment_type_LinePay.png\n', '2023-03-02 16:08:02', '2023-03-02 16:07:33');

-- --------------------------------------------------------

--
-- 資料表結構 `sessions`
--

CREATE TABLE `sessions` (
  `session_id` varchar(128) CHARACTER SET utf8mb4 COLLATE utf8mb4_bin NOT NULL,
  `expires` int(11) UNSIGNED NOT NULL,
  `data` mediumtext CHARACTER SET utf8mb4 COLLATE utf8mb4_bin DEFAULT NULL
) ENGINE=InnoDB DEFAULT CHARSET=utf8mb4 COLLATE=utf8mb4_general_ci;

-- --------------------------------------------------------

--
-- 資料表結構 `store`
--

CREATE TABLE `store` (
  `storeSid` int(11) NOT NULL COMMENT '工作室編號',
  `storeName` varchar(50) NOT NULL COMMENT '工作室店名',
  `storeAccount` varchar(50) NOT NULL COMMENT '工作室帳號',
  `storePassword` varchar(50) NOT NULL COMMENT '工作室密碼',
  `storeLeader` varchar(50) NOT NULL COMMENT '工作室負責人',
  `storeLeaderId` varchar(10) NOT NULL COMMENT '工作室負責人身分證',
  `storeMobile` varchar(13) NOT NULL COMMENT '工作室電話號碼',
  `storeCity` varchar(3) NOT NULL COMMENT '縣市',
  `storeAddress` varchar(50) NOT NULL COMMENT '工作室地址',
  `storelat` varchar(255) DEFAULT NULL COMMENT '經度',
  `storelon` varchar(255) DEFAULT NULL COMMENT '緯度',
  `storeEmail` varchar(50) NOT NULL COMMENT '工作室信箱',
  `storeTime` varchar(15) NOT NULL COMMENT '工作室營業時間',
  `storeRest` varchar(255) DEFAULT NULL COMMENT '工作室公休時間',
  `storeWebsite` varchar(255) NOT NULL COMMENT '工作室官網',
  `storeLogo` varchar(255) NOT NULL COMMENT '工作室Logo',
  `storeNews` varchar(255) NOT NULL COMMENT '工作室資訊',
  `storeCreatedAt` datetime NOT NULL DEFAULT current_timestamp() COMMENT '新增時間',
  `storeEditAt` datetime NOT NULL DEFAULT current_timestamp() COMMENT '更新時間'
) ENGINE=InnoDB DEFAULT CHARSET=utf8mb4 COLLATE=utf8mb4_general_ci;

--
-- 傾印資料表的資料 `store`
--

INSERT INTO `store` (`storeSid`, `storeName`, `storeAccount`, `storePassword`, `storeLeader`, `storeLeaderId`, `storeMobile`, `storeCity`, `storeAddress`, `storelat`, `storelon`, `storeEmail`, `storeTime`, `storeRest`, `storeWebsite`, `storeLogo`, `storeNews`, `storeCreatedAt`, `storeEditAt`) VALUES
(1, '笨蛋工作室密室逃脫', 'hahaha999', 'qeony02277', '郭重源', 'B151398766', '02-87874387', '台北市', '台北市松山區南京東路五段399號九樓', '25.051750574685638', '121.56963105542764', 'hahaha999@gmail.com', '10:00-21:00', '', 'https://www.stupidparticle.com/?utm_source=EscapeBar&utm_medium=referral&utm_campaign=EscapeBarFirmPage', 'Logo01.jpg', '為什麼叫『笨蛋工作室』？\r\n\r\n我們認為，笨蛋是一種精神、一種勇氣！平常熱情瘋狂的我們，腦中充滿天馬行空的 idea，無論多瘋狂的創意，都要試著去實現。這就是StupidParticle的笨蛋精神！\r\n\r\n『笨蛋』也代表著無論如何，都要堅持快樂的勇氣，快樂永遠都是生活中最重要的元素，但有太多人因為忙碌的生活而失去了追逐快樂的勇氣。笨蛋工作室致力於開發最多元的娛樂方式，堅持原創，全新風格的玩法，身歷其境的臨場體驗，將帶給你前所未有的震撼！', '2022-12-10 09:10:00', '2023-03-08 05:17:48'),
(2, '哇沙謎創意工作室', 'rinn888', 'r610xy5xz0', '侯政澤', 'B151398766', '04-83421127', '台中市', '台中市北區永興街370號B1-4', '24.168293845474782', '120.68317835541639', 'rinn888@gmail.com', '10:00-22:00', '', 'https://www.facebook.com/wasabicreative/', 'Logo02.jpg', '??七月起，冒險王主題統一酌收訂金2000元！以保障工作室營運以及每一位想玩冒險王的玩家。\n??冒險王七∼十二月可預約的場次在預約系統上都看的到喔∼不能選擇擇的場次表示已經有人預約，如有釋出場次都會在我們的IG限時動態公告，大家可以多多關注我們??', '2022-12-10 11:10:00', '2022-12-10 11:30:00'),
(3, 'FunLock 放樂工作室', 'FunLock', 'd8mouyoh', '段毅祥', 'B154718171', '04-82429752', '台中市', '台中市西區公益路130號3樓', '24.1510666323307', '120.66048792361798', 'funlock@gmail.com', '13:00-21:00', '', 'https://funlockstudio.com/?utm_source=EscapeBar&utm_medium=referral&utm_campaign=EscapeBarFirmPage', 'Logo03.jpg', '活著就是要玩，玩出自己的人生！\n\n《FunLock活動創意社》成立於2013年，將原是網路解謎遊戲的密室逃脫搬到現實世界，推出第一代密室逃脫遊戲-「糖果屋脫出」，玩家必須在規定的時間內尋找關鍵線索 破解謎題，最終逃離房間。透過精心設計的機關，期許讓更多的玩家體驗到遊戲的樂趣！\n\n於2016年正名為《FunLock放樂工作室》', '2022-12-10 11:15:00', '2022-12-10 11:45:00'),
(4, '智慧獵人', 'apple0918', 'rs99qod5', '戴和宇', 'A111169799', '02-25337817', '台北市', '台北市中山區明水路581巷15號B1', '25.080331225681654', '121.55087715358181', 'apple0918@gmail.com', '10:00-22:00', '週四公休', 'https://www.wisdomhunter.me/?utm_source=EscapeBar&utm_medium=referral&utm_campaign=EscapeBarFirmPage', 'Logo04.jpg', '我們致力於將腦中的故事情境，無論是歡樂、溫馨或是驚悚、刺激，還是糾結、痛心的劇情，都能夠以電影般的特效呈現，在設計中不斷挑戰自己，期待能夠在每一款遊戲中創造出更多種不同的可能性。\n\n也期望每一位玩家不僅是因為遊戲體驗能夠笑著離開，更會因為智慧獵人每一位獨特的說書者「透明人」感到記憶深刻。', '2022-12-10 13:20:20', '2022-12-12 11:10:00'),
(5, '神不在場實境遊戲', 'bssardino123', 'q98069a1', '謝文中', 'J108310904', '02-25337817', '台北市', '台北市中山區明水路581巷15號B1', '25.08029235663239', '121.55099517076887', 'bssardino123@gmail.com', '13:00-22:00', '週四公休', 'https://www.taog-game.com/?utm_source=EscapeBar&utm_medium=referral&utm_campaign=EscapeBarFirmPage', 'Logo05.jpg', '關於神不在場實境遊戲\n我們是一群熱愛玩遊戲的人，所以也想能做出好玩的遊戲讓大家玩！\n\n於是開始致力創作有趣的實境遊戲，並且多方嘗試設計新型態的實體遊戲體驗。\n\n我們期待能在這科技發達、虛擬世界蓬勃的世代，\n\n能讓人與人之間的連結彼此貼近、與實體空間的互動更加緊密。', '2022-12-11 09:10:00', '2022-12-12 11:10:00'),
(6, 'LoGin密室逃脫', 'LoGin', 'jaxim292t', '蔡築萱', 'T205679577', '02-28404406', '新北市', '新北市中和區連城路52號4樓', '25.001960277887516', '121.49803936892148', 'login@gmail.com', '10:00-22:00', '', 'https://loginescape.com.tw/?utm_source=EscapeBar&utm_medium=referral&utm_campaign=EscapeBarFirmPage', 'Logo06.jpg', '用初心琢磨每一處細節的密室逃脫團隊－LoGin 登入工作室', '2022-12-12 11:10:00', '2022-12-12 11:10:00'),
(7, '邏思起子實境遊戲工作室', 'batra0423', 'dtaod4gg', '許唯鴻', 'A139546829', '02-54988799', '台北市', '台北市松山區南京東路五段66巷12弄10號', '25.050664080150586', '121.5601859535815', 'batra0423@gmail.com', '10:00-21:00', '', 'https://rostartgames.com/?utm_source=EscapeBar&utm_medium=referral&utm_campaign=EscapeBarFirmPage', 'Logo07.jpg', '我們是一群熱血的年輕人，充滿著對這個世界的奇思妙想。\n現在我們成立『邏思起子』\n希望把我們對生活中覺得有趣、酷炫的idea一點一滴的實現出來。\n如同一個簡單的羅賴把配上螺絲釘可以組裝起一間夢想城堡。\n在這個夢想空間中 我們想與玩家一起分享我們的創意、快樂與感動。\n因為你們的快樂就是我們的快樂', '2022-12-11 11:30:00', '2022-12-12 11:10:00'),
(8, '玩笑實驗室', 'dfef488151', 'lsvzxvb5ip', '廖怡昀', 'X222022725', '02-26598383', '台北市', '台北市內湖區內湖路一段136號1樓 ', '25.082898342321037', '121.5639753400874', 'dfef488151@gmail.com', '13:00-22:00', '', 'https://wanxiao.tw/?utm_source=EscapeBar&utm_medium=referral&utm_campaign=EscapeBarFirmPage', 'Logo08.png', '《玩笑》熱愛縝密設計活動\n從構思故事謎題、道具機關，雖然生產速度不快，\n但有自信帶給玩家有品質的體驗\n\n為什麼想開《玩笑》？\n因為做密室逃脫非常需要不斷地實驗與挑戰！\n我們打造的空間\n是能激發玩家想像力、團結力的益智活動\n我們的目標很簡單：讓玩家們跌！破！眼！鏡！\n瘋狂《玩》瘋狂《笑》', '2022-12-12 11:10:00', '2022-12-12 11:10:00'),
(9, '頂級豬排工作室', 'bobo567', 'oxju1091w', '鐘允逢', 'F145082662', '02-25332629', '台北市', '台北市萬華區康定路64號2樓/4樓/9樓', '25.042468746109485', '121.50227926892204', 'bobo567@gmail.com', '10:00-22:00', '', 'http://thekingpork.com/?action=index', 'Logo09.jpg', '頂級豬排遊戲工作室由一群熱愛遊戲的小夥伴組成，我們致力於形形色色各式各樣的主題，力求帶給來訪的玩家們新奇有趣的體驗。\n有些時候我們為了簡單的細節吵的不可開交；其他時候我們在腦力激盪後癱軟成一團，然後然後，在客人玩得開心露出笑容時在旁喜孜孜的唱跳著。\n繼續努力前進，希望大家會喜歡我們呈現的創意饗宴。', '2022-12-12 11:10:00', '2022-12-12 11:10:00'),
(10, 'Miss GAME', 'calderoni123', 'q4il773cd', '簡育凡', 'T141882185', '02-64063654', '台北市', '台北市中山區大直街9巷7弄4號1樓', '25.080966749535847', '121.54708598241714', 'calderoni123@gmail.com', '11:00-23:00', '', 'https://www.missgame.com.tw/?utm_source=EscapeBar&utm_medium=referral&utm_campaign=EscapeBarFirmPage', 'Logo10.jpg', 'Miss GAME(密室逃脫)自2013年暑假正式營運，係首度將密室逃脫依系列遊戲方式呈現之工作室，首創大型機關X故事情節X雙脫出！超越單純逃脫遊戲，更勝一場精采電影！\n\nMiss GAME期待透過每次的遊戲，不只讓玩家享受愉快的遊戲過程，更能帶走一個獨特的故事，並能傳遞正向並溫暖的訊息給每一位參與的人。', '2022-12-12 11:10:00', '2022-12-12 11:10:00'),
(11, '黑盒子工作室', 'horse0407', 'pluny80sd', '簡翔渝', 'W241691831', '04-22938533', '台中市', '台中市北區華美街二段236號B1', '24.170451302183917', '120.66704366891108', 'horse0407@gmail.com', '10:00-22:00', '週四公休', 'https://www.mindinblackbox.com/?utm_source=EscapeBar&utm_medium=referral&utm_campaign=EscapeBarFirmPage', 'Logo11.jpg', '挑戰固著思維/體驗全新故事/\n\n若人心是不可觸的黑盒子\n\n我們就是監製鑰匙的鎖匠\n\n為參與者打開黑色舞台的序幕\n\n讓人享受灰色腦細胞的衝突感', '2022-12-12 11:10:00', '2022-12-12 11:10:00'),
(12, '神話密室脫逃工坊', 'kioo84', 'ohnk3xnf3yk', '孫珮諠', 'K218275817', '04-22032113', '台中市', '台中市北區民權路559號4F ', '24.16192479567659', '120.67031205541667', 'kioo84@gmail.com', '13:00-21:00', '', 'https://www.facebook.com/MYTH.WorkingHouse/', 'Logo12.jpg', '\n準備好進入遠古神話的探險了嗎?\n傳說 宇宙初開，萬物復甦 人們口耳相傳的古老傳說 籠罩著神秘的色彩', '2022-12-12 11:10:00', '2022-12-12 11:10:00'),
(13, 'Escer異世客密室逃脫工作室', 'Escer67', 'j1e42hl52', '文智詳', 'B117851028', '04-91660236', '台中市', '台中市南區忠明南路758號4樓', '24.123339576274507', '120.65998755541614', 'escer67@gmail.com', '10:00-22:00', '週二公休', 'https://escer.com.tw/?utm_source=EscapeBar&utm_medium=referral&utm_campaign=EscapeBarFirmPage', 'Logo13.jpg', '以異世為名，希望大家可以暫時脫離現實，沉浸在想像的世界裡無法自拔\n說到逃脫，英文就會想到Escape，而縮寫正是ESC。以店名來講好像少了什麼，於是靈機一動，就在字尾加了er，變成了Escer-逃脫者，就這樣產生了自創詞，也正式成為我們的店名。而當初成立的宗旨就是希望可以讓玩家們享受我們精心設計的幻想世界裡，有種到了異世界的感覺，恰好Escer音譯聽起來很像異世客，跟我們的中心思想不謀而合!有種命運注定的感覺呢!', '2022-12-12 11:10:00', '2022-12-12 11:10:00'),
(14, '夢罟密室逃脫', 'dream', 'vf91yj0gt', '文婉玲', 'V231457021', '07-8621255', '高雄市', '高雄市三民區長明街311號', '22.63850530716717', '120.30412129772787', 'dream@gmail.com', '11:00-21:00', '', 'https://dreamcatcher311313.wixsite.com/mysite?utm_source=EscapeBar&utm_medium=referral&utm_campaign=EscapeBarFirmPage', 'Logo14.jpg', '夢罟，或稱捕夢網。\n捕夢網的用意為捕捉好夢，驅除壞夢。又有祈求平安帶來好運的意思。由三個喜愛密室逃脫的女孩子一點一滴的動手編織一個個美夢，期望將所有好夢帶給每個玩家。', '2022-12-12 11:10:00', '2022-12-12 11:10:00'),
(15, '說故事工作室', 'asdfg1234', 'k6h9bh', '呂雨晨', 'W230953017', '04-22953878', '台中市', '台中市北區山西路一段51號B1', '24.165661784390867', '120.67526478425178', 'asdfg1234@gmail.com', '13:00-22:00', '', 'https://www.facebook.com/SoGoodsStudio', 'Logo15.jpg', '一場密室逃脫就像一本故事書\nSo Goods 說故事工作室\n呈現許多精彩的故事\n邀請您踏入書本的奇幻世界中\n品味每一個時刻', '2022-12-12 11:10:00', '2022-12-12 11:10:00'),
(16, '夢遊王國', 'sleepgame', 'l3y405gtr', '趙芷汝', 'T219625612', '02-25529422', '台北市', '台北市大同區延平北路二段202號3樓', '25.058952952860135', '121.51138279520353', 'sleepgame@gmail.com', '10:00-21:00', '', 'https://dream94zz.com/?utm_source=EscapeBar&utm_medium=referral&utm_campaign=EscapeBarFirmPage', 'Logo16.jpg', '【夢遊王國 – 實境遊戲主題館】\n歡迎來到夢遊王國！\n在這裡，你可以體驗各式各樣的夢境；\n無論美夢惡夢，都將是無比真實的刺激冒險！', '2022-12-12 11:10:00', '2022-12-12 11:10:00'),
(17, '謎書狗工作室', 'doggame', 'vsj02spdv', '傅豐和', 'X157813009', '02-29069630', '台北市', '台北市長安東路二段215號5樓之8', '25.048399464176715', '121.54453282659257', 'doggame@gmail.com', '11:00-22:00', '', 'https://www.facebook.com/MSGO0501/', 'Logo17.jpeg', '密室GO~謎書狗工作室12/01(三)\n正式開始試營運，相關資訊持續更新\n體驗遊戲?', '2022-12-12 11:10:00', '2022-12-12 11:10:00'),
(18, 'Mystoto Escape Games 密室逃脫', 'Mystoto', 'qd69eu2ey', '金沅鋒', 'E106241297', '07-5369979', '高雄市', '高雄市苓雅區中華四路2號B1', '22.611934989279465', '120.30296054190352', 'mystoto@gmail.com', '15:00-22:00', '週一公休', 'https://www.mystotoescape.com/?utm_source=EscapeBar&utm_medium=referral&utm_campaign=EscapeBarFirmPage', 'Logo18.jpg', '精心設計邏輯性系列謎題，讓您完全進入遊戲劇情以及真實情境互動的遊戲體驗。', '2022-12-12 11:10:00', '2022-12-12 11:10:00'),
(19, '頭癮創意遊戲', 'backres', 'd02v1uh1', '朱士齊', 'J132518101', '02-20968056', '台北市', '台北市士林區文林路661巷39弄23號1樓 ', '25.100363599616387', '121.52232736892277', 'backres@gmail.com', '10:00-20:00', '', 'https://hddcncreatives.wixsite.com/hddcngames?utm_source=EscapeBar&utm_medium=referral&utm_campaign=EscapeBarFirmPage', 'Logo19.png', '密室逃脫遊戲為近幾年新興的實境團體益智遊戲，將您曾經在電腦上玩過的遊戲場景搬至現實生活當中，由您與好隊友們一起參加遊玩。\n遊戲過程將帶給您許多藉由分工合作、有效溝通、邏輯聯想而得到的成就感和體驗樂趣，和朋友與家人一起在五花八 門的遊戲場景當中過關斬將，在時間內一一解開每道謎題。將大家的智囊集結於一， 加上與大家同心協力，就會是成功逃脫的關鍵哦！', '2022-12-12 11:10:00', '2022-12-12 11:10:00'),
(20, 'A5 Studio-全員脫逃中', 'A5Studio', 'j99wdego3', '陳欣妘', 'O244931497', '03-4668702', '桃園市', '桃園市中壢區中北路2段434號8F', '24.9543892112486', '121.23318585542641', 'A5Studio@gmail.com', '13:00-22:00', '週二公休', 'https://booking.a5studio.com.tw/?utm_source=EscapeBar&utm_medium=referral&utm_campaign=EscapeBarFirmPage', 'Logo20.jpg', '桃園第一實境密室逃脫遊戲', '2022-12-12 11:10:00', '2022-12-12 11:10:00'),
(21, 'QhAt帽子烤密室工廠', 'qhat', 'lkcr4mh8f', '郭榕蔚', 'Z246514205', '02-25337817', '台北市', '台北市中山區明水路581巷15號B1', '25.080204901226463', '121.55095225542813', 'qhat0402@gmail.com', '13:00-22:00', '週四公休', 'https://qhatex.tw/?utm_source=EscapeBar&utm_medium=referral&utm_campaign=EscapeBarFirmPage', 'Logo21.png', '在沒有出口的密室不斷尋找線索\n解開前人留下的Questions，\n找出屬於你的Answer。\n\n善用你腦中的火焰，任何細節可能都是關鍵。\nQhAt帽子烤工廠，邀你一起烤出真相！！', '2022-12-12 11:10:00', '2022-12-12 11:10:00'),
(22, 'Escapeholics 密室逃脫 EPIC', 'escapeholics', 'j9r0xb', '周詩絜', 'J237263774', '03-5165187', '新竹市', '新竹市東區光復路2段200號2樓208號', '24.794271463782252 ', '121.00050745542451', 'escapeholics@gmail.com', '14:00-22:00', '', 'https://www.facebook.com/Escapeholics/', 'Logo22.jpg', 'Escapeholics // 讓你瘋狂上癮的密室逃脫 !\n密室逃脫Ｘ遊戲設計Ｘ活動策劃Ｘ跨界合作Ｘ遊戲行銷\n\n“小心、這是一個會讓人瘋狂上癮的遊戲！”\n2015年 10個熱愛密室逃脫的好友們，一起征戰了許多密室後，實在太想把他們對密室逃脫的癡迷傳教給世人，於是創立了 Escapeholics。', '2022-12-12 11:10:00', '2022-12-12 11:10:00'),
(23, '格林跳-真實密室遊戲', 'grimmgame', 'kugpi43ey', '柯慶文', 'U158549936', '03-2540305', '新竹市', '新竹市東區民權路62號', '24.806878061795842', '120.97630559775419', 'grimmgame@gmail.com', '13:00-22:00', '週一公休', 'https://www.grimmtell.com/?utm_source=EscapeBar&utm_medium=referral&utm_campaign=EscapeBarFirmPage', 'Logo23.jpg', '2013年一個偶然的契機，我們踏入了實境遊戲這個新冒出的產業，一群人在相聚之餘設計著不同遊戲，想讓更多人知道密室遊戲的魅力。\n2016年我們正式從原本的”台灣逃脫”改名為【格林跳】，確立了我們在這個產業中的風格定位。\n　\n?格林跳是什麼？想帶給玩家什麼樣的感覺？\n　\n【格林】代表了一個創作故事的團隊，【跳】既是「tell」也是「tale」的諧音，而【跳】則是遊戲的動作。\n【格林跳】這三個字是我們的核心目標：說故事的遊戲。\n\n?作為一個實境遊戲產業的業者，我們不斷在思考如何運用遊戲設計來影響社會，\n不談嚴肅', '2022-12-12 11:10:00', '2022-12-12 11:10:00'),
(24, '玩出計畫創意工作室', 'momata', 'pp1btnfcbb', '羅翔駿', 'E130380249', '07-5561140', '高雄市', '高雄市左營區忠貞街54號', '22.658573886646188', '120.3082521553986', 'momata@gmail.com', '10:00-21:00', '', 'https://onesplan.com.tw/?utm_source=EscapeBar&utm_medium=referral&utm_campaign=EscapeBarFirmPage', 'Logo24.jpeg', '沉浸式體驗｜密室脫逃｜桌上遊戲｜大型展場活動', '2022-12-12 11:10:00', '2022-12-12 11:10:00'),
(25, 'Througher 穿越者', 'Throughe', 'vfj06bvj', '包佑宇', 'H108755313', '02-29566636', '新北市', '新北市板橋區館前東路8號B1', '25.00719571481903', '121.45986829775674', 'Throughe@gmail.com', '13:00-22:00', '', 'https://througher.com.tw/?utm_source=EscapeBar&utm_medium=referral&utm_campaign=EscapeBarFirmPage', 'Logo25.jpg', 'Througher? ? ?穿越者 實境密室逃脫\n\n你有一天聽說，世上存在無數平行世界。\n而你，具備穿越到那些平行世界的資格。\n你會怎麼做？\n是優游平行世界當一個穿越者？\n是留在原來世界當一個普通人？\n何謂?Througher？\nThrough? 意思是?穿越?\n當你成功穿越時空，我們稱之為：?Througher穿越者\n\n歡迎來到?Througher?穿越者-實境密室逃脫', '2022-12-12 11:10:00', '2022-12-12 11:10:00'),
(26, '謀殺衛斯理工作室', 'wasele45', 'jr2u8jx9', '錢柔慧', 'U209634066', '03-4361246', '桃園市', '桃園市中壢區大仁一街5號', '24.954079184014425', '121.2429108265912', 'wasele45@gmail.com', '10:00-23:00', '', 'https://mwlarp.com/?utm_source=EscapeBar&utm_medium=referral&utm_campaign=EscapeBarFirmPage', 'Logo26.jpg', '2019年九月，一個創意有限卻富有執行力的團隊，憑藉著八年的桌遊店經營經驗、一顆熱愛劇本殺的赤子之心，在臺北市大同區成立「衛斯理探案館」，正式為臺灣劇本殺實體店家揭開序章。短短兩年，在全臺已經擁有三家分店（天祥館、中原館、明曜館）。\n\n　　自工作室成立以來，便流傳著一個都市傳說。據說2017年有一名衛姓少年參加桌遊店員工旅遊時，攜帶了一個無人知其名號的遊戲：「劇本殺」。兩天一夜的旅程結束後，那名衛姓少年瘋狂地邀請朋友前來體驗劇本殺，一時之間，桌遊店出現各式各樣穿越而來的人，有的身著長袍馬褂一開口便要分遺產', '2022-12-12 11:10:00', '2022-12-12 11:10:00'),
(27, 'Loop迴圈工作室', 'loopwhile', 'qvjj3hy', '莫凱謙', 'W121779823', '04-22937588', '台中市', '台中市北屯區文心路四段81號17樓', '24.17425416031284', '120.672626740076', 'loopwhile@gmail.com', '10:00-22:00', '', 'https://loopescape.com/?utm_source=EscapeBar&utm_medium=referral&utm_campaign=EscapeBarFirmPage', 'Logo27.jpg', '一群瘋密室逃脫的好友，\n有的期待機關，有的著重謎題，\n有的計較故事。\n我們將您帶入場景，\n用謎題讓你思考，\n用機關讓您驚艷，\n?佐故事讓您留戀。\n我們將帶給您前所未見的\n?逃脫成功快感。', '2022-12-12 11:10:00', '2022-12-12 11:10:00'),
(28, '謎鹿實境遊戲工作室', 'trsdfe55', 'r11k6lu93hm', '梁家昌', 'V106242118', '02-35045192', '新北市', '新北市永和區福和路297號B1', '25.007192814818403', '121.51656972659192', 'trsdfe55@gmail.com', '10:00-22:00', '', 'https://mysterymoosegame.wixsite.com/game?utm_source=EscapeBar&utm_medium=referral&utm_campaign=EscapeBarFirmPage', 'Logo28.jpg', '還記得在電腦前玩得密室逃脫遊戲嗎\n是否希望能親自感受有如電影裡的情境空間\n這次您能身歷其境\n透過逼真的場景重現\n絢麗的燈光效果與您意想不到的機關\n和您最好的朋友組隊前來\n展現您們的團隊合作力量\n在精心打造的實境空間裡\n解開一道又一道的謎題\n了解故事的真相\n成為故事裡的大英雄', '2022-12-12 11:10:00', '2022-12-12 11:10:00'),
(29, 'CANPASS密室逃脫', 'canpass', 'd24b9ay', '阮君妮', 'E229087337', '07-9107489', '高雄市', '高雄市苓雅區光華一路206號24F-1', '22.629118485158557', '120.31385404005759', 'canpass@gmail.com', '10:00-20:00', '', 'http://canpass.com.tw/?utm_source=EscapeBar&utm_medium=referral&utm_campaign=EscapeBarFirmPage', 'Logo29.jpg', '我們是Canpass密室逃脫工作室，我們希望帶給玩家一個有趣、刺激、新鮮的密室逃脫體驗，因此除了普通的鑰匙或是密碼鎖外，更致力於獨立開發新型的電子機關鎖。', '2022-12-12 11:10:00', '2022-12-12 11:10:00'),
(30, '1798真人實境遊戲', 'game1798', 'vu7uz53tf', '唐嘉鋒', 'V121777505', '07-5321798', '高雄市', '高雄市鹽埕區河西路103號B1F', '22.628228693977015', '120.28668351306862', 'game1798@gmail.com', '11:00-22:00', '', 'http://www.1798escape.com/?utm_source=EscapeBar&utm_medium=referral&utm_campaign=EscapeBarFirmPage', 'Logo30.jpeg', '1798諧音可轉譯出一起走吧的字音，我們非常著迷和伙伴面對謎題，解謎後的成就感及過程， 誠摯的希望這樣的遊戲體驗能夠和您分享，期待您也能和夥伴好友們，成功一起走到密室的最後。', '2022-12-12 11:10:00', '2022-12-12 11:10:00'),
(31, '4FunBase 創意基地 密室逃脫', '4FunBase', 'krr95iow', '胡皓宸', 'I218711437', '02-28721778', '台北市', '台北市大安區敦化南路一段295巷42號B1', '25.03537340480303', '121.55123988426259', '4FunBase@gmail.com', '11:00-22:00', '', 'https://4funbase.wixsite.com/realgame?utm_source=EscapeBar&utm_medium=referral&utm_campaign=EscapeBarFirmPage', 'Logo31.jpg', '4fun Base 致力於創造「有溫度」的真實互動遊戲，希望大家在追逐工作與生活的忙碌之餘，透過遊戲過程，能夠找回赤子之心，增進情誼，保持歡笑，與身邊的人創造特別的回憶。', '2022-12-12 11:10:00', '2022-12-12 11:10:00'),
(32, 'Limitless Escape Room 極限密室', 'Limitless', 'oon30661d', '崔婷媛', 'H253240930', '02-23676737', '台北市', '台北市汀洲路三段188號3樓之3', '25.01272003874721', '121.53477136892158', 'Limitless@gmail.com', '11:00-22:00', '', 'https://www.facebook.com/LimitlessEscapeRoom/', 'Logo32.jpg', '密室逃脫 (必須先預約)\n2個主題:\n[瞞天越獄] 團隊逃獄\n[搜索令] 驚悚偵探', '2022-12-12 11:10:00', '2022-12-12 11:10:00'),
(33, '貝爾豪斯工作室', 'fula78', 'koigibue', '詹亦忻', 'Q247245452', '02-22988287', '新北市', '新北市板橋區宏國路64巷4號', '25.03169952621432', '121.46922725542747', 'fula78@gmail.com', '10:00-21:00', '', 'https://www.facebook.com/bearhorse2014/', 'Logo33.jpg', '貝爾豪斯工作室專注於\n開發與傳統密室體驗不同的實境遊戲，\n並著重【解謎趣味】、【故事性】的開發設計，\n從生活中的深刻經驗取材，\n要給你最獨特的一段旅程！\n\n本工作室的主旨，\n就是「尋找謎與人的連結」，\n希望喜歡我們理念的朋友，\n用力按「讚」、「分享」，\n給我們前進的動力！', '2022-12-12 11:10:00', '2022-12-12 11:10:00'),
(34, '許多門實境解謎', 'qatama33', 'qam4507h', '馬儷蓉', 'E220731325', '07-5812073', '高雄市', '高雄市左營區站前北路1號3F', '22.687563982446225', '120.30679852656381', 'qatama33@gmail.com', '11:00-22:00', '', 'https://www.doorsss.com/?utm_source=EscapeBar&utm_medium=referral&utm_campaign=EscapeBarFirmPage', 'Logo34.jpg', '結合『實境解謎』+『團體動力』\n\n『許多門』從2013年11月開始\n\n已經設計過十多個完全不同風格的挑戰主題\n\n提供超過12萬人次以上的挑戰經驗！\n\n打造各種原創的情境和謎題，\n\n並結合多年團體動力的教學經驗，設計出新型態的創意溝通方式。\n\n精緻的佈置和遊戲內容，絕對讓挑戰者身歷其境，化身成為電影主角。', '2022-12-12 11:10:00', '2022-12-12 11:10:00'),
(35, '謎失工作室', 'dasdw8103', 'vxpzx3cjo', '劉銘漢', 'H119119814', '03-3408192', '桃園市', '桃園市平鎮區金陵路301號', '24.94366704018254', '121.22259305542629', 'dasdw8103@gmail.com', '11:00-22:00', '', 'https://www.facebook.com/profile.php?id=100064041674142', 'Logo35.jpg', '由熱愛密室逃脫的一群人合力打造??\n精緻的場景，讓你身歷其境絕無冷場??', '2022-12-12 11:10:00', '2022-12-12 11:10:00'),
(36, '純密室', 'puresecretroom', 'royx35q8hetc', '洪緯哲', 'H148046562', '03-4162115', '桃園市', '桃園市中壢區協同街95號1樓', '24.954890329627062', '121.2376266977562', 'puresecretroom@gmail.com', '13:00-22:00', '週二公休', 'https://www.facebook.com/chunsescaperoom', 'Logo36.jpeg', '這裡有一批很純的密室喔∼', '2022-12-12 11:10:00', '2022-12-12 11:10:00'),
(37, '胖胖工作室x密室逃脫 Fatmily', 'xoxo0808', 'sqx511atdr', '洪建寬', 'V122405044', '03-3553664', '桃園市', '桃園市中壢區新興路252號', '24.953944084014502', '121.22883032659142', 'xoxo0808@gmail.com', '10:00-22:00', '', 'https://www.fatmily.tw/?utm_source=EscapeBar&utm_medium=referral&utm_campaign=EscapeBarFirmPage', 'Logo37.jpg', '胖胖工作室致力於提供一個全新的空間，能讓更多的人感受獨一無二的密室逃脫體驗，並在過程中珍惜彼此的緣分\n\n我們誠摯的邀請您一同感受緣分的溫度 ??', '2022-12-12 11:10:00', '2022-12-12 11:10:00'),
(38, '爆炸先生密室逃脫工作室', 'kevin0205', 'pxp8drxm', '溫凱涵', 'M201547265', '07-2858226', '高雄市', '高雄市三民區建國三路46巷3號 ', '22.63847088735421', '120.30035245539827', 'kevin0205@gmail.com', '12:00-22:00', '', 'https://www.mr-bomb.com/?utm_source=EscapeBar&utm_medium=referral&utm_campaign=EscapeBarFirmPage', 'Logo38.jpg', '團隊發想初期是以想要給人們一種歡樂的氣氛為出發點，在團隊日朝夜想的爆炸先生就誕生了！\n在電腦、電視、手機幾乎佔據生活全部的一個時代\n工作室致力於創造一種人與人間最單純的互動。\n藉著遊戲，讓人們相聚\n藉著遊戲，讓人們面對面溝通\n藉著遊戲，讓人們互相協助\n藉著遊戲，讓人們找回人與人之間專屬的一種溫暖', '2022-12-12 11:10:00', '2022-12-12 11:10:00'),
(39, '藍色迴廊', 'penny2401', 'opshc0mn', '趙柏晨', 'C142737050', '02-21399716', '新北市', '新北市新莊區富國路59號2樓', '25.02616124086995', '121.41948066892198', 'penny2401@gmail.com', '10:00-21:00', '', 'https://hallway.com.tw/?utm_source=EscapeBar&utm_medium=referral&utm_campaign=EscapeBarFirmPage', 'Logo39.png', '藍色迴廊跨足密室逃脫與戶外實境解謎遊戲。\n我們有充足的設計經驗以及技術支援，能夠帶給玩家最貼近需求的遊戲體驗。\n\n我們關心每一個玩家的心情，用心服務每一位來玩的玩家。\n這也是為什麼開業三年多以來，數千人次的體驗，獲得玩家一致好評。\n\n因此，為了響應各位的期待，我們一直不斷的在研發新的遊戲與活動，請繼續給藍色迴廊更多的支持！', '2022-12-12 11:10:00', '2022-12-12 11:10:00'),
(40, '代達洛斯工作室', 'mike22', 'rui3ag1e', '羅文獻', 'F120128470', '03-4031482', '新竹市', '新竹市南大路241號3樓', '24.798853784087648', '120.97190515542437', 'mike222@gmail.com', '11:00-23:00', '每週三公休', 'https://www.facebook.com/profile.php?id=100075865605948', 'Logo40.png', '古希臘神話中代達洛斯在克里特島上建造了一座迷宮困住了牛頭人工作室取名代達洛斯取寓意建造迷宮的人讓密室逃脫不只是一款遊戲，更包含一個故事、一段回憶。', '2022-12-12 11:10:00', '2022-12-14 16:13:54');

--
-- 已傾印資料表的索引
--

--
-- 資料表索引 `admin`
--
ALTER TABLE `admin`
  ADD PRIMARY KEY (`sid`),
  ADD UNIQUE KEY `account` (`account`);

--
-- 資料表索引 `collect`
--
ALTER TABLE `collect`
  ADD PRIMARY KEY (`collectSid`);

--
-- 資料表索引 `comment`
--
ALTER TABLE `comment`
  ADD PRIMARY KEY (`sid`);

--
-- 資料表索引 `comment_liked`
--
ALTER TABLE `comment_liked`
  ADD PRIMARY KEY (`sid`);

--
-- 資料表索引 `comment_ordered`
--
ALTER TABLE `comment_ordered`
  ADD PRIMARY KEY (`sid`);

--
-- 資料表索引 `comment_replied`
--
ALTER TABLE `comment_replied`
  ADD PRIMARY KEY (`sid`);

--
-- 資料表索引 `discount`
--
ALTER TABLE `discount`
  ADD PRIMARY KEY (`discountSid`);

--
-- 資料表索引 `discount_detail`
--
ALTER TABLE `discount_detail`
  ADD PRIMARY KEY (`discountID`);

--
-- 資料表索引 `games`
--
ALTER TABLE `games`
  ADD PRIMARY KEY (`gamesSid`);

--
-- 資料表索引 `gamesdifficulty`
--
ALTER TABLE `gamesdifficulty`
  ADD PRIMARY KEY (`gamesDifficultySid`);

--
-- 資料表索引 `gamesfeature01`
--
ALTER TABLE `gamesfeature01`
  ADD PRIMARY KEY (`gamesFeatureSid`);

--
-- 資料表索引 `gamesfeature02`
--
ALTER TABLE `gamesfeature02`
  ADD PRIMARY KEY (`gamesFeatureSid`);

--
-- 資料表索引 `gamessort`
--
ALTER TABLE `gamessort`
  ADD PRIMARY KEY (`gamesSortSid`);

--
-- 資料表索引 `gamestime`
--
ALTER TABLE `gamestime`
  ADD PRIMARY KEY (`gamesTimeSid`);

--
-- 資料表索引 `member`
--
ALTER TABLE `member`
  ADD PRIMARY KEY (`membersid`),
  ADD UNIQUE KEY `memAccount` (`memAccount`),
  ADD UNIQUE KEY `memIdentity` (`memIdentity`),
  ADD UNIQUE KEY `memIdentity_2` (`memIdentity`);

--
-- 資料表索引 `order_summary`
--
ALTER TABLE `order_summary`
  ADD PRIMARY KEY (`orderSid`);

--
-- 資料表索引 `payment_types`
--
ALTER TABLE `payment_types`
  ADD PRIMARY KEY (`paymentTypeSid`);

--
-- 資料表索引 `sessions`
--
ALTER TABLE `sessions`
  ADD PRIMARY KEY (`session_id`);

--
-- 資料表索引 `store`
--
ALTER TABLE `store`
  ADD PRIMARY KEY (`storeSid`);

--
-- 在傾印的資料表使用自動遞增(AUTO_INCREMENT)
--

--
-- 使用資料表自動遞增(AUTO_INCREMENT) `admin`
--
ALTER TABLE `admin`
  MODIFY `sid` int(11) NOT NULL AUTO_INCREMENT, AUTO_INCREMENT=2;

--
-- 使用資料表自動遞增(AUTO_INCREMENT) `collect`
--
ALTER TABLE `collect`
  MODIFY `collectSid` int(11) NOT NULL AUTO_INCREMENT COMMENT '收藏編號', AUTO_INCREMENT=3;

--
-- 使用資料表自動遞增(AUTO_INCREMENT) `comment`
--
ALTER TABLE `comment`
  MODIFY `sid` int(11) NOT NULL AUTO_INCREMENT, AUTO_INCREMENT=123;

--
-- 使用資料表自動遞增(AUTO_INCREMENT) `comment_liked`
--
ALTER TABLE `comment_liked`
  MODIFY `sid` int(255) NOT NULL AUTO_INCREMENT, AUTO_INCREMENT=123;

--
-- 使用資料表自動遞增(AUTO_INCREMENT) `comment_ordered`
--
ALTER TABLE `comment_ordered`
  MODIFY `sid` int(11) NOT NULL AUTO_INCREMENT, AUTO_INCREMENT=123;

--
-- 使用資料表自動遞增(AUTO_INCREMENT) `comment_replied`
--
ALTER TABLE `comment_replied`
  MODIFY `sid` int(11) NOT NULL AUTO_INCREMENT, AUTO_INCREMENT=125;

--
-- 使用資料表自動遞增(AUTO_INCREMENT) `discount`
--
ALTER TABLE `discount`
  MODIFY `discountSid` int(11) NOT NULL AUTO_INCREMENT, AUTO_INCREMENT=70;

--
-- 使用資料表自動遞增(AUTO_INCREMENT) `discount_detail`
--
ALTER TABLE `discount_detail`
  MODIFY `discountID` int(11) NOT NULL AUTO_INCREMENT, AUTO_INCREMENT=25;

--
-- 使用資料表自動遞增(AUTO_INCREMENT) `games`
--
ALTER TABLE `games`
  MODIFY `gamesSid` int(11) NOT NULL AUTO_INCREMENT, AUTO_INCREMENT=224;

--
-- 使用資料表自動遞增(AUTO_INCREMENT) `gamesdifficulty`
--
ALTER TABLE `gamesdifficulty`
  MODIFY `gamesDifficultySid` int(11) NOT NULL AUTO_INCREMENT, AUTO_INCREMENT=7;

--
-- 使用資料表自動遞增(AUTO_INCREMENT) `gamesfeature01`
--
ALTER TABLE `gamesfeature01`
  MODIFY `gamesFeatureSid` int(11) NOT NULL AUTO_INCREMENT, AUTO_INCREMENT=29;

--
-- 使用資料表自動遞增(AUTO_INCREMENT) `gamesfeature02`
--
ALTER TABLE `gamesfeature02`
  MODIFY `gamesFeatureSid` int(11) NOT NULL AUTO_INCREMENT, AUTO_INCREMENT=29;

--
-- 使用資料表自動遞增(AUTO_INCREMENT) `gamessort`
--
ALTER TABLE `gamessort`
  MODIFY `gamesSortSid` int(11) NOT NULL AUTO_INCREMENT, AUTO_INCREMENT=124;

--
-- 使用資料表自動遞增(AUTO_INCREMENT) `gamestime`
--
ALTER TABLE `gamestime`
  MODIFY `gamesTimeSid` int(11) NOT NULL AUTO_INCREMENT, AUTO_INCREMENT=5;

--
-- 使用資料表自動遞增(AUTO_INCREMENT) `member`
--
ALTER TABLE `member`
  MODIFY `membersid` int(11) NOT NULL AUTO_INCREMENT COMMENT '會員sid', AUTO_INCREMENT=942;

--
-- 使用資料表自動遞增(AUTO_INCREMENT) `order_summary`
--
ALTER TABLE `order_summary`
  MODIFY `orderSid` int(5) NOT NULL AUTO_INCREMENT, AUTO_INCREMENT=1677807582;

--
-- 使用資料表自動遞增(AUTO_INCREMENT) `payment_types`
--
ALTER TABLE `payment_types`
  MODIFY `paymentTypeSid` int(11) NOT NULL AUTO_INCREMENT, AUTO_INCREMENT=2;

--
-- 使用資料表自動遞增(AUTO_INCREMENT) `store`
--
ALTER TABLE `store`
  MODIFY `storeSid` int(11) NOT NULL AUTO_INCREMENT COMMENT '工作室編號', AUTO_INCREMENT=58;
COMMIT;

/*!40101 SET CHARACTER_SET_CLIENT=@OLD_CHARACTER_SET_CLIENT */;
/*!40101 SET CHARACTER_SET_RESULTS=@OLD_CHARACTER_SET_RESULTS */;
/*!40101 SET COLLATION_CONNECTION=@OLD_COLLATION_CONNECTION */;
